-- phpMyAdmin SQL Dump
-- version 4.9.7
-- https://www.phpmyadmin.net/
--
-- Servidor: localhost:3306
-- Tiempo de generación: 21-03-2022 a las 22:35:34
-- Versión del servidor: 10.3.34-MariaDB-cll-lve
-- Versión de PHP: 7.3.33

SET SQL_MODE = "NO_AUTO_VALUE_ON_ZERO";
SET AUTOCOMMIT = 0;
START TRANSACTION;
SET time_zone = "+00:00";


/*!40101 SET @OLD_CHARACTER_SET_CLIENT=@@CHARACTER_SET_CLIENT */;
/*!40101 SET @OLD_CHARACTER_SET_RESULTS=@@CHARACTER_SET_RESULTS */;
/*!40101 SET @OLD_COLLATION_CONNECTION=@@COLLATION_CONNECTION */;
/*!40101 SET NAMES utf8mb4 */;

--
-- Base de datos: `nowenso2_u`
--

-- --------------------------------------------------------

--
-- Estructura de tabla para la tabla `acceactos`
--

CREATE TABLE `acceactos` (
  `id` bigint(20) UNSIGNED NOT NULL,
  `actiacce_id` int(10) UNSIGNED NOT NULL COMMENT 'IDENTIFICADOR DEL ACCESO',
  `actor_id` int(10) UNSIGNED NOT NULL COMMENT 'IDENTIFICADOR DEL ACTOR',
  `created_at` timestamp NULL DEFAULT NULL,
  `updated_at` timestamp NULL DEFAULT NULL
) ENGINE=MyISAM DEFAULT CHARSET=utf8mb4 COLLATE=utf8mb4_unicode_ci;

--
-- Volcado de datos para la tabla `acceactos`
--

INSERT INTO `acceactos` (`id`, `actiacce_id`, `actor_id`, `created_at`, `updated_at`) VALUES
(1, 1, 1, '2022-03-09 22:49:31', '2022-03-09 22:49:31'),
(2, 1, 8, '2022-03-09 22:49:31', '2022-03-12 08:05:40'),
(3, 2, 1, '2022-03-09 22:49:31', '2022-03-09 22:49:31'),
(4, 2, 2, '2022-03-09 22:49:31', '2022-03-09 22:49:31'),
(5, 3, 3, '2022-03-09 22:49:31', '2022-03-11 22:06:40'),
(6, 3, 4, '2022-03-09 22:49:31', '2022-03-11 22:14:48'),
(7, 4, 1, '2022-03-09 22:49:31', '2022-03-09 22:49:31'),
(8, 4, 2, '2022-03-09 22:49:31', '2022-03-09 22:49:31'),
(9, 5, 1, '2022-03-09 22:49:31', '2022-03-09 22:49:31'),
(54, 5, 8, '2022-03-12 09:13:49', '2022-03-12 09:13:49'),
(11, 6, 1, '2022-03-09 22:49:31', '2022-03-09 22:49:31'),
(12, 6, 2, '2022-03-09 22:49:31', '2022-03-09 22:49:31'),
(13, 7, 1, '2022-03-09 22:49:31', '2022-03-09 22:49:31'),
(14, 7, 2, '2022-03-09 22:49:31', '2022-03-09 22:49:31'),
(15, 8, 1, '2022-03-09 22:49:31', '2022-03-09 22:49:31'),
(16, 8, 2, '2022-03-09 22:49:31', '2022-03-09 22:49:31'),
(17, 9, 1, '2022-03-09 22:49:31', '2022-03-09 22:49:31'),
(18, 9, 2, '2022-03-09 22:49:31', '2022-03-09 22:49:31'),
(19, 10, 1, '2022-03-09 22:49:31', '2022-03-09 22:49:31'),
(20, 10, 2, '2022-03-09 22:49:31', '2022-03-09 22:49:31'),
(21, 11, 1, '2022-03-09 22:49:31', '2022-03-09 22:49:31'),
(22, 11, 2, '2022-03-09 22:49:31', '2022-03-09 22:49:31'),
(23, 12, 1, '2022-03-09 22:49:31', '2022-03-09 22:49:31'),
(24, 12, 2, '2022-03-09 22:49:31', '2022-03-09 22:49:31'),
(25, 13, 1, '2022-03-09 22:49:31', '2022-03-09 22:49:31'),
(26, 13, 2, '2022-03-09 22:49:31', '2022-03-09 22:49:31'),
(27, 14, 1, '2022-03-09 22:49:31', '2022-03-09 22:49:31'),
(28, 14, 2, '2022-03-09 22:49:31', '2022-03-09 22:49:31'),
(29, 15, 1, '2022-03-09 22:49:31', '2022-03-09 22:49:31'),
(30, 15, 2, '2022-03-09 22:49:31', '2022-03-09 22:49:31'),
(31, 16, 1, '2022-03-09 22:49:31', '2022-03-09 22:49:31'),
(32, 16, 2, '2022-03-09 22:49:31', '2022-03-09 22:49:31'),
(33, 17, 1, '2022-03-09 22:49:31', '2022-03-09 22:49:31'),
(34, 17, 2, '2022-03-09 22:49:31', '2022-03-09 22:49:31'),
(35, 18, 1, '2022-03-09 22:49:31', '2022-03-09 22:49:31'),
(36, 18, 2, '2022-03-09 22:49:31', '2022-03-09 22:49:31'),
(37, 19, 1, '2022-03-09 22:49:31', '2022-03-09 22:49:31'),
(38, 19, 2, '2022-03-09 22:49:31', '2022-03-09 22:49:31'),
(39, 20, 1, '2022-03-09 22:49:31', '2022-03-09 22:49:31'),
(40, 20, 2, '2022-03-09 22:49:31', '2022-03-09 22:49:31'),
(41, 22, 6, '2022-03-12 07:38:38', '2022-03-12 07:39:02'),
(42, 1, 7, '2022-03-12 08:10:16', '2022-03-12 08:10:16'),
(43, 2, 8, '2022-03-12 08:32:15', '2022-03-12 08:32:21'),
(44, 2, 7, '2022-03-12 08:33:15', '2022-03-12 08:33:15'),
(45, 21, 3, '2022-03-12 08:43:18', '2022-03-12 08:43:18'),
(46, 21, 4, '2022-03-12 08:45:30', '2022-03-12 08:45:30'),
(47, 21, 5, '2022-03-12 08:47:04', '2022-03-12 08:47:04'),
(48, 21, 2, '2022-03-12 08:51:32', '2022-03-12 08:51:32'),
(49, 4, 9, '2022-03-12 08:58:00', '2022-03-12 08:58:00'),
(50, 4, 10, '2022-03-12 09:02:08', '2022-03-12 09:02:08'),
(51, 4, 11, '2022-03-12 09:03:19', '2022-03-12 09:03:19'),
(52, 4, 12, '2022-03-12 09:05:32', '2022-03-12 09:05:32'),
(53, 5, 7, '2022-03-12 09:09:37', '2022-03-12 09:09:37'),
(55, 6, 8, '2022-03-12 09:18:24', '2022-03-12 09:18:33'),
(56, 6, 7, '2022-03-12 09:23:07', '2022-03-12 09:23:07'),
(57, 7, 3, '2022-03-12 09:29:15', '2022-03-12 09:29:15'),
(58, 7, 4, '2022-03-12 21:35:03', '2022-03-12 21:35:03'),
(59, 7, 5, '2022-03-12 21:38:30', '2022-03-12 21:38:30'),
(60, 8, 9, '2022-03-12 21:48:07', '2022-03-12 21:48:07'),
(61, 8, 10, '2022-03-12 21:48:24', '2022-03-12 21:48:24'),
(62, 8, 11, '2022-03-12 21:48:42', '2022-03-12 21:48:42'),
(63, 8, 12, '2022-03-12 21:48:56', '2022-03-12 21:48:56'),
(64, 24, 9, '2022-03-12 21:50:21', '2022-03-12 21:50:21'),
(65, 24, 10, '2022-03-12 21:50:53', '2022-03-12 21:50:53'),
(66, 24, 11, '2022-03-12 21:51:47', '2022-03-12 21:51:47'),
(67, 24, 11, '2022-03-12 21:51:50', '2022-03-12 21:51:50'),
(68, 24, 11, '2022-03-12 21:51:52', '2022-03-12 21:51:52'),
(69, 9, 7, '2022-03-12 22:05:50', '2022-03-12 22:05:50'),
(70, 9, 8, '2022-03-12 22:06:41', '2022-03-12 22:06:41'),
(71, 10, 7, '2022-03-12 22:51:49', '2022-03-12 22:51:49'),
(72, 10, 8, '2022-03-12 22:52:11', '2022-03-12 22:52:11'),
(73, 11, 3, '2022-03-12 22:59:03', '2022-03-12 22:59:03'),
(74, 11, 4, '2022-03-12 23:01:25', '2022-03-12 23:01:25'),
(75, 11, 5, '2022-03-12 23:03:11', '2022-03-12 23:03:11'),
(76, 12, 9, '2022-03-12 23:08:59', '2022-03-12 23:08:59'),
(77, 12, 10, '2022-03-12 23:11:34', '2022-03-12 23:11:34'),
(78, 12, 11, '2022-03-12 23:12:55', '2022-03-12 23:12:55'),
(79, 12, 12, '2022-03-12 23:14:28', '2022-03-12 23:14:28'),
(80, 13, 7, '2022-03-12 23:23:10', '2022-03-12 23:23:10'),
(81, 14, 7, '2022-03-12 23:35:50', '2022-03-12 23:35:50'),
(82, 14, 8, '2022-03-12 23:39:17', '2022-03-12 23:39:17'),
(83, 15, 3, '2022-03-12 23:43:23', '2022-03-12 23:43:23'),
(84, 15, 4, '2022-03-12 23:46:56', '2022-03-12 23:46:56'),
(85, 15, 5, '2022-03-12 23:48:27', '2022-03-12 23:48:27'),
(86, 16, 9, '2022-03-12 23:55:49', '2022-03-12 23:55:49'),
(87, 16, 10, '2022-03-12 23:57:28', '2022-03-12 23:57:28'),
(88, 16, 11, '2022-03-12 23:58:18', '2022-03-12 23:58:18'),
(89, 16, 12, '2022-03-12 23:59:32', '2022-03-12 23:59:32'),
(90, 17, 7, '2022-03-13 00:11:31', '2022-03-13 00:11:31'),
(91, 17, 8, '2022-03-13 00:14:54', '2022-03-13 00:14:54'),
(92, 18, 7, '2022-03-13 00:18:13', '2022-03-13 00:18:13'),
(93, 18, 8, '2022-03-13 00:19:54', '2022-03-13 00:19:54'),
(94, 19, 3, '2022-03-13 00:26:46', '2022-03-13 00:26:46'),
(95, 19, 4, '2022-03-13 00:31:15', '2022-03-13 00:31:15'),
(96, 19, 5, '2022-03-13 00:32:57', '2022-03-13 00:32:57'),
(97, 20, 9, '2022-03-13 00:36:38', '2022-03-13 00:36:38'),
(101, 20, 11, '2022-03-13 00:47:57', '2022-03-13 00:47:57'),
(100, 20, 10, '2022-03-13 00:40:41', '2022-03-13 00:40:41'),
(102, 20, 12, '2022-03-13 00:50:42', '2022-03-13 00:50:42'),
(103, 20, 12, '2022-03-13 00:50:47', '2022-03-13 00:50:47');

-- --------------------------------------------------------

--
-- Estructura de tabla para la tabla `accesos`
--

CREATE TABLE `accesos` (
  `id` bigint(20) UNSIGNED NOT NULL,
  `acceso` varchar(50) COLLATE utf8mb4_unicode_ci NOT NULL,
  `created_at` timestamp NULL DEFAULT NULL,
  `updated_at` timestamp NULL DEFAULT NULL
) ENGINE=MyISAM DEFAULT CHARSET=utf8mb4 COLLATE=utf8mb4_unicode_ci;

--
-- Volcado de datos para la tabla `accesos`
--

INSERT INTO `accesos` (`id`, `acceso`, `created_at`, `updated_at`) VALUES
(1, 'HUMANOS CON ACCESO A LA RED', '2022-03-09 22:49:31', '2022-03-09 22:49:31'),
(2, 'HUMANOS CON ACCESO FÍSICO', '2022-03-09 22:49:31', '2022-03-09 22:49:31'),
(3, 'PROBLEMA CON LOS SITEMAs', '2022-03-09 22:49:31', '2022-03-11 16:11:22'),
(4, 'OTROS PROBLEMAS', '2022-03-09 22:49:31', '2022-03-09 22:49:31'),
(5, 'N/A', '2022-03-11 22:17:42', '2022-03-11 22:17:42');

-- --------------------------------------------------------

--
-- Estructura de tabla para la tabla `actiacces`
--

CREATE TABLE `actiacces` (
  `id` bigint(20) UNSIGNED NOT NULL,
  `activo_id` int(10) UNSIGNED NOT NULL COMMENT 'IDENTIFICADOR DEL ACTIVO',
  `acceso_id` int(10) UNSIGNED NOT NULL COMMENT 'IDENTIFICADOR DEL ACCESO',
  `created_at` timestamp NULL DEFAULT NULL,
  `updated_at` timestamp NULL DEFAULT NULL
) ENGINE=MyISAM DEFAULT CHARSET=utf8mb4 COLLATE=utf8mb4_unicode_ci;

--
-- Volcado de datos para la tabla `actiacces`
--

INSERT INTO `actiacces` (`id`, `activo_id`, `acceso_id`, `created_at`, `updated_at`) VALUES
(1, 1, 1, '2022-03-09 22:49:31', '2022-03-09 22:49:31'),
(2, 1, 2, '2022-03-09 22:49:31', '2022-03-09 22:49:31'),
(3, 1, 5, '2022-03-09 22:49:31', '2022-03-11 22:18:27'),
(4, 1, 4, '2022-03-09 22:49:31', '2022-03-09 22:49:31'),
(5, 2, 1, '2022-03-09 22:49:31', '2022-03-09 22:49:31'),
(6, 2, 2, '2022-03-09 22:49:31', '2022-03-09 22:49:31'),
(7, 2, 3, '2022-03-09 22:49:31', '2022-03-09 22:49:31'),
(8, 2, 4, '2022-03-09 22:49:31', '2022-03-09 22:49:31'),
(9, 3, 1, '2022-03-09 22:49:31', '2022-03-09 22:49:31'),
(10, 3, 2, '2022-03-09 22:49:31', '2022-03-09 22:49:31'),
(11, 3, 3, '2022-03-09 22:49:31', '2022-03-09 22:49:31'),
(12, 3, 4, '2022-03-09 22:49:31', '2022-03-09 22:49:31'),
(13, 4, 1, '2022-03-09 22:49:31', '2022-03-09 22:49:31'),
(14, 4, 2, '2022-03-09 22:49:31', '2022-03-09 22:49:31'),
(15, 4, 3, '2022-03-09 22:49:31', '2022-03-09 22:49:31'),
(16, 4, 4, '2022-03-09 22:49:31', '2022-03-09 22:49:31'),
(17, 5, 1, '2022-03-09 22:49:31', '2022-03-09 22:49:31'),
(18, 5, 2, '2022-03-09 22:49:31', '2022-03-09 22:49:31'),
(19, 5, 3, '2022-03-09 22:49:31', '2022-03-09 22:49:31'),
(20, 5, 4, '2022-03-09 22:49:31', '2022-03-09 22:49:31'),
(21, 1, 3, '2022-03-12 07:36:33', '2022-03-12 07:36:33'),
(23, 2, 5, '2022-03-12 21:49:38', '2022-03-12 21:49:38'),
(24, 2, 5, '2022-03-12 21:49:46', '2022-03-12 21:49:46');

-- --------------------------------------------------------

--
-- Estructura de tabla para la tabla `activos`
--

CREATE TABLE `activos` (
  `id` bigint(20) UNSIGNED NOT NULL,
  `activo` varchar(50) COLLATE utf8mb4_unicode_ci NOT NULL,
  `created_at` timestamp NULL DEFAULT NULL,
  `updated_at` timestamp NULL DEFAULT NULL
) ENGINE=MyISAM DEFAULT CHARSET=utf8mb4 COLLATE=utf8mb4_unicode_ci;

--
-- Volcado de datos para la tabla `activos`
--

INSERT INTO `activos` (`id`, `activo`, `created_at`, `updated_at`) VALUES
(1, 'CONSIGNACIÓN', '2022-03-09 22:49:31', '2022-03-09 22:49:31'),
(2, 'DOCUMENTACIÓN DEL ASPIRANTE', '2022-03-09 22:49:31', '2022-03-09 22:49:31'),
(3, 'PLATAFORMA DE REGISTRO ESING.EDU', '2022-03-09 22:49:31', '2022-03-09 22:49:31'),
(4, 'RECIBO DE PAGO', '2022-03-09 22:49:31', '2022-03-09 22:49:31'),
(5, 'PLATAFORMA DE DE CARGUE DE MATERIAS AVAFP', '2022-03-09 22:49:31', '2022-03-09 22:49:31');

-- --------------------------------------------------------

--
-- Estructura de tabla para la tabla `actoherrs`
--

CREATE TABLE `actoherrs` (
  `id` bigint(20) UNSIGNED NOT NULL,
  `herramie_id` int(10) UNSIGNED NOT NULL COMMENT 'IDENTIFICADOR DE LA HERRAMIENTA',
  `vulnacto_id` int(10) UNSIGNED NOT NULL COMMENT 'IDENTIFICADOR DE LA vulnactoILIDAD',
  `created_at` timestamp NULL DEFAULT NULL,
  `updated_at` timestamp NULL DEFAULT NULL
) ENGINE=MyISAM DEFAULT CHARSET=utf8mb4 COLLATE=utf8mb4_unicode_ci;

--
-- Volcado de datos para la tabla `actoherrs`
--

INSERT INTO `actoherrs` (`id`, `herramie_id`, `vulnacto_id`, `created_at`, `updated_at`) VALUES
(1, 1, 1, '2022-03-14 17:44:53', '2022-03-14 17:44:53'),
(2, 2, 1, '2022-03-14 17:44:53', '2022-03-14 17:44:53'),
(3, 1, 2, '2022-03-14 17:44:53', '2022-03-14 17:44:53'),
(4, 2, 2, '2022-03-14 17:44:53', '2022-03-14 17:44:53'),
(5, 1, 3, '2022-03-14 17:44:53', '2022-03-14 17:44:53'),
(6, 2, 3, '2022-03-14 17:44:53', '2022-03-14 17:44:53'),
(7, 1, 4, '2022-03-14 17:44:53', '2022-03-14 17:44:53'),
(8, 2, 4, '2022-03-14 17:44:53', '2022-03-14 17:44:53'),
(9, 1, 5, '2022-03-14 17:44:53', '2022-03-14 17:44:53'),
(10, 2, 5, '2022-03-14 17:44:53', '2022-03-14 17:44:53'),
(11, 1, 6, '2022-03-14 17:44:53', '2022-03-14 17:44:53'),
(12, 2, 6, '2022-03-14 17:44:53', '2022-03-14 17:44:53'),
(13, 1, 7, '2022-03-14 17:44:53', '2022-03-14 17:44:53'),
(14, 2, 7, '2022-03-14 17:44:53', '2022-03-14 17:44:53'),
(15, 1, 8, '2022-03-14 17:44:53', '2022-03-14 17:44:53'),
(16, 2, 8, '2022-03-14 17:44:53', '2022-03-14 17:44:53'),
(17, 1, 9, '2022-03-14 17:44:53', '2022-03-14 17:44:53'),
(18, 2, 9, '2022-03-14 17:44:53', '2022-03-14 17:44:53'),
(19, 1, 10, '2022-03-14 17:44:53', '2022-03-14 17:44:53'),
(20, 2, 10, '2022-03-14 17:44:53', '2022-03-14 17:44:53'),
(21, 1, 11, '2022-03-14 17:44:53', '2022-03-14 17:44:53'),
(22, 2, 11, '2022-03-14 17:44:53', '2022-03-14 17:44:53'),
(23, 1, 12, '2022-03-14 17:44:53', '2022-03-14 17:44:53'),
(24, 2, 12, '2022-03-14 17:44:53', '2022-03-14 17:44:53'),
(25, 1, 13, '2022-03-14 17:44:53', '2022-03-14 17:44:53'),
(26, 2, 13, '2022-03-14 17:44:53', '2022-03-14 17:44:53'),
(27, 1, 14, '2022-03-14 17:44:53', '2022-03-14 17:44:53'),
(28, 2, 14, '2022-03-14 17:44:53', '2022-03-14 17:44:53'),
(29, 1, 15, '2022-03-14 17:44:53', '2022-03-14 17:44:53'),
(30, 2, 15, '2022-03-14 17:44:53', '2022-03-14 17:44:53'),
(31, 1, 16, '2022-03-14 17:44:53', '2022-03-14 17:44:53'),
(32, 2, 16, '2022-03-14 17:44:53', '2022-03-14 17:44:53'),
(33, 1, 17, '2022-03-14 17:44:53', '2022-03-14 17:44:53'),
(34, 2, 17, '2022-03-14 17:44:53', '2022-03-14 17:44:53'),
(35, 1, 18, '2022-03-14 17:44:53', '2022-03-14 17:44:53'),
(36, 2, 18, '2022-03-14 17:44:53', '2022-03-14 17:44:53'),
(37, 1, 19, '2022-03-14 17:44:53', '2022-03-14 17:44:53'),
(38, 2, 19, '2022-03-14 17:44:53', '2022-03-14 17:44:53'),
(39, 1, 20, '2022-03-14 17:44:53', '2022-03-14 17:44:53'),
(40, 2, 20, '2022-03-14 17:44:53', '2022-03-14 17:44:53'),
(41, 1, 21, '2022-03-14 17:44:53', '2022-03-14 17:44:53'),
(42, 2, 21, '2022-03-14 17:44:53', '2022-03-14 17:44:53'),
(43, 1, 22, '2022-03-14 17:44:53', '2022-03-14 17:44:53'),
(44, 2, 22, '2022-03-14 17:44:53', '2022-03-14 17:44:53'),
(45, 1, 23, '2022-03-14 17:44:53', '2022-03-14 17:44:53'),
(46, 2, 23, '2022-03-14 17:44:53', '2022-03-14 17:44:53'),
(47, 1, 24, '2022-03-14 17:44:53', '2022-03-14 17:44:53'),
(48, 2, 24, '2022-03-14 17:44:53', '2022-03-14 17:44:53'),
(49, 1, 25, '2022-03-14 17:44:53', '2022-03-14 17:44:53'),
(50, 2, 25, '2022-03-14 17:44:53', '2022-03-14 17:44:53'),
(51, 1, 26, '2022-03-14 17:44:53', '2022-03-14 17:44:53'),
(52, 2, 26, '2022-03-14 17:44:53', '2022-03-14 17:44:53'),
(53, 1, 27, '2022-03-14 17:44:53', '2022-03-14 17:44:53'),
(54, 2, 27, '2022-03-14 17:44:53', '2022-03-14 17:44:53'),
(55, 1, 28, '2022-03-14 17:44:53', '2022-03-14 17:44:53'),
(56, 2, 28, '2022-03-14 17:44:53', '2022-03-14 17:44:53'),
(57, 1, 29, '2022-03-14 17:44:53', '2022-03-14 17:44:53'),
(58, 2, 29, '2022-03-14 17:44:53', '2022-03-14 17:44:53'),
(59, 1, 30, '2022-03-14 17:44:53', '2022-03-14 17:44:53'),
(60, 2, 30, '2022-03-14 17:44:53', '2022-03-14 17:44:53'),
(61, 1, 31, '2022-03-14 17:44:53', '2022-03-14 17:44:53'),
(62, 2, 31, '2022-03-14 17:44:53', '2022-03-14 17:44:53'),
(63, 1, 32, '2022-03-14 17:44:53', '2022-03-14 17:44:53'),
(64, 2, 32, '2022-03-14 17:44:53', '2022-03-14 17:44:53'),
(65, 1, 33, '2022-03-14 17:44:53', '2022-03-14 17:44:53'),
(66, 2, 33, '2022-03-14 17:44:53', '2022-03-14 17:44:53'),
(67, 1, 34, '2022-03-14 17:44:53', '2022-03-14 17:44:53'),
(68, 2, 34, '2022-03-14 17:44:53', '2022-03-14 17:44:53'),
(69, 1, 35, '2022-03-14 17:44:53', '2022-03-14 17:44:53'),
(70, 2, 35, '2022-03-14 17:44:54', '2022-03-14 17:44:54'),
(71, 1, 36, '2022-03-14 17:44:54', '2022-03-14 17:44:54'),
(72, 2, 36, '2022-03-14 17:44:54', '2022-03-14 17:44:54'),
(73, 1, 37, '2022-03-14 17:44:54', '2022-03-14 17:44:54'),
(74, 2, 37, '2022-03-14 17:44:54', '2022-03-14 17:44:54'),
(75, 1, 38, '2022-03-14 17:44:54', '2022-03-14 17:44:54'),
(76, 2, 38, '2022-03-14 17:44:54', '2022-03-14 17:44:54'),
(77, 1, 39, '2022-03-14 17:44:54', '2022-03-14 17:44:54'),
(78, 2, 39, '2022-03-14 17:44:54', '2022-03-14 17:44:54'),
(79, 1, 40, '2022-03-14 17:44:54', '2022-03-14 17:44:54'),
(80, 2, 40, '2022-03-14 17:44:54', '2022-03-14 17:44:54'),
(81, 1, 41, '2022-03-14 17:44:54', '2022-03-14 17:44:54'),
(82, 2, 41, '2022-03-14 17:44:54', '2022-03-14 17:44:54'),
(83, 1, 42, '2022-03-14 17:44:54', '2022-03-14 17:44:54'),
(84, 2, 42, '2022-03-14 17:44:54', '2022-03-14 17:44:54'),
(85, 1, 43, '2022-03-14 17:44:54', '2022-03-14 17:44:54'),
(86, 2, 43, '2022-03-14 17:44:54', '2022-03-14 17:44:54'),
(87, 1, 44, '2022-03-14 17:44:54', '2022-03-14 17:44:54'),
(88, 2, 44, '2022-03-14 17:44:54', '2022-03-14 17:44:54'),
(89, 1, 45, '2022-03-14 17:44:54', '2022-03-14 17:44:54'),
(90, 2, 45, '2022-03-14 17:44:54', '2022-03-14 17:44:54'),
(91, 1, 46, '2022-03-14 17:44:54', '2022-03-14 17:44:54'),
(92, 2, 46, '2022-03-14 17:44:54', '2022-03-14 17:44:54'),
(93, 1, 47, '2022-03-14 17:44:54', '2022-03-14 17:44:54'),
(94, 2, 47, '2022-03-14 17:44:54', '2022-03-14 17:44:54'),
(95, 1, 48, '2022-03-14 17:44:54', '2022-03-14 17:44:54'),
(96, 2, 48, '2022-03-14 17:44:54', '2022-03-14 17:44:54'),
(97, 1, 49, '2022-03-14 17:44:54', '2022-03-14 17:44:54'),
(98, 2, 49, '2022-03-14 17:44:54', '2022-03-14 17:44:54'),
(99, 1, 50, '2022-03-14 17:44:54', '2022-03-14 17:44:54'),
(100, 2, 50, '2022-03-14 17:44:54', '2022-03-14 17:44:54'),
(101, 1, 51, '2022-03-14 17:44:54', '2022-03-14 17:44:54'),
(102, 2, 51, '2022-03-14 17:44:54', '2022-03-14 17:44:54'),
(103, 1, 52, '2022-03-14 17:44:54', '2022-03-14 17:44:54'),
(104, 2, 52, '2022-03-14 17:44:54', '2022-03-14 17:44:54'),
(105, 1, 53, '2022-03-14 17:44:54', '2022-03-14 17:44:54'),
(106, 2, 53, '2022-03-14 17:44:54', '2022-03-14 17:44:54'),
(107, 1, 54, '2022-03-14 17:44:54', '2022-03-14 17:44:54'),
(108, 2, 54, '2022-03-14 17:44:54', '2022-03-14 17:44:54'),
(109, 1, 55, '2022-03-14 17:44:54', '2022-03-14 17:44:54'),
(110, 2, 55, '2022-03-14 17:44:54', '2022-03-14 17:44:54'),
(111, 1, 56, '2022-03-14 17:44:54', '2022-03-14 17:44:54'),
(112, 2, 56, '2022-03-14 17:44:54', '2022-03-14 17:44:54'),
(113, 1, 57, '2022-03-14 17:44:54', '2022-03-14 17:44:54'),
(114, 2, 57, '2022-03-14 17:44:54', '2022-03-14 17:44:54'),
(115, 1, 58, '2022-03-14 17:44:54', '2022-03-14 17:44:54'),
(116, 2, 58, '2022-03-14 17:44:54', '2022-03-14 17:44:54'),
(117, 1, 59, '2022-03-14 17:44:54', '2022-03-14 17:44:54'),
(118, 2, 59, '2022-03-14 17:44:54', '2022-03-14 17:44:54'),
(119, 1, 60, '2022-03-14 17:44:54', '2022-03-14 17:44:54'),
(120, 2, 60, '2022-03-14 17:44:54', '2022-03-14 17:44:54'),
(121, 1, 61, '2022-03-14 17:44:54', '2022-03-14 17:44:54'),
(122, 2, 61, '2022-03-14 17:44:54', '2022-03-14 17:44:54'),
(123, 1, 62, '2022-03-14 17:44:54', '2022-03-14 17:44:54'),
(124, 2, 62, '2022-03-14 17:44:54', '2022-03-14 17:44:54'),
(125, 1, 63, '2022-03-14 17:44:54', '2022-03-14 17:44:54'),
(126, 2, 63, '2022-03-14 17:44:54', '2022-03-14 17:44:54'),
(127, 1, 64, '2022-03-14 17:44:54', '2022-03-14 17:44:54'),
(128, 2, 64, '2022-03-14 17:44:54', '2022-03-14 17:44:54'),
(129, 1, 65, '2022-03-14 17:44:54', '2022-03-14 17:44:54'),
(130, 2, 65, '2022-03-14 17:44:54', '2022-03-14 17:44:54'),
(131, 1, 66, '2022-03-14 17:44:54', '2022-03-14 17:44:54'),
(132, 2, 66, '2022-03-14 17:44:54', '2022-03-14 17:44:54'),
(133, 1, 67, '2022-03-14 17:44:54', '2022-03-14 17:44:54'),
(134, 2, 67, '2022-03-14 17:44:54', '2022-03-14 17:44:54'),
(135, 1, 68, '2022-03-14 17:44:54', '2022-03-14 17:44:54'),
(136, 2, 68, '2022-03-14 17:44:54', '2022-03-14 17:44:54'),
(137, 1, 69, '2022-03-14 17:44:54', '2022-03-14 17:44:54'),
(138, 2, 69, '2022-03-14 17:44:54', '2022-03-14 17:44:54'),
(139, 1, 70, '2022-03-14 17:44:54', '2022-03-14 17:44:54'),
(140, 2, 70, '2022-03-14 17:44:54', '2022-03-14 17:44:54'),
(141, 1, 71, '2022-03-14 17:44:54', '2022-03-14 17:44:54'),
(142, 2, 71, '2022-03-14 17:44:54', '2022-03-14 17:44:54'),
(143, 1, 72, '2022-03-14 17:44:54', '2022-03-14 17:44:54'),
(144, 2, 72, '2022-03-14 17:44:54', '2022-03-14 17:44:54'),
(145, 1, 73, '2022-03-14 17:44:54', '2022-03-14 17:44:54'),
(146, 2, 73, '2022-03-14 17:44:54', '2022-03-14 17:44:54'),
(147, 1, 74, '2022-03-14 17:44:54', '2022-03-14 17:44:54'),
(148, 2, 74, '2022-03-14 17:44:54', '2022-03-14 17:44:54'),
(149, 1, 75, '2022-03-14 17:44:54', '2022-03-14 17:44:54'),
(150, 2, 75, '2022-03-14 17:44:54', '2022-03-14 17:44:54'),
(151, 1, 76, '2022-03-14 17:44:54', '2022-03-14 17:44:54'),
(152, 2, 76, '2022-03-14 17:44:54', '2022-03-14 17:44:54'),
(153, 1, 77, '2022-03-14 17:44:54', '2022-03-14 17:44:54'),
(154, 2, 77, '2022-03-14 17:44:54', '2022-03-14 17:44:54'),
(155, 1, 78, '2022-03-14 17:44:54', '2022-03-14 17:44:54'),
(156, 2, 78, '2022-03-14 17:44:54', '2022-03-14 17:44:54'),
(157, 1, 79, '2022-03-14 17:44:54', '2022-03-14 17:44:54'),
(158, 2, 79, '2022-03-14 17:44:54', '2022-03-14 17:44:54'),
(159, 1, 80, '2022-03-14 17:44:54', '2022-03-14 17:44:54'),
(160, 2, 80, '2022-03-14 17:44:54', '2022-03-14 17:44:54'),
(161, 1, 81, '2022-03-14 17:44:54', '2022-03-14 17:44:54'),
(162, 2, 81, '2022-03-14 17:44:54', '2022-03-14 17:44:54'),
(163, 1, 82, '2022-03-14 17:44:54', '2022-03-14 17:44:54'),
(164, 2, 82, '2022-03-14 17:44:54', '2022-03-14 17:44:54'),
(165, 1, 83, '2022-03-14 17:44:54', '2022-03-14 17:44:54'),
(166, 2, 83, '2022-03-14 17:44:54', '2022-03-14 17:44:54'),
(167, 1, 84, '2022-03-14 17:44:54', '2022-03-14 17:44:54'),
(168, 2, 84, '2022-03-14 17:44:54', '2022-03-14 17:44:54'),
(169, 1, 85, '2022-03-14 17:44:54', '2022-03-14 17:44:54'),
(170, 2, 85, '2022-03-14 17:44:54', '2022-03-14 17:44:54'),
(171, 1, 86, '2022-03-14 17:44:54', '2022-03-14 17:44:54'),
(172, 2, 86, '2022-03-14 17:44:54', '2022-03-14 17:44:54'),
(173, 1, 87, '2022-03-14 17:44:54', '2022-03-14 17:44:54'),
(174, 2, 87, '2022-03-14 17:44:54', '2022-03-14 17:44:54'),
(175, 1, 88, '2022-03-14 17:44:54', '2022-03-14 17:44:54'),
(176, 2, 88, '2022-03-14 17:44:54', '2022-03-14 17:44:54'),
(177, 1, 89, '2022-03-14 17:44:54', '2022-03-14 17:44:54'),
(178, 2, 89, '2022-03-14 17:44:54', '2022-03-14 17:44:54'),
(179, 1, 90, '2022-03-14 17:44:54', '2022-03-14 17:44:54'),
(180, 2, 90, '2022-03-14 17:44:54', '2022-03-14 17:44:54'),
(181, 1, 91, '2022-03-14 17:44:54', '2022-03-14 17:44:54'),
(182, 2, 91, '2022-03-14 17:44:54', '2022-03-14 17:44:54'),
(183, 1, 92, '2022-03-14 17:44:54', '2022-03-14 17:44:54'),
(184, 2, 92, '2022-03-14 17:44:54', '2022-03-14 17:44:54'),
(185, 1, 93, '2022-03-14 17:44:54', '2022-03-14 17:44:54'),
(186, 2, 93, '2022-03-14 17:44:54', '2022-03-14 17:44:54'),
(187, 1, 94, '2022-03-14 17:44:54', '2022-03-14 17:44:54'),
(188, 2, 94, '2022-03-14 17:44:54', '2022-03-14 17:44:54'),
(189, 1, 95, '2022-03-14 17:44:54', '2022-03-14 17:44:54'),
(190, 2, 95, '2022-03-14 17:44:54', '2022-03-14 17:44:54'),
(191, 1, 96, '2022-03-14 17:44:54', '2022-03-14 17:44:54'),
(192, 2, 96, '2022-03-14 17:44:54', '2022-03-14 17:44:54'),
(193, 1, 97, '2022-03-14 17:44:54', '2022-03-14 17:44:54'),
(194, 2, 97, '2022-03-14 17:44:54', '2022-03-14 17:44:54'),
(195, 1, 98, '2022-03-14 17:44:54', '2022-03-14 17:44:54'),
(196, 2, 98, '2022-03-14 17:44:54', '2022-03-14 17:44:54'),
(197, 1, 99, '2022-03-14 17:44:54', '2022-03-14 17:44:54'),
(198, 2, 99, '2022-03-14 17:44:54', '2022-03-14 17:44:54'),
(199, 1, 100, '2022-03-14 17:44:54', '2022-03-14 17:44:54'),
(200, 2, 100, '2022-03-14 17:44:54', '2022-03-14 17:44:54');

-- --------------------------------------------------------

--
-- Estructura de tabla para la tabla `actomotis`
--

CREATE TABLE `actomotis` (
  `id` bigint(20) UNSIGNED NOT NULL,
  `acceacto_id` int(10) UNSIGNED NOT NULL COMMENT 'IDENTIFICADOR DEL ACTOR',
  `motivo_id` int(10) UNSIGNED NOT NULL COMMENT 'IDENTIFICADOR DEL MOTIVO',
  `created_at` timestamp NULL DEFAULT NULL,
  `updated_at` timestamp NULL DEFAULT NULL
) ENGINE=MyISAM DEFAULT CHARSET=utf8mb4 COLLATE=utf8mb4_unicode_ci;

--
-- Volcado de datos para la tabla `actomotis`
--

INSERT INTO `actomotis` (`id`, `acceacto_id`, `motivo_id`, `created_at`, `updated_at`) VALUES
(1, 1, 1, '2022-03-09 22:49:31', '2022-03-09 22:49:31'),
(2, 1, 2, '2022-03-09 22:49:31', '2022-03-09 22:49:31'),
(3, 2, 1, '2022-03-09 22:49:31', '2022-03-09 22:49:31'),
(4, 2, 2, '2022-03-09 22:49:31', '2022-03-09 22:49:31'),
(5, 3, 1, '2022-03-09 22:49:31', '2022-03-09 22:49:31'),
(6, 3, 2, '2022-03-09 22:49:31', '2022-03-09 22:49:31'),
(7, 4, 1, '2022-03-09 22:49:31', '2022-03-09 22:49:31'),
(8, 4, 2, '2022-03-09 22:49:31', '2022-03-09 22:49:31'),
(9, 5, 3, '2022-03-09 22:49:31', '2022-03-11 22:11:01'),
(10, 5, 2, '2022-03-09 22:49:31', '2022-03-09 22:49:31'),
(11, 6, 3, '2022-03-09 22:49:31', '2022-03-11 22:15:44'),
(81, 42, 2, '2022-03-12 08:11:53', '2022-03-12 08:11:53'),
(13, 7, 1, '2022-03-09 22:49:31', '2022-03-09 22:49:31'),
(14, 7, 2, '2022-03-09 22:49:31', '2022-03-09 22:49:31'),
(15, 8, 1, '2022-03-09 22:49:31', '2022-03-09 22:49:31'),
(16, 8, 2, '2022-03-09 22:49:31', '2022-03-09 22:49:31'),
(17, 9, 1, '2022-03-09 22:49:31', '2022-03-09 22:49:31'),
(18, 9, 2, '2022-03-09 22:49:31', '2022-03-09 22:49:31'),
(19, 10, 1, '2022-03-09 22:49:31', '2022-03-09 22:49:31'),
(20, 10, 2, '2022-03-09 22:49:31', '2022-03-09 22:49:31'),
(21, 11, 1, '2022-03-09 22:49:31', '2022-03-09 22:49:31'),
(22, 11, 2, '2022-03-09 22:49:31', '2022-03-09 22:49:31'),
(23, 12, 1, '2022-03-09 22:49:31', '2022-03-09 22:49:31'),
(24, 12, 2, '2022-03-09 22:49:31', '2022-03-09 22:49:31'),
(25, 13, 1, '2022-03-09 22:49:31', '2022-03-09 22:49:31'),
(26, 13, 2, '2022-03-09 22:49:31', '2022-03-09 22:49:31'),
(27, 14, 1, '2022-03-09 22:49:31', '2022-03-09 22:49:31'),
(28, 14, 2, '2022-03-09 22:49:31', '2022-03-09 22:49:31'),
(29, 15, 1, '2022-03-09 22:49:31', '2022-03-09 22:49:31'),
(30, 15, 2, '2022-03-09 22:49:31', '2022-03-09 22:49:31'),
(31, 16, 1, '2022-03-09 22:49:31', '2022-03-09 22:49:31'),
(32, 16, 2, '2022-03-09 22:49:31', '2022-03-09 22:49:31'),
(33, 17, 1, '2022-03-09 22:49:31', '2022-03-09 22:49:31'),
(34, 17, 2, '2022-03-09 22:49:31', '2022-03-09 22:49:31'),
(35, 18, 1, '2022-03-09 22:49:31', '2022-03-09 22:49:31'),
(36, 18, 2, '2022-03-09 22:49:31', '2022-03-09 22:49:31'),
(37, 19, 1, '2022-03-09 22:49:31', '2022-03-09 22:49:31'),
(38, 19, 2, '2022-03-09 22:49:31', '2022-03-09 22:49:31'),
(39, 20, 1, '2022-03-09 22:49:31', '2022-03-09 22:49:31'),
(40, 20, 2, '2022-03-09 22:49:31', '2022-03-09 22:49:31'),
(41, 21, 1, '2022-03-09 22:49:31', '2022-03-09 22:49:31'),
(42, 21, 2, '2022-03-09 22:49:31', '2022-03-09 22:49:31'),
(43, 22, 1, '2022-03-09 22:49:31', '2022-03-09 22:49:31'),
(44, 22, 2, '2022-03-09 22:49:31', '2022-03-09 22:49:31'),
(45, 23, 1, '2022-03-09 22:49:31', '2022-03-09 22:49:31'),
(46, 23, 2, '2022-03-09 22:49:31', '2022-03-09 22:49:31'),
(47, 24, 1, '2022-03-09 22:49:31', '2022-03-09 22:49:31'),
(48, 24, 2, '2022-03-09 22:49:31', '2022-03-09 22:49:31'),
(49, 25, 1, '2022-03-09 22:49:31', '2022-03-09 22:49:31'),
(50, 25, 2, '2022-03-09 22:49:31', '2022-03-09 22:49:31'),
(51, 26, 1, '2022-03-09 22:49:31', '2022-03-09 22:49:31'),
(52, 26, 2, '2022-03-09 22:49:31', '2022-03-09 22:49:31'),
(53, 27, 1, '2022-03-09 22:49:31', '2022-03-09 22:49:31'),
(54, 27, 2, '2022-03-09 22:49:31', '2022-03-09 22:49:31'),
(55, 28, 1, '2022-03-09 22:49:31', '2022-03-09 22:49:31'),
(56, 28, 2, '2022-03-09 22:49:31', '2022-03-09 22:49:31'),
(57, 29, 1, '2022-03-09 22:49:31', '2022-03-09 22:49:31'),
(58, 29, 2, '2022-03-09 22:49:31', '2022-03-09 22:49:31'),
(139, 87, 3, '2022-03-12 23:57:41', '2022-03-12 23:57:41'),
(138, 86, 3, '2022-03-12 23:56:33', '2022-03-12 23:56:33'),
(61, 31, 1, '2022-03-09 22:49:31', '2022-03-09 22:49:31'),
(62, 31, 2, '2022-03-09 22:49:31', '2022-03-09 22:49:31'),
(63, 32, 1, '2022-03-09 22:49:31', '2022-03-09 22:49:31'),
(64, 32, 2, '2022-03-09 22:49:31', '2022-03-09 22:49:31'),
(65, 33, 1, '2022-03-09 22:49:31', '2022-03-09 22:49:31'),
(66, 33, 2, '2022-03-09 22:49:31', '2022-03-09 22:49:31'),
(67, 34, 1, '2022-03-09 22:49:31', '2022-03-09 22:49:31'),
(68, 34, 2, '2022-03-09 22:49:31', '2022-03-09 22:49:31'),
(69, 35, 1, '2022-03-09 22:49:31', '2022-03-09 22:49:31'),
(70, 35, 2, '2022-03-09 22:49:31', '2022-03-09 22:49:31'),
(71, 36, 1, '2022-03-09 22:49:31', '2022-03-09 22:49:31'),
(72, 36, 2, '2022-03-09 22:49:31', '2022-03-09 22:49:31'),
(73, 37, 1, '2022-03-09 22:49:31', '2022-03-09 22:49:31'),
(74, 37, 2, '2022-03-09 22:49:31', '2022-03-09 22:49:31'),
(154, 98, 3, '2022-03-13 00:37:02', '2022-03-13 00:37:02'),
(155, 97, 3, '2022-03-13 00:38:22', '2022-03-13 00:38:22'),
(77, 39, 1, '2022-03-09 22:49:31', '2022-03-09 22:49:31'),
(78, 39, 2, '2022-03-09 22:49:31', '2022-03-09 22:49:31'),
(79, 40, 1, '2022-03-09 22:49:31', '2022-03-09 22:49:31'),
(80, 40, 2, '2022-03-09 22:49:31', '2022-03-09 22:49:31'),
(82, 42, 1, '2022-03-12 08:17:41', '2022-03-12 08:17:41'),
(83, 44, 2, '2022-03-12 08:33:38', '2022-03-12 08:33:38'),
(84, 44, 1, '2022-03-12 08:35:45', '2022-03-12 08:35:45'),
(85, 43, 2, '2022-03-12 08:36:34', '2022-03-12 08:36:34'),
(86, 43, 1, '2022-03-12 08:37:18', '2022-03-12 08:37:18'),
(87, 45, 3, '2022-03-12 08:44:01', '2022-03-12 08:44:01'),
(88, 46, 3, '2022-03-12 08:46:07', '2022-03-12 08:46:07'),
(89, 47, 3, '2022-03-12 08:47:15', '2022-03-12 08:47:15'),
(90, 48, 3, '2022-03-12 08:51:49', '2022-03-12 08:51:49'),
(91, 49, 3, '2022-03-12 08:58:24', '2022-03-12 08:58:24'),
(92, 50, 3, '2022-03-12 09:02:29', '2022-03-12 09:02:29'),
(93, 51, 3, '2022-03-12 09:03:35', '2022-03-12 09:03:35'),
(94, 52, 3, '2022-03-12 09:05:44', '2022-03-12 09:05:44'),
(95, 53, 1, '2022-03-12 09:09:58', '2022-03-12 09:09:58'),
(96, 53, 2, '2022-03-12 09:10:46', '2022-03-12 09:10:46'),
(97, 54, 1, '2022-03-12 09:14:11', '2022-03-12 09:14:11'),
(98, 55, 1, '2022-03-12 09:20:30', '2022-03-12 09:20:30'),
(99, 56, 1, '2022-03-12 09:23:28', '2022-03-12 09:23:28'),
(100, 56, 2, '2022-03-12 09:24:29', '2022-03-12 09:24:29'),
(101, 55, 2, '2022-03-12 09:26:29', '2022-03-12 09:26:29'),
(102, 57, 3, '2022-03-12 09:29:34', '2022-03-12 09:29:34'),
(103, 58, 3, '2022-03-12 21:35:26', '2022-03-12 21:35:26'),
(104, 59, 3, '2022-03-12 21:41:24', '2022-03-12 21:41:24'),
(105, 14, 3, '2022-03-12 21:45:18', '2022-03-12 21:45:18'),
(106, 64, 3, '2022-03-12 21:50:33', '2022-03-12 21:50:33'),
(107, 64, 3, '2022-03-12 21:50:34', '2022-03-12 21:50:34'),
(108, 65, 3, '2022-03-12 21:51:12', '2022-03-12 21:51:12'),
(109, 68, 3, '2022-03-12 21:52:09', '2022-03-12 21:52:09'),
(110, 63, 3, '2022-03-12 21:55:07', '2022-03-12 21:55:07'),
(111, 69, 1, '2022-03-12 22:12:23', '2022-03-12 22:12:23'),
(112, 69, 2, '2022-03-12 22:19:36', '2022-03-12 22:19:36'),
(113, 70, 1, '2022-03-12 22:25:27', '2022-03-12 22:25:27'),
(114, 71, 1, '2022-03-12 22:53:35', '2022-03-12 22:53:35'),
(115, 71, 2, '2022-03-12 22:54:10', '2022-03-12 22:54:10'),
(116, 72, 1, '2022-03-12 22:55:23', '2022-03-12 22:55:23'),
(117, 72, 2, '2022-03-12 22:56:40', '2022-03-12 22:56:40'),
(118, 73, 3, '2022-03-12 22:59:39', '2022-03-12 22:59:39'),
(119, 74, 3, '2022-03-12 23:01:59', '2022-03-12 23:01:59'),
(120, 75, 3, '2022-03-12 23:03:23', '2022-03-12 23:03:23'),
(121, 22, 3, '2022-03-12 23:05:39', '2022-03-12 23:05:39'),
(122, 76, 3, '2022-03-12 23:10:30', '2022-03-12 23:10:30'),
(123, 77, 3, '2022-03-12 23:11:49', '2022-03-12 23:11:49'),
(124, 78, 3, '2022-03-12 23:13:07', '2022-03-12 23:13:07'),
(125, 79, 3, '2022-03-12 23:14:42', '2022-03-12 23:14:42'),
(126, 80, 1, '2022-03-12 23:24:12', '2022-03-12 23:24:12'),
(127, 80, 2, '2022-03-12 23:27:18', '2022-03-12 23:27:18'),
(128, 70, 2, '2022-03-12 23:34:11', '2022-03-12 23:34:11'),
(129, 81, 1, '2022-03-12 23:36:02', '2022-03-12 23:36:02'),
(130, 81, 2, '2022-03-12 23:36:47', '2022-03-12 23:36:47'),
(131, 82, 1, '2022-03-12 23:40:07', '2022-03-12 23:40:07'),
(132, 82, 2, '2022-03-12 23:42:31', '2022-03-12 23:42:31'),
(133, 83, 3, '2022-03-12 23:45:10', '2022-03-12 23:45:10'),
(134, 84, 3, '2022-03-12 23:47:15', '2022-03-12 23:47:15'),
(135, 84, 3, '2022-03-12 23:47:24', '2022-03-12 23:47:24'),
(136, 85, 3, '2022-03-12 23:48:44', '2022-03-12 23:48:44'),
(137, 30, 3, '2022-03-12 23:52:12', '2022-03-12 23:52:12'),
(140, 88, 3, '2022-03-12 23:58:38', '2022-03-12 23:58:38'),
(141, 89, 3, '2022-03-12 23:59:46', '2022-03-12 23:59:46'),
(142, 90, 1, '2022-03-13 00:11:43', '2022-03-13 00:11:43'),
(143, 90, 2, '2022-03-13 00:13:40', '2022-03-13 00:13:40'),
(144, 91, 1, '2022-03-13 00:15:12', '2022-03-13 00:15:12'),
(145, 92, 2, '2022-03-13 00:18:26', '2022-03-13 00:18:26'),
(146, 92, 1, '2022-03-13 00:19:09', '2022-03-13 00:19:09'),
(147, 93, 1, '2022-03-13 00:20:12', '2022-03-13 00:20:12'),
(148, 93, 2, '2022-03-13 00:20:27', '2022-03-13 00:20:27'),
(149, 94, 3, '2022-03-13 00:30:10', '2022-03-13 00:30:10'),
(150, 95, 3, '2022-03-13 00:31:30', '2022-03-13 00:31:30'),
(151, 96, 3, '2022-03-13 00:33:14', '2022-03-13 00:33:14'),
(152, 38, 3, '2022-03-13 00:35:08', '2022-03-13 00:35:08'),
(156, 100, 3, '2022-03-13 00:41:04', '2022-03-13 00:41:04'),
(157, 101, 3, '2022-03-13 00:48:12', '2022-03-13 00:48:12'),
(158, 103, 3, '2022-03-13 00:52:06', '2022-03-13 00:52:06'),
(159, 103, 3, '2022-03-13 00:52:09', '2022-03-13 00:52:09');

-- --------------------------------------------------------

--
-- Estructura de tabla para la tabla `actors`
--

CREATE TABLE `actors` (
  `id` bigint(20) UNSIGNED NOT NULL,
  `actor` varchar(50) COLLATE utf8mb4_unicode_ci NOT NULL,
  `created_at` timestamp NULL DEFAULT NULL,
  `updated_at` timestamp NULL DEFAULT NULL
) ENGINE=MyISAM DEFAULT CHARSET=utf8mb4 COLLATE=utf8mb4_unicode_ci;

--
-- Volcado de datos para la tabla `actors`
--

INSERT INTO `actors` (`id`, `actor`, `created_at`, `updated_at`) VALUES
(7, 'INTERIOR', '2022-03-12 07:55:25', '2022-03-12 07:55:25'),
(2, 'DEFECTOS DE HARDWARE', '2022-03-09 22:49:31', '2022-03-12 07:30:45'),
(3, 'DEFECTOS DE SOFTWARE', '2022-03-11 22:05:19', '2022-03-11 22:05:19'),
(4, 'CÓDIGO MALICIOSO', '2022-03-11 22:13:23', '2022-03-11 22:13:23'),
(5, 'CAIDA DEL SISTEMA', '2022-03-12 07:26:14', '2022-03-12 07:26:14'),
(9, 'PROBLEMAS DE ENERGIA TELECOMUNICACIONES', '2022-03-12 08:54:40', '2022-03-12 08:54:40'),
(8, 'EXTERIOR', '2022-03-12 07:56:17', '2022-03-12 07:56:17'),
(10, 'PROBLEMAS DE TERCERAS PARTES', '2022-03-12 08:55:27', '2022-03-12 08:55:27'),
(11, 'DESASTRES NATURALES', '2022-03-12 08:56:07', '2022-03-12 08:56:07'),
(12, 'CONFIGURACIÓN FÍSICA DE EDIFICIOS, OFICINAS', '2022-03-12 08:56:55', '2022-03-12 08:56:55');

-- --------------------------------------------------------

--
-- Estructura de tabla para la tabla `consecues`
--

CREATE TABLE `consecues` (
  `id` bigint(20) UNSIGNED NOT NULL,
  `consecue` varchar(100) COLLATE utf8mb4_unicode_ci NOT NULL,
  `tconsecu_id` int(10) UNSIGNED NOT NULL COMMENT 'IDENTIFICADOR DEL MOTIVO-RESULTADO',
  `created_at` timestamp NULL DEFAULT NULL,
  `updated_at` timestamp NULL DEFAULT NULL
) ENGINE=MyISAM DEFAULT CHARSET=utf8mb4 COLLATE=utf8mb4_unicode_ci;

--
-- Volcado de datos para la tabla `consecues`
--

INSERT INTO `consecues` (`id`, `consecue`, `tconsecu_id`, `created_at`, `updated_at`) VALUES
(1, 'CONSECUENCIA 1', 1, '2022-03-14 17:44:53', '2022-03-14 17:44:53'),
(2, 'CONSECUENCIA 2', 1, '2022-03-14 17:44:53', '2022-03-14 17:44:53'),
(3, 'CONSECUENCIA 3', 1, '2022-03-14 17:44:53', '2022-03-14 17:44:53'),
(4, 'CONSECUENCIA 4', 1, '2022-03-14 17:44:53', '2022-03-14 17:44:53'),
(5, 'CONSECUENCIA 5', 1, '2022-03-14 17:44:53', '2022-03-14 17:44:53'),
(6, 'CONSECUENCIA 6', 1, '2022-03-14 17:44:53', '2022-03-14 17:44:53'),
(7, 'CONSECUENCIA 7', 2, '2022-03-14 17:44:53', '2022-03-14 17:44:53'),
(8, 'CONSECUENCIA 8', 2, '2022-03-14 17:44:53', '2022-03-14 17:44:53'),
(9, 'CONSECUENCIA 9', 2, '2022-03-14 17:44:53', '2022-03-14 17:44:53'),
(10, 'CONSECUENCIA 10', 2, '2022-03-14 17:44:53', '2022-03-14 17:44:53'),
(11, 'CONSECUENCIA 11', 2, '2022-03-14 17:44:53', '2022-03-14 17:44:53'),
(12, 'CONSECUENCIA 12', 2, '2022-03-14 17:44:53', '2022-03-14 17:44:53'),
(13, 'CONSECUENCIA 13', 3, '2022-03-14 17:44:53', '2022-03-14 17:44:53'),
(14, 'CONSECUENCIA 14', 3, '2022-03-14 17:44:53', '2022-03-14 17:44:53'),
(15, 'CONSECUENCIA 15', 3, '2022-03-14 17:44:53', '2022-03-14 17:44:53'),
(16, 'CONSECUENCIA 16', 3, '2022-03-14 17:44:53', '2022-03-14 17:44:53'),
(17, 'CONSECUENCIA 17', 3, '2022-03-14 17:44:53', '2022-03-14 17:44:53'),
(18, 'CONSECUENCIA 18', 3, '2022-03-14 17:44:53', '2022-03-14 17:44:53'),
(19, 'CONSECUENCIA 19', 4, '2022-03-14 17:44:53', '2022-03-14 17:44:53'),
(20, 'CONSECUENCIA 20', 4, '2022-03-14 17:44:53', '2022-03-14 17:44:53'),
(21, 'CONSECUENCIA 21', 4, '2022-03-14 17:44:53', '2022-03-14 17:44:53'),
(22, 'CONSECUENCIA 22', 4, '2022-03-14 17:44:53', '2022-03-14 17:44:53'),
(23, 'CONSECUENCIA 23', 4, '2022-03-14 17:44:53', '2022-03-14 17:44:53'),
(24, 'CONSECUENCIA 24', 4, '2022-03-14 17:44:53', '2022-03-14 17:44:53'),
(25, 'CONSECUENCIA 25', 5, '2022-03-14 17:44:53', '2022-03-14 17:44:53'),
(26, 'CONSECUENCIA 26', 5, '2022-03-14 17:44:53', '2022-03-14 17:44:53'),
(27, 'CONSECUENCIA 27', 5, '2022-03-14 17:44:53', '2022-03-14 17:44:53'),
(28, 'CONSECUENCIA 28', 5, '2022-03-14 17:44:53', '2022-03-14 17:44:53'),
(29, 'CONSECUENCIA 29', 5, '2022-03-14 17:44:53', '2022-03-14 17:44:53'),
(30, 'CONSECUENCIA 30', 5, '2022-03-14 17:44:53', '2022-03-14 17:44:53');

-- --------------------------------------------------------

--
-- Estructura de tabla para la tabla `consprobs`
--

CREATE TABLE `consprobs` (
  `id` bigint(20) UNSIGNED NOT NULL,
  `consecue_id` int(10) UNSIGNED NOT NULL COMMENT 'IDENTIFICADOR DEL MOTIVO-RESULTADO',
  `probabil_id` int(10) UNSIGNED NOT NULL COMMENT 'IDENTIFICADOR DEL MOTIVO-RESULTADO',
  `created_at` timestamp NULL DEFAULT NULL,
  `updated_at` timestamp NULL DEFAULT NULL
) ENGINE=MyISAM DEFAULT CHARSET=utf8mb4 COLLATE=utf8mb4_unicode_ci;

-- --------------------------------------------------------

--
-- Estructura de tabla para la tabla `failed_jobs`
--

CREATE TABLE `failed_jobs` (
  `id` bigint(20) UNSIGNED NOT NULL,
  `connection` text COLLATE utf8mb4_unicode_ci NOT NULL,
  `queue` text COLLATE utf8mb4_unicode_ci NOT NULL,
  `payload` longtext COLLATE utf8mb4_unicode_ci NOT NULL,
  `exception` longtext COLLATE utf8mb4_unicode_ci NOT NULL,
  `failed_at` timestamp NOT NULL DEFAULT current_timestamp()
) ENGINE=MyISAM DEFAULT CHARSET=utf8mb4 COLLATE=utf8mb4_unicode_ci;

-- --------------------------------------------------------

--
-- Estructura de tabla para la tabla `herramies`
--

CREATE TABLE `herramies` (
  `id` bigint(20) UNSIGNED NOT NULL,
  `herramie` varchar(50) COLLATE utf8mb4_unicode_ci NOT NULL,
  `created_at` timestamp NULL DEFAULT NULL,
  `updated_at` timestamp NULL DEFAULT NULL
) ENGINE=MyISAM DEFAULT CHARSET=utf8mb4 COLLATE=utf8mb4_unicode_ci;

--
-- Volcado de datos para la tabla `herramies`
--

INSERT INTO `herramies` (`id`, `herramie`, `created_at`, `updated_at`) VALUES
(1, 'HERRAMIENTA', '2022-03-14 17:44:53', '2022-03-14 17:44:53'),
(2, 'CHECKLIST/SCRIPT', '2022-03-14 17:44:53', '2022-03-14 17:44:53');

-- --------------------------------------------------------

--
-- Estructura de tabla para la tabla `impactos`
--

CREATE TABLE `impactos` (
  `id` bigint(20) UNSIGNED NOT NULL,
  `impacto` varchar(50) COLLATE utf8mb4_unicode_ci NOT NULL,
  `created_at` timestamp NULL DEFAULT NULL,
  `updated_at` timestamp NULL DEFAULT NULL
) ENGINE=MyISAM DEFAULT CHARSET=utf8mb4 COLLATE=utf8mb4_unicode_ci;

--
-- Volcado de datos para la tabla `impactos`
--

INSERT INTO `impactos` (`id`, `impacto`, `created_at`, `updated_at`) VALUES
(1, 'REPUTACION O IMAGEN ANTE CLIENTES EXTERNOS', '2022-03-14 17:44:47', '2022-03-14 17:44:47'),
(2, 'PRODUCTIVIDAD', '2022-03-14 17:44:47', '2022-03-14 17:44:47'),
(3, 'FINANICIERA', '2022-03-14 17:44:47', '2022-03-14 17:44:47'),
(4, 'LEGAL', '2022-03-14 17:44:47', '2022-03-14 17:44:47');

-- --------------------------------------------------------

--
-- Estructura de tabla para la tabla `impanives`
--

CREATE TABLE `impanives` (
  `id` bigint(20) UNSIGNED NOT NULL,
  `descripc` varchar(1000) COLLATE utf8mb4_unicode_ci NOT NULL,
  `nivel_id` int(10) UNSIGNED NOT NULL COMMENT 'IDENTIFICADOR DEL NIVEL',
  `impacto_id` int(10) UNSIGNED NOT NULL COMMENT 'IDENTIFICADOR DEL IMPACTO',
  `impanive` double(5,2) NOT NULL,
  `created_at` timestamp NULL DEFAULT NULL,
  `updated_at` timestamp NULL DEFAULT NULL
) ENGINE=MyISAM DEFAULT CHARSET=utf8mb4 COLLATE=utf8mb4_unicode_ci;

--
-- Volcado de datos para la tabla `impanives`
--

INSERT INTO `impanives` (`id`, `descripc`, `nivel_id`, `impacto_id`, `impanive`, `created_at`, `updated_at`) VALUES
(1, 'LA IMAGEN ANTE LA COMUNIDAD COMERCIAL Y EL EMPRESARIADO COLOMBIANO QUEDA PERMANENTEMENT DAÑADA. HAY PERDIDA SERIA DE CREDIBILIDAD', 2, 1, 50.00, '2022-03-14 17:44:47', '2022-03-14 17:44:47'),
(2, 'RUE NO PUEDE HACER CONTROL DE HOMONIMIA. NO PUEDE ATENDER REGISTRO NACIONAL', 2, 2, 50.00, '2022-03-14 17:44:47', '2022-03-14 17:44:47'),
(3, 'PERDIDA ECONOMICA ALTA', 2, 3, 50.00, '2022-03-14 17:44:47', '2022-03-14 17:44:47'),
(4, 'NO SE CUMPLE LA CIRCULAR 5, LEY GENERAL DE ARCHIVO, CODIGO COMERCIO. ALTA PROBABILIDAD DE SANCIONES POR PARTE DE LA SIC', 2, 4, 50.00, '2022-03-14 17:44:47', '2022-03-14 17:44:47'),
(5, 'REPUTACION DAÑADA, SE REQUIERE UN ESFUERZO INPORTANTE PARA RECUPERAR LA CONFIANZA. RESUCCION DE LA CREDIBILIDAD DE LOS SERVICIOS PRESTADOS POR RUE', 3, 1, 75.00, '2022-03-14 17:44:47', '2022-03-14 17:44:47'),
(6, 'RUE PUEDE HACER CONTROL DE HOONIMIA Y REGISTRO NACIONAL, PERO SE TARDA MAS DE LO ESPERADO O DEBE PASAR A PROCESOS MANUALES', 3, 2, 75.00, '2022-03-14 17:44:47', '2022-03-14 17:44:47'),
(7, 'PERDIDA ECONOMICA CONSIDERABLE PARA LA ORGANIZACION', 3, 3, 75.00, '2022-03-14 17:44:47', '2022-03-14 17:44:47'),
(8, 'NO SE CUMPLEN ALGUNAS REGULACIONES. POSIBILIDAD DE SANCIONES POR PARTE DE LA SIC', 3, 4, 75.00, '2022-03-14 17:44:47', '2022-03-14 17:44:47'),
(9, 'REPUTACION AFECTDA AL MINIMO, CON ALGO DE ESFUERZO, ES FACIL DE RECUPERAR. CREDIBILIDAD EN LOS SERVICIOS RUE ALGO DISMINUIDA PERO FACTIBLE DE COBRAR', 4, 1, 100.00, '2022-03-14 17:44:47', '2022-03-14 17:44:47'),
(10, 'SE TIENE QUE HACER UN ESFUERZO ADICIONAL PARA CONTROL DE HOMONIMIA Y REGRISTRO NACIONAL PERO TODAVIA SE HACE A TIEMPO', 4, 2, 100.00, '2022-03-14 17:44:47', '2022-03-14 17:44:47'),
(11, 'PERDIDA CONOMICA POCO SIGNIFICATIVA O NULA.', 4, 3, 100.00, '2022-03-14 17:44:47', '2022-03-14 17:44:47'),
(12, 'HAY ATRASOS POERO TODAVIA SE CUMPLEN LOS PLAZOS ESTABLECIDOS', 4, 4, 100.00, '2022-03-14 17:44:47', '2022-03-14 17:44:47');

-- --------------------------------------------------------

--
-- Estructura de tabla para la tabla `impasumas`
--

CREATE TABLE `impasumas` (
  `id` bigint(20) UNSIGNED NOT NULL,
  `motiresu_id` int(10) UNSIGNED NOT NULL COMMENT 'IDENTIFICADOR DEL MOTIVO-RESULTADO',
  `nivel_id` int(10) UNSIGNED NOT NULL COMMENT 'IDENTIFICADOR DEL NIVEL',
  `totaimpa` int(10) UNSIGNED NOT NULL COMMENT 'SUMA DE TODOS LOS IMPACTOS QUE TIENE ESE RESULTADO',
  `created_at` timestamp NULL DEFAULT NULL,
  `updated_at` timestamp NULL DEFAULT NULL
) ENGINE=MyISAM DEFAULT CHARSET=utf8mb4 COLLATE=utf8mb4_unicode_ci;

--
-- Volcado de datos para la tabla `impasumas`
--

INSERT INTO `impasumas` (`id`, `motiresu_id`, `nivel_id`, `totaimpa`, `created_at`, `updated_at`) VALUES
(1, 1, 4, 325, '2022-03-14 17:44:48', '2022-03-14 17:44:48'),
(2, 2, 4, 325, '2022-03-14 17:44:48', '2022-03-14 17:44:49'),
(3, 3, 4, 325, '2022-03-14 17:44:49', '2022-03-14 17:44:49'),
(4, 4, 4, 325, '2022-03-14 17:44:49', '2022-03-14 17:44:49'),
(5, 5, 4, 325, '2022-03-14 17:44:49', '2022-03-14 17:44:49'),
(6, 6, 4, 325, '2022-03-14 17:44:49', '2022-03-14 17:44:49'),
(7, 7, 4, 325, '2022-03-14 17:44:49', '2022-03-14 17:44:49'),
(8, 8, 4, 325, '2022-03-14 17:44:49', '2022-03-14 17:44:49'),
(9, 9, 4, 325, '2022-03-14 17:44:49', '2022-03-14 17:44:49'),
(10, 10, 4, 325, '2022-03-14 17:44:49', '2022-03-14 17:44:49'),
(11, 11, 4, 325, '2022-03-14 17:44:49', '2022-03-14 17:44:49'),
(12, 12, 4, 325, '2022-03-14 17:44:49', '2022-03-14 17:44:49'),
(13, 13, 4, 325, '2022-03-14 17:44:49', '2022-03-14 17:44:49'),
(14, 14, 4, 325, '2022-03-14 17:44:49', '2022-03-14 17:44:49'),
(15, 15, 4, 325, '2022-03-14 17:44:49', '2022-03-14 17:44:49'),
(16, 16, 4, 325, '2022-03-14 17:44:49', '2022-03-14 17:44:49'),
(17, 17, 4, 325, '2022-03-14 17:44:49', '2022-03-14 17:44:49'),
(18, 18, 4, 325, '2022-03-14 17:44:49', '2022-03-14 17:44:49'),
(19, 19, 4, 325, '2022-03-14 17:44:49', '2022-03-14 17:44:49'),
(20, 20, 4, 325, '2022-03-14 17:44:49', '2022-03-14 17:44:49'),
(21, 21, 4, 325, '2022-03-14 17:44:49', '2022-03-14 17:44:49'),
(22, 22, 4, 325, '2022-03-14 17:44:49', '2022-03-14 17:44:49'),
(23, 23, 4, 325, '2022-03-14 17:44:49', '2022-03-14 17:44:49'),
(24, 24, 4, 325, '2022-03-14 17:44:49', '2022-03-14 17:44:49'),
(25, 25, 4, 325, '2022-03-14 17:44:49', '2022-03-14 17:44:49'),
(26, 26, 4, 325, '2022-03-14 17:44:49', '2022-03-14 17:44:49'),
(27, 27, 4, 325, '2022-03-14 17:44:49', '2022-03-14 17:44:49'),
(28, 28, 4, 325, '2022-03-14 17:44:49', '2022-03-14 17:44:49'),
(29, 29, 4, 325, '2022-03-14 17:44:49', '2022-03-14 17:44:49'),
(30, 30, 4, 325, '2022-03-14 17:44:49', '2022-03-14 17:44:49'),
(31, 31, 4, 325, '2022-03-14 17:44:49', '2022-03-14 17:44:49'),
(32, 32, 4, 325, '2022-03-14 17:44:49', '2022-03-14 17:44:49'),
(33, 33, 4, 325, '2022-03-14 17:44:49', '2022-03-14 17:44:49'),
(34, 34, 4, 325, '2022-03-14 17:44:49', '2022-03-14 17:44:49'),
(35, 35, 4, 325, '2022-03-14 17:44:49', '2022-03-14 17:44:49'),
(36, 36, 4, 325, '2022-03-14 17:44:49', '2022-03-14 17:44:49'),
(37, 37, 4, 325, '2022-03-14 17:44:49', '2022-03-14 17:44:49'),
(38, 38, 4, 325, '2022-03-14 17:44:49', '2022-03-14 17:44:49'),
(39, 39, 4, 325, '2022-03-14 17:44:49', '2022-03-14 17:44:49'),
(40, 40, 4, 325, '2022-03-14 17:44:49', '2022-03-14 17:44:49'),
(41, 41, 4, 325, '2022-03-14 17:44:49', '2022-03-14 17:44:49'),
(42, 42, 4, 325, '2022-03-14 17:44:49', '2022-03-14 17:44:49'),
(43, 43, 4, 325, '2022-03-14 17:44:49', '2022-03-14 17:44:49'),
(44, 44, 4, 325, '2022-03-14 17:44:49', '2022-03-14 17:44:49'),
(45, 45, 4, 325, '2022-03-14 17:44:49', '2022-03-14 17:44:49'),
(46, 46, 4, 325, '2022-03-14 17:44:49', '2022-03-14 17:44:49'),
(47, 47, 4, 325, '2022-03-14 17:44:49', '2022-03-14 17:44:49'),
(48, 48, 4, 325, '2022-03-14 17:44:49', '2022-03-14 17:44:49'),
(49, 49, 4, 325, '2022-03-14 17:44:49', '2022-03-14 17:44:49'),
(50, 50, 4, 325, '2022-03-14 17:44:49', '2022-03-14 17:44:49'),
(51, 51, 4, 325, '2022-03-14 17:44:49', '2022-03-14 17:44:49'),
(52, 52, 4, 325, '2022-03-14 17:44:49', '2022-03-14 17:44:49'),
(53, 53, 4, 325, '2022-03-14 17:44:49', '2022-03-14 17:44:49'),
(54, 54, 4, 325, '2022-03-14 17:44:49', '2022-03-14 17:44:49'),
(55, 55, 4, 325, '2022-03-14 17:44:49', '2022-03-14 17:44:49'),
(56, 56, 4, 325, '2022-03-14 17:44:49', '2022-03-14 17:44:49'),
(57, 57, 4, 325, '2022-03-14 17:44:49', '2022-03-14 17:44:49'),
(58, 58, 4, 325, '2022-03-14 17:44:49', '2022-03-14 17:44:49'),
(59, 59, 4, 325, '2022-03-14 17:44:49', '2022-03-14 17:44:49'),
(60, 60, 4, 325, '2022-03-14 17:44:49', '2022-03-14 17:44:49'),
(61, 61, 4, 325, '2022-03-14 17:44:49', '2022-03-14 17:44:49'),
(62, 62, 4, 325, '2022-03-14 17:44:49', '2022-03-14 17:44:49'),
(63, 63, 4, 325, '2022-03-14 17:44:49', '2022-03-14 17:44:49'),
(64, 64, 4, 325, '2022-03-14 17:44:49', '2022-03-14 17:44:49'),
(65, 65, 4, 325, '2022-03-14 17:44:49', '2022-03-14 17:44:49'),
(66, 66, 4, 325, '2022-03-14 17:44:49', '2022-03-14 17:44:49'),
(67, 67, 4, 325, '2022-03-14 17:44:49', '2022-03-14 17:44:49'),
(68, 68, 4, 325, '2022-03-14 17:44:49', '2022-03-14 17:44:49'),
(69, 69, 4, 325, '2022-03-14 17:44:49', '2022-03-14 17:44:49'),
(70, 70, 4, 325, '2022-03-14 17:44:49', '2022-03-14 17:44:49'),
(71, 71, 4, 325, '2022-03-14 17:44:49', '2022-03-14 17:44:49'),
(72, 72, 4, 325, '2022-03-14 17:44:49', '2022-03-14 17:44:49'),
(73, 73, 4, 325, '2022-03-14 17:44:49', '2022-03-14 17:44:49'),
(74, 74, 4, 325, '2022-03-14 17:44:49', '2022-03-14 17:44:49'),
(75, 75, 4, 325, '2022-03-14 17:44:49', '2022-03-14 17:44:49'),
(76, 76, 4, 325, '2022-03-14 17:44:49', '2022-03-14 17:44:49'),
(77, 77, 4, 325, '2022-03-14 17:44:49', '2022-03-14 17:44:49'),
(78, 78, 4, 325, '2022-03-14 17:44:49', '2022-03-14 17:44:49'),
(79, 79, 4, 325, '2022-03-14 17:44:49', '2022-03-14 17:44:49'),
(80, 80, 4, 325, '2022-03-14 17:44:49', '2022-03-14 17:44:49'),
(81, 81, 4, 325, '2022-03-14 17:44:49', '2022-03-14 17:44:49'),
(82, 82, 4, 325, '2022-03-14 17:44:49', '2022-03-14 17:44:49'),
(83, 83, 4, 325, '2022-03-14 17:44:49', '2022-03-14 17:44:49'),
(84, 84, 4, 325, '2022-03-14 17:44:49', '2022-03-14 17:44:49'),
(85, 85, 4, 325, '2022-03-14 17:44:49', '2022-03-14 17:44:49'),
(86, 86, 4, 325, '2022-03-14 17:44:49', '2022-03-14 17:44:49'),
(87, 87, 4, 325, '2022-03-14 17:44:49', '2022-03-14 17:44:49'),
(88, 88, 4, 325, '2022-03-14 17:44:49', '2022-03-14 17:44:49'),
(89, 89, 4, 325, '2022-03-14 17:44:49', '2022-03-14 17:44:49'),
(90, 90, 4, 325, '2022-03-14 17:44:49', '2022-03-14 17:44:49'),
(91, 91, 4, 325, '2022-03-14 17:44:49', '2022-03-14 17:44:49'),
(92, 92, 4, 325, '2022-03-14 17:44:49', '2022-03-14 17:44:49'),
(93, 93, 4, 325, '2022-03-14 17:44:49', '2022-03-14 17:44:49'),
(94, 94, 4, 325, '2022-03-14 17:44:49', '2022-03-14 17:44:49'),
(95, 95, 4, 325, '2022-03-14 17:44:49', '2022-03-14 17:44:49'),
(96, 96, 4, 325, '2022-03-14 17:44:49', '2022-03-14 17:44:49'),
(97, 97, 4, 325, '2022-03-14 17:44:49', '2022-03-14 17:44:49'),
(98, 98, 4, 325, '2022-03-14 17:44:49', '2022-03-14 17:44:49'),
(99, 99, 4, 325, '2022-03-14 17:44:49', '2022-03-14 17:44:49'),
(100, 100, 4, 325, '2022-03-14 17:44:49', '2022-03-14 17:44:49'),
(101, 101, 4, 325, '2022-03-14 17:44:49', '2022-03-14 17:44:49'),
(102, 102, 4, 325, '2022-03-14 17:44:49', '2022-03-14 17:44:49'),
(103, 103, 4, 325, '2022-03-14 17:44:49', '2022-03-14 17:44:49'),
(104, 104, 4, 325, '2022-03-14 17:44:49', '2022-03-14 17:44:49'),
(105, 105, 4, 325, '2022-03-14 17:44:49', '2022-03-14 17:44:49'),
(106, 106, 4, 325, '2022-03-14 17:44:49', '2022-03-14 17:44:49'),
(107, 107, 4, 325, '2022-03-14 17:44:49', '2022-03-14 17:44:49'),
(108, 108, 4, 325, '2022-03-14 17:44:49', '2022-03-14 17:44:49'),
(109, 109, 4, 325, '2022-03-14 17:44:49', '2022-03-14 17:44:49'),
(110, 110, 4, 325, '2022-03-14 17:44:49', '2022-03-14 17:44:49'),
(111, 111, 4, 325, '2022-03-14 17:44:49', '2022-03-14 17:44:49'),
(112, 112, 4, 325, '2022-03-14 17:44:49', '2022-03-14 17:44:49'),
(113, 113, 4, 325, '2022-03-14 17:44:49', '2022-03-14 17:44:49'),
(114, 114, 4, 325, '2022-03-14 17:44:49', '2022-03-14 17:44:49'),
(115, 115, 4, 325, '2022-03-14 17:44:49', '2022-03-14 17:44:49'),
(116, 116, 4, 325, '2022-03-14 17:44:49', '2022-03-14 17:44:49'),
(117, 117, 4, 325, '2022-03-14 17:44:49', '2022-03-14 17:44:49'),
(118, 118, 4, 325, '2022-03-14 17:44:49', '2022-03-14 17:44:49'),
(119, 119, 4, 325, '2022-03-14 17:44:49', '2022-03-14 17:44:49'),
(120, 120, 4, 325, '2022-03-14 17:44:49', '2022-03-14 17:44:49'),
(121, 121, 4, 325, '2022-03-14 17:44:49', '2022-03-14 17:44:49'),
(122, 122, 4, 325, '2022-03-14 17:44:49', '2022-03-14 17:44:49'),
(123, 123, 4, 325, '2022-03-14 17:44:49', '2022-03-14 17:44:49'),
(124, 124, 4, 325, '2022-03-14 17:44:49', '2022-03-14 17:44:49'),
(125, 125, 4, 325, '2022-03-14 17:44:49', '2022-03-14 17:44:49'),
(126, 126, 4, 325, '2022-03-14 17:44:49', '2022-03-14 17:44:49'),
(127, 127, 4, 325, '2022-03-14 17:44:49', '2022-03-14 17:44:49'),
(128, 128, 4, 325, '2022-03-14 17:44:49', '2022-03-14 17:44:49'),
(129, 129, 4, 325, '2022-03-14 17:44:49', '2022-03-14 17:44:49'),
(130, 130, 4, 325, '2022-03-14 17:44:49', '2022-03-14 17:44:49'),
(131, 131, 4, 325, '2022-03-14 17:44:49', '2022-03-14 17:44:49'),
(132, 132, 4, 325, '2022-03-14 17:44:49', '2022-03-14 17:44:49'),
(133, 133, 4, 325, '2022-03-14 17:44:49', '2022-03-14 17:44:49'),
(134, 134, 4, 325, '2022-03-14 17:44:49', '2022-03-14 17:44:49'),
(135, 135, 4, 325, '2022-03-14 17:44:49', '2022-03-14 17:44:49'),
(136, 136, 4, 325, '2022-03-14 17:44:49', '2022-03-14 17:44:49'),
(137, 137, 4, 325, '2022-03-14 17:44:49', '2022-03-14 17:44:49'),
(138, 138, 4, 325, '2022-03-14 17:44:49', '2022-03-14 17:44:49'),
(139, 139, 4, 325, '2022-03-14 17:44:49', '2022-03-14 17:44:49'),
(140, 140, 4, 325, '2022-03-14 17:44:49', '2022-03-14 17:44:49'),
(141, 141, 4, 325, '2022-03-14 17:44:49', '2022-03-14 17:44:49'),
(142, 142, 4, 325, '2022-03-14 17:44:49', '2022-03-14 17:44:49'),
(143, 143, 4, 325, '2022-03-14 17:44:49', '2022-03-14 17:44:49'),
(144, 144, 4, 325, '2022-03-14 17:44:49', '2022-03-14 17:44:49'),
(145, 145, 4, 325, '2022-03-14 17:44:49', '2022-03-14 17:44:49'),
(146, 146, 4, 325, '2022-03-14 17:44:49', '2022-03-14 17:44:49'),
(147, 147, 4, 325, '2022-03-14 17:44:49', '2022-03-14 17:44:49'),
(148, 148, 4, 325, '2022-03-14 17:44:49', '2022-03-14 17:44:49'),
(149, 149, 4, 325, '2022-03-14 17:44:49', '2022-03-14 17:44:49'),
(150, 150, 4, 325, '2022-03-14 17:44:49', '2022-03-14 17:44:49'),
(151, 151, 4, 325, '2022-03-14 17:44:49', '2022-03-14 17:44:49'),
(152, 152, 4, 325, '2022-03-14 17:44:49', '2022-03-14 17:44:49'),
(153, 153, 4, 325, '2022-03-14 17:44:49', '2022-03-14 17:44:49'),
(154, 154, 4, 325, '2022-03-14 17:44:49', '2022-03-14 17:44:49'),
(155, 155, 4, 325, '2022-03-14 17:44:49', '2022-03-14 17:44:49'),
(156, 156, 4, 325, '2022-03-14 17:44:49', '2022-03-14 17:44:49'),
(157, 157, 4, 325, '2022-03-14 17:44:49', '2022-03-14 17:44:49'),
(158, 158, 4, 325, '2022-03-14 17:44:49', '2022-03-14 17:44:49'),
(159, 159, 4, 325, '2022-03-14 17:44:49', '2022-03-14 17:44:49'),
(160, 160, 4, 325, '2022-03-14 17:44:49', '2022-03-14 17:44:49'),
(161, 161, 4, 325, '2022-03-14 17:44:49', '2022-03-14 17:44:49'),
(162, 162, 4, 325, '2022-03-14 17:44:49', '2022-03-14 17:44:49'),
(163, 163, 4, 325, '2022-03-14 17:44:49', '2022-03-14 17:44:49'),
(164, 164, 4, 325, '2022-03-14 17:44:49', '2022-03-14 17:44:49'),
(165, 165, 4, 325, '2022-03-14 17:44:49', '2022-03-14 17:44:49'),
(166, 166, 4, 325, '2022-03-14 17:44:50', '2022-03-14 17:44:50'),
(167, 167, 4, 325, '2022-03-14 17:44:50', '2022-03-14 17:44:50'),
(168, 168, 4, 325, '2022-03-14 17:44:50', '2022-03-14 17:44:50'),
(169, 169, 4, 325, '2022-03-14 17:44:50', '2022-03-14 17:44:50'),
(170, 170, 4, 325, '2022-03-14 17:44:50', '2022-03-14 17:44:50'),
(171, 171, 4, 325, '2022-03-14 17:44:50', '2022-03-14 17:44:50'),
(172, 172, 4, 325, '2022-03-14 17:44:50', '2022-03-14 17:44:50'),
(173, 173, 4, 325, '2022-03-14 17:44:50', '2022-03-14 17:44:50'),
(174, 174, 4, 325, '2022-03-14 17:44:50', '2022-03-14 17:44:50'),
(175, 175, 4, 325, '2022-03-14 17:44:50', '2022-03-14 17:44:50'),
(176, 176, 4, 325, '2022-03-14 17:44:50', '2022-03-14 17:44:50'),
(177, 177, 4, 325, '2022-03-14 17:44:50', '2022-03-14 17:44:50'),
(178, 178, 4, 325, '2022-03-14 17:44:50', '2022-03-14 17:44:50'),
(179, 179, 4, 325, '2022-03-14 17:44:50', '2022-03-14 17:44:50'),
(180, 180, 4, 325, '2022-03-14 17:44:50', '2022-03-14 17:44:50'),
(181, 181, 4, 325, '2022-03-14 17:44:50', '2022-03-14 17:44:50'),
(182, 182, 4, 325, '2022-03-14 17:44:50', '2022-03-14 17:44:50'),
(183, 183, 4, 325, '2022-03-14 17:44:50', '2022-03-14 17:44:50'),
(184, 184, 4, 325, '2022-03-14 17:44:50', '2022-03-14 17:44:50'),
(185, 185, 4, 325, '2022-03-14 17:44:50', '2022-03-14 17:44:50'),
(186, 186, 4, 325, '2022-03-14 17:44:50', '2022-03-14 17:44:50'),
(187, 187, 4, 325, '2022-03-14 17:44:50', '2022-03-14 17:44:50'),
(188, 188, 4, 325, '2022-03-14 17:44:50', '2022-03-14 17:44:50'),
(189, 189, 4, 325, '2022-03-14 17:44:50', '2022-03-14 17:44:50'),
(190, 190, 4, 325, '2022-03-14 17:44:50', '2022-03-14 17:44:50'),
(191, 191, 4, 325, '2022-03-14 17:44:50', '2022-03-14 17:44:50'),
(192, 192, 4, 325, '2022-03-14 17:44:50', '2022-03-14 17:44:50'),
(193, 193, 4, 325, '2022-03-14 17:44:50', '2022-03-14 17:44:50'),
(194, 194, 4, 325, '2022-03-14 17:44:50', '2022-03-14 17:44:50'),
(195, 195, 4, 325, '2022-03-14 17:44:50', '2022-03-14 17:44:50'),
(196, 196, 4, 325, '2022-03-14 17:44:50', '2022-03-14 17:44:50'),
(197, 197, 4, 325, '2022-03-14 17:44:50', '2022-03-14 17:44:50'),
(198, 198, 4, 325, '2022-03-14 17:44:50', '2022-03-14 17:44:50'),
(199, 199, 4, 325, '2022-03-14 17:44:50', '2022-03-14 17:44:50'),
(200, 200, 4, 325, '2022-03-14 17:44:50', '2022-03-14 17:44:50'),
(201, 201, 4, 325, '2022-03-14 17:44:50', '2022-03-14 17:44:50'),
(202, 202, 4, 325, '2022-03-14 17:44:50', '2022-03-14 17:44:50'),
(203, 203, 4, 325, '2022-03-14 17:44:50', '2022-03-14 17:44:50'),
(204, 204, 4, 325, '2022-03-14 17:44:50', '2022-03-14 17:44:50'),
(205, 205, 4, 325, '2022-03-14 17:44:50', '2022-03-14 17:44:50'),
(206, 206, 4, 325, '2022-03-14 17:44:50', '2022-03-14 17:44:50'),
(207, 207, 4, 325, '2022-03-14 17:44:50', '2022-03-14 17:44:50'),
(208, 208, 4, 325, '2022-03-14 17:44:50', '2022-03-14 17:44:50'),
(209, 209, 4, 325, '2022-03-14 17:44:50', '2022-03-14 17:44:50'),
(210, 210, 4, 325, '2022-03-14 17:44:50', '2022-03-14 17:44:50'),
(211, 211, 4, 325, '2022-03-14 17:44:50', '2022-03-14 17:44:50'),
(212, 212, 4, 325, '2022-03-14 17:44:50', '2022-03-14 17:44:50'),
(213, 213, 4, 325, '2022-03-14 17:44:50', '2022-03-14 17:44:50'),
(214, 214, 4, 325, '2022-03-14 17:44:50', '2022-03-14 17:44:50'),
(215, 215, 4, 325, '2022-03-14 17:44:50', '2022-03-14 17:44:50'),
(216, 216, 4, 325, '2022-03-14 17:44:50', '2022-03-14 17:44:50'),
(217, 217, 4, 325, '2022-03-14 17:44:50', '2022-03-14 17:44:50'),
(218, 218, 4, 325, '2022-03-14 17:44:50', '2022-03-14 17:44:50'),
(219, 219, 4, 325, '2022-03-14 17:44:50', '2022-03-14 17:44:50'),
(220, 220, 4, 325, '2022-03-14 17:44:50', '2022-03-14 17:44:50'),
(221, 221, 4, 325, '2022-03-14 17:44:50', '2022-03-14 17:44:50'),
(222, 222, 4, 325, '2022-03-14 17:44:50', '2022-03-14 17:44:50'),
(223, 223, 4, 325, '2022-03-14 17:44:50', '2022-03-14 17:44:50'),
(224, 224, 4, 325, '2022-03-14 17:44:50', '2022-03-14 17:44:50'),
(225, 225, 4, 325, '2022-03-14 17:44:50', '2022-03-14 17:44:50'),
(226, 226, 4, 325, '2022-03-14 17:44:50', '2022-03-14 17:44:50'),
(227, 227, 4, 325, '2022-03-14 17:44:50', '2022-03-14 17:44:50'),
(228, 228, 4, 325, '2022-03-14 17:44:50', '2022-03-14 17:44:50'),
(229, 229, 4, 325, '2022-03-14 17:44:50', '2022-03-14 17:44:50'),
(230, 230, 4, 325, '2022-03-14 17:44:50', '2022-03-14 17:44:50'),
(231, 231, 4, 325, '2022-03-14 17:44:50', '2022-03-14 17:44:50'),
(232, 232, 4, 325, '2022-03-14 17:44:50', '2022-03-14 17:44:50'),
(233, 233, 4, 325, '2022-03-14 17:44:50', '2022-03-14 17:44:50'),
(234, 234, 4, 325, '2022-03-14 17:44:50', '2022-03-14 17:44:50'),
(235, 235, 4, 325, '2022-03-14 17:44:50', '2022-03-14 17:44:50'),
(236, 236, 4, 325, '2022-03-14 17:44:50', '2022-03-14 17:44:50'),
(237, 237, 4, 325, '2022-03-14 17:44:50', '2022-03-14 17:44:50'),
(238, 238, 4, 325, '2022-03-14 17:44:50', '2022-03-14 17:44:50'),
(239, 239, 4, 325, '2022-03-14 17:44:50', '2022-03-14 17:44:50'),
(240, 240, 4, 325, '2022-03-14 17:44:50', '2022-03-14 17:44:50'),
(241, 241, 4, 325, '2022-03-14 17:44:50', '2022-03-14 17:44:50'),
(242, 242, 4, 325, '2022-03-14 17:44:50', '2022-03-14 17:44:50'),
(243, 243, 4, 325, '2022-03-14 17:44:50', '2022-03-14 17:44:50'),
(244, 244, 4, 325, '2022-03-14 17:44:50', '2022-03-14 17:44:50'),
(245, 245, 4, 325, '2022-03-14 17:44:50', '2022-03-14 17:44:50'),
(246, 246, 4, 325, '2022-03-14 17:44:50', '2022-03-14 17:44:50'),
(247, 247, 4, 325, '2022-03-14 17:44:50', '2022-03-14 17:44:50'),
(248, 248, 4, 325, '2022-03-14 17:44:50', '2022-03-14 17:44:50'),
(249, 249, 4, 325, '2022-03-14 17:44:50', '2022-03-14 17:44:50'),
(250, 250, 4, 325, '2022-03-14 17:44:50', '2022-03-14 17:44:50'),
(251, 251, 4, 325, '2022-03-14 17:44:50', '2022-03-14 17:44:50'),
(252, 252, 4, 325, '2022-03-14 17:44:50', '2022-03-14 17:44:50'),
(253, 253, 4, 325, '2022-03-14 17:44:50', '2022-03-14 17:44:50'),
(254, 254, 4, 325, '2022-03-14 17:44:50', '2022-03-14 17:44:50'),
(255, 255, 4, 325, '2022-03-14 17:44:50', '2022-03-14 17:44:50'),
(256, 256, 4, 325, '2022-03-14 17:44:50', '2022-03-14 17:44:50'),
(257, 257, 4, 325, '2022-03-14 17:44:50', '2022-03-14 17:44:50'),
(258, 258, 4, 325, '2022-03-14 17:44:50', '2022-03-14 17:44:50'),
(259, 259, 4, 325, '2022-03-14 17:44:50', '2022-03-14 17:44:50'),
(260, 260, 4, 325, '2022-03-14 17:44:50', '2022-03-14 17:44:50'),
(261, 261, 4, 325, '2022-03-14 17:44:50', '2022-03-14 17:44:50'),
(262, 262, 4, 325, '2022-03-14 17:44:50', '2022-03-14 17:44:50'),
(263, 263, 4, 325, '2022-03-14 17:44:50', '2022-03-14 17:44:50'),
(264, 264, 4, 325, '2022-03-14 17:44:50', '2022-03-14 17:44:50'),
(265, 265, 4, 325, '2022-03-14 17:44:50', '2022-03-14 17:44:50'),
(266, 266, 4, 325, '2022-03-14 17:44:50', '2022-03-14 17:44:50'),
(267, 267, 4, 325, '2022-03-14 17:44:50', '2022-03-14 17:44:50'),
(268, 268, 4, 325, '2022-03-14 17:44:50', '2022-03-14 17:44:50'),
(269, 269, 4, 325, '2022-03-14 17:44:50', '2022-03-14 17:44:50'),
(270, 270, 4, 325, '2022-03-14 17:44:50', '2022-03-14 17:44:50'),
(271, 271, 4, 325, '2022-03-14 17:44:50', '2022-03-14 17:44:50'),
(272, 272, 4, 325, '2022-03-14 17:44:50', '2022-03-14 17:44:50'),
(273, 273, 4, 325, '2022-03-14 17:44:50', '2022-03-14 17:44:50'),
(274, 274, 4, 325, '2022-03-14 17:44:50', '2022-03-14 17:44:50'),
(275, 275, 4, 325, '2022-03-14 17:44:50', '2022-03-14 17:44:50'),
(276, 276, 4, 325, '2022-03-14 17:44:50', '2022-03-14 17:44:50'),
(277, 277, 4, 325, '2022-03-14 17:44:50', '2022-03-14 17:44:50'),
(278, 278, 4, 325, '2022-03-14 17:44:50', '2022-03-14 17:44:50'),
(279, 279, 4, 325, '2022-03-14 17:44:50', '2022-03-14 17:44:50'),
(280, 280, 4, 325, '2022-03-14 17:44:50', '2022-03-14 17:44:50'),
(281, 281, 4, 325, '2022-03-14 17:44:50', '2022-03-14 17:44:50'),
(282, 282, 4, 325, '2022-03-14 17:44:50', '2022-03-14 17:44:50'),
(283, 283, 4, 325, '2022-03-14 17:44:50', '2022-03-14 17:44:50'),
(284, 284, 4, 325, '2022-03-14 17:44:50', '2022-03-14 17:44:50'),
(285, 285, 4, 325, '2022-03-14 17:44:50', '2022-03-14 17:44:50'),
(286, 286, 4, 325, '2022-03-14 17:44:50', '2022-03-14 17:44:50'),
(287, 287, 4, 325, '2022-03-14 17:44:50', '2022-03-14 17:44:50'),
(288, 288, 4, 325, '2022-03-14 17:44:50', '2022-03-14 17:44:50'),
(289, 289, 4, 325, '2022-03-14 17:44:50', '2022-03-14 17:44:50'),
(290, 290, 4, 325, '2022-03-14 17:44:50', '2022-03-14 17:44:50'),
(291, 291, 4, 325, '2022-03-14 17:44:50', '2022-03-14 17:44:50'),
(292, 292, 4, 325, '2022-03-14 17:44:50', '2022-03-14 17:44:50'),
(293, 293, 4, 325, '2022-03-14 17:44:50', '2022-03-14 17:44:50'),
(294, 294, 4, 325, '2022-03-14 17:44:50', '2022-03-14 17:44:50'),
(295, 295, 4, 325, '2022-03-14 17:44:50', '2022-03-14 17:44:50'),
(296, 296, 4, 325, '2022-03-14 17:44:50', '2022-03-14 17:44:50'),
(297, 297, 4, 325, '2022-03-14 17:44:50', '2022-03-14 17:44:50'),
(298, 298, 4, 325, '2022-03-14 17:44:50', '2022-03-14 17:44:50'),
(299, 299, 4, 325, '2022-03-14 17:44:50', '2022-03-14 17:44:50'),
(300, 300, 4, 325, '2022-03-14 17:44:50', '2022-03-14 17:44:50'),
(301, 301, 4, 325, '2022-03-14 17:44:50', '2022-03-14 17:44:50'),
(302, 302, 4, 325, '2022-03-14 17:44:50', '2022-03-14 17:44:50'),
(303, 303, 4, 325, '2022-03-14 17:44:50', '2022-03-14 17:44:50'),
(304, 304, 4, 325, '2022-03-14 17:44:50', '2022-03-14 17:44:50'),
(305, 305, 4, 325, '2022-03-14 17:44:50', '2022-03-14 17:44:50'),
(306, 306, 4, 325, '2022-03-14 17:44:50', '2022-03-14 17:44:50'),
(307, 307, 4, 325, '2022-03-14 17:44:50', '2022-03-14 17:44:50'),
(308, 308, 4, 325, '2022-03-14 17:44:50', '2022-03-14 17:44:50'),
(309, 309, 4, 325, '2022-03-14 17:44:50', '2022-03-14 17:44:50'),
(310, 310, 4, 325, '2022-03-14 17:44:50', '2022-03-14 17:44:50'),
(311, 311, 4, 325, '2022-03-14 17:44:50', '2022-03-14 17:44:50'),
(312, 312, 4, 325, '2022-03-14 17:44:50', '2022-03-14 17:44:50'),
(313, 313, 4, 325, '2022-03-14 17:44:50', '2022-03-14 17:44:50'),
(314, 314, 4, 325, '2022-03-14 17:44:50', '2022-03-14 17:44:50'),
(315, 315, 4, 325, '2022-03-14 17:44:50', '2022-03-14 17:44:50'),
(316, 316, 4, 325, '2022-03-14 17:44:50', '2022-03-14 17:44:50'),
(317, 317, 4, 325, '2022-03-14 17:44:50', '2022-03-14 17:44:50'),
(318, 318, 4, 325, '2022-03-14 17:44:50', '2022-03-14 17:44:50'),
(319, 319, 4, 325, '2022-03-14 17:44:50', '2022-03-14 17:44:50'),
(320, 320, 4, 325, '2022-03-14 17:44:50', '2022-03-14 17:44:50'),
(321, 321, 4, 325, '2022-03-14 17:44:50', '2022-03-14 17:44:50'),
(322, 322, 4, 325, '2022-03-14 17:44:50', '2022-03-14 17:44:50'),
(323, 323, 4, 325, '2022-03-14 17:44:50', '2022-03-14 17:44:50'),
(324, 324, 4, 325, '2022-03-14 17:44:50', '2022-03-14 17:44:50'),
(325, 325, 4, 325, '2022-03-14 17:44:50', '2022-03-14 17:44:50'),
(326, 326, 4, 325, '2022-03-14 17:44:50', '2022-03-14 17:44:50'),
(327, 327, 4, 325, '2022-03-14 17:44:50', '2022-03-14 17:44:50'),
(328, 328, 4, 325, '2022-03-14 17:44:50', '2022-03-14 17:44:50'),
(329, 329, 4, 325, '2022-03-14 17:44:50', '2022-03-14 17:44:50'),
(330, 330, 4, 325, '2022-03-14 17:44:50', '2022-03-14 17:44:50'),
(331, 331, 4, 325, '2022-03-14 17:44:50', '2022-03-14 17:44:51'),
(332, 332, 4, 325, '2022-03-14 17:44:51', '2022-03-14 17:44:51'),
(333, 333, 4, 325, '2022-03-14 17:44:51', '2022-03-14 17:44:51'),
(334, 334, 4, 325, '2022-03-14 17:44:51', '2022-03-14 17:44:51'),
(335, 335, 4, 325, '2022-03-14 17:44:51', '2022-03-14 17:44:51'),
(336, 336, 4, 325, '2022-03-14 17:44:51', '2022-03-14 17:44:51'),
(337, 337, 4, 325, '2022-03-14 17:44:51', '2022-03-14 17:44:51'),
(338, 338, 4, 325, '2022-03-14 17:44:51', '2022-03-14 17:44:51'),
(339, 339, 4, 325, '2022-03-14 17:44:51', '2022-03-14 17:44:51'),
(340, 340, 4, 325, '2022-03-14 17:44:51', '2022-03-14 17:44:51'),
(341, 341, 4, 325, '2022-03-14 17:44:51', '2022-03-14 17:44:51'),
(342, 342, 4, 325, '2022-03-14 17:44:51', '2022-03-14 17:44:51'),
(343, 343, 4, 325, '2022-03-14 17:44:51', '2022-03-14 17:44:51'),
(344, 344, 4, 325, '2022-03-14 17:44:51', '2022-03-14 17:44:51'),
(345, 345, 4, 325, '2022-03-14 17:44:51', '2022-03-14 17:44:51'),
(346, 346, 4, 325, '2022-03-14 17:44:51', '2022-03-14 17:44:51'),
(347, 347, 4, 325, '2022-03-14 17:44:51', '2022-03-14 17:44:51'),
(348, 348, 4, 325, '2022-03-14 17:44:51', '2022-03-14 17:44:51'),
(349, 349, 4, 325, '2022-03-14 17:44:51', '2022-03-14 17:44:51'),
(350, 350, 4, 325, '2022-03-14 17:44:51', '2022-03-14 17:44:51'),
(351, 351, 4, 325, '2022-03-14 17:44:51', '2022-03-14 17:44:51'),
(352, 352, 4, 325, '2022-03-14 17:44:51', '2022-03-14 17:44:51'),
(353, 353, 4, 325, '2022-03-14 17:44:51', '2022-03-14 17:44:51'),
(354, 354, 4, 325, '2022-03-14 17:44:51', '2022-03-14 17:44:51'),
(355, 355, 4, 325, '2022-03-14 17:44:51', '2022-03-14 17:44:51'),
(356, 356, 4, 325, '2022-03-14 17:44:51', '2022-03-14 17:44:51'),
(357, 357, 4, 325, '2022-03-14 17:44:51', '2022-03-14 17:44:51'),
(358, 358, 4, 325, '2022-03-14 17:44:51', '2022-03-14 17:44:51'),
(359, 359, 4, 325, '2022-03-14 17:44:51', '2022-03-14 17:44:51'),
(360, 360, 4, 325, '2022-03-14 17:44:51', '2022-03-14 17:44:51'),
(361, 361, 4, 325, '2022-03-14 17:44:51', '2022-03-14 17:44:51'),
(362, 362, 4, 325, '2022-03-14 17:44:51', '2022-03-14 17:44:51'),
(363, 363, 4, 325, '2022-03-14 17:44:51', '2022-03-14 17:44:51'),
(364, 364, 4, 325, '2022-03-14 17:44:51', '2022-03-14 17:44:51'),
(365, 365, 4, 325, '2022-03-14 17:44:51', '2022-03-14 17:44:51'),
(366, 366, 4, 325, '2022-03-14 17:44:51', '2022-03-14 17:44:51'),
(367, 367, 4, 325, '2022-03-14 17:44:51', '2022-03-14 17:44:51'),
(368, 368, 4, 325, '2022-03-14 17:44:51', '2022-03-14 17:44:51'),
(369, 369, 4, 325, '2022-03-14 17:44:51', '2022-03-14 17:44:51'),
(370, 370, 4, 325, '2022-03-14 17:44:51', '2022-03-14 17:44:51'),
(371, 371, 4, 325, '2022-03-14 17:44:51', '2022-03-14 17:44:51'),
(372, 372, 4, 325, '2022-03-14 17:44:51', '2022-03-14 17:44:51'),
(373, 373, 4, 325, '2022-03-14 17:44:51', '2022-03-14 17:44:51'),
(374, 374, 4, 325, '2022-03-14 17:44:51', '2022-03-14 17:44:51'),
(375, 375, 4, 325, '2022-03-14 17:44:51', '2022-03-14 17:44:51'),
(376, 376, 4, 325, '2022-03-14 17:44:51', '2022-03-14 17:44:51'),
(377, 377, 4, 325, '2022-03-14 17:44:51', '2022-03-14 17:44:51'),
(378, 378, 4, 325, '2022-03-14 17:44:51', '2022-03-14 17:44:51'),
(379, 379, 4, 325, '2022-03-14 17:44:51', '2022-03-14 17:44:51'),
(380, 380, 4, 325, '2022-03-14 17:44:51', '2022-03-14 17:44:51'),
(381, 381, 4, 325, '2022-03-14 17:44:51', '2022-03-14 17:44:51'),
(382, 382, 4, 325, '2022-03-14 17:44:51', '2022-03-14 17:44:51'),
(383, 383, 4, 325, '2022-03-14 17:44:51', '2022-03-14 17:44:51'),
(384, 384, 4, 325, '2022-03-14 17:44:51', '2022-03-14 17:44:51'),
(385, 385, 4, 325, '2022-03-14 17:44:51', '2022-03-14 17:44:51'),
(386, 386, 4, 325, '2022-03-14 17:44:51', '2022-03-14 17:44:51'),
(387, 387, 4, 325, '2022-03-14 17:44:51', '2022-03-14 17:44:51'),
(388, 388, 4, 325, '2022-03-14 17:44:51', '2022-03-14 17:44:51'),
(389, 389, 4, 325, '2022-03-14 17:44:51', '2022-03-14 17:44:51'),
(390, 390, 4, 325, '2022-03-14 17:44:51', '2022-03-14 17:44:51'),
(391, 391, 4, 325, '2022-03-14 17:44:51', '2022-03-14 17:44:51'),
(392, 392, 4, 325, '2022-03-14 17:44:51', '2022-03-14 17:44:51'),
(393, 393, 4, 325, '2022-03-14 17:44:51', '2022-03-14 17:44:51'),
(394, 394, 4, 325, '2022-03-14 17:44:51', '2022-03-14 17:44:51'),
(395, 395, 4, 325, '2022-03-14 17:44:51', '2022-03-14 17:44:51'),
(396, 396, 4, 325, '2022-03-14 17:44:51', '2022-03-14 17:44:51'),
(397, 397, 4, 325, '2022-03-14 17:44:51', '2022-03-14 17:44:51'),
(398, 398, 4, 325, '2022-03-14 17:44:51', '2022-03-14 17:44:51'),
(399, 399, 4, 325, '2022-03-14 17:44:51', '2022-03-14 17:44:51'),
(400, 400, 4, 325, '2022-03-14 17:44:51', '2022-03-14 17:44:51'),
(401, 401, 4, 325, '2022-03-14 17:44:51', '2022-03-14 17:44:51'),
(402, 402, 4, 325, '2022-03-14 17:44:51', '2022-03-14 17:44:51'),
(403, 403, 4, 325, '2022-03-14 17:44:51', '2022-03-14 17:44:51'),
(404, 404, 4, 325, '2022-03-14 17:44:51', '2022-03-14 17:44:51'),
(405, 405, 4, 325, '2022-03-14 17:44:51', '2022-03-14 17:44:51'),
(406, 406, 4, 325, '2022-03-14 17:44:51', '2022-03-14 17:44:51'),
(407, 407, 4, 325, '2022-03-14 17:44:51', '2022-03-14 17:44:51'),
(408, 408, 4, 325, '2022-03-14 17:44:51', '2022-03-14 17:44:51'),
(409, 409, 4, 325, '2022-03-14 17:44:51', '2022-03-14 17:44:51'),
(410, 410, 4, 325, '2022-03-14 17:44:51', '2022-03-14 17:44:51'),
(411, 411, 4, 325, '2022-03-14 17:44:51', '2022-03-14 17:44:51'),
(412, 412, 4, 325, '2022-03-14 17:44:51', '2022-03-14 17:44:51'),
(413, 413, 4, 325, '2022-03-14 17:44:51', '2022-03-14 17:44:51'),
(414, 414, 4, 325, '2022-03-14 17:44:51', '2022-03-14 17:44:51'),
(415, 415, 4, 325, '2022-03-14 17:44:51', '2022-03-14 17:44:51'),
(416, 416, 4, 325, '2022-03-14 17:44:51', '2022-03-14 17:44:51'),
(417, 417, 4, 325, '2022-03-14 17:44:51', '2022-03-14 17:44:51'),
(418, 418, 4, 325, '2022-03-14 17:44:51', '2022-03-14 17:44:51'),
(419, 419, 4, 325, '2022-03-14 17:44:51', '2022-03-14 17:44:51'),
(420, 420, 4, 325, '2022-03-14 17:44:51', '2022-03-14 17:44:51'),
(421, 421, 4, 325, '2022-03-14 17:44:51', '2022-03-14 17:44:51'),
(422, 422, 4, 325, '2022-03-14 17:44:51', '2022-03-14 17:44:51'),
(423, 423, 4, 325, '2022-03-14 17:44:51', '2022-03-14 17:44:51'),
(424, 424, 4, 325, '2022-03-14 17:44:51', '2022-03-14 17:44:51'),
(425, 425, 4, 325, '2022-03-14 17:44:51', '2022-03-14 17:44:51'),
(426, 426, 4, 325, '2022-03-14 17:44:51', '2022-03-14 17:44:51'),
(427, 427, 4, 325, '2022-03-14 17:44:51', '2022-03-14 17:44:51'),
(428, 428, 4, 325, '2022-03-14 17:44:51', '2022-03-14 17:44:51'),
(429, 429, 4, 325, '2022-03-14 17:44:51', '2022-03-14 17:44:51'),
(430, 430, 4, 325, '2022-03-14 17:44:51', '2022-03-14 17:44:51'),
(431, 431, 4, 325, '2022-03-14 17:44:51', '2022-03-14 17:44:51'),
(432, 432, 4, 325, '2022-03-14 17:44:51', '2022-03-14 17:44:51'),
(433, 433, 4, 325, '2022-03-14 17:44:51', '2022-03-14 17:44:51'),
(434, 434, 4, 325, '2022-03-14 17:44:51', '2022-03-14 17:44:51'),
(435, 435, 4, 325, '2022-03-14 17:44:51', '2022-03-14 17:44:51'),
(436, 436, 4, 325, '2022-03-14 17:44:51', '2022-03-14 17:44:51'),
(437, 437, 4, 325, '2022-03-14 17:44:51', '2022-03-14 17:44:51'),
(438, 438, 4, 325, '2022-03-14 17:44:51', '2022-03-14 17:44:51'),
(439, 439, 4, 325, '2022-03-14 17:44:51', '2022-03-14 17:44:51'),
(440, 440, 4, 325, '2022-03-14 17:44:51', '2022-03-14 17:44:51'),
(441, 441, 4, 325, '2022-03-14 17:44:51', '2022-03-14 17:44:51'),
(442, 442, 4, 325, '2022-03-14 17:44:51', '2022-03-14 17:44:51'),
(443, 443, 4, 325, '2022-03-14 17:44:51', '2022-03-14 17:44:51'),
(444, 444, 4, 325, '2022-03-14 17:44:51', '2022-03-14 17:44:51'),
(445, 445, 4, 325, '2022-03-14 17:44:51', '2022-03-14 17:44:51'),
(446, 446, 4, 325, '2022-03-14 17:44:51', '2022-03-14 17:44:51'),
(447, 447, 4, 325, '2022-03-14 17:44:51', '2022-03-14 17:44:51'),
(448, 448, 4, 325, '2022-03-14 17:44:51', '2022-03-14 17:44:51'),
(449, 449, 4, 325, '2022-03-14 17:44:51', '2022-03-14 17:44:51'),
(450, 450, 4, 325, '2022-03-14 17:44:51', '2022-03-14 17:44:51'),
(451, 451, 4, 325, '2022-03-14 17:44:51', '2022-03-14 17:44:51'),
(452, 452, 4, 325, '2022-03-14 17:44:51', '2022-03-14 17:44:51'),
(453, 453, 4, 325, '2022-03-14 17:44:51', '2022-03-14 17:44:51'),
(454, 454, 4, 325, '2022-03-14 17:44:51', '2022-03-14 17:44:51'),
(455, 455, 4, 325, '2022-03-14 17:44:51', '2022-03-14 17:44:51'),
(456, 456, 4, 325, '2022-03-14 17:44:51', '2022-03-14 17:44:51'),
(457, 457, 4, 325, '2022-03-14 17:44:51', '2022-03-14 17:44:51'),
(458, 458, 4, 325, '2022-03-14 17:44:51', '2022-03-14 17:44:51'),
(459, 459, 4, 325, '2022-03-14 17:44:51', '2022-03-14 17:44:51'),
(460, 460, 4, 325, '2022-03-14 17:44:51', '2022-03-14 17:44:51'),
(461, 461, 4, 325, '2022-03-14 17:44:51', '2022-03-14 17:44:51'),
(462, 462, 4, 325, '2022-03-14 17:44:51', '2022-03-14 17:44:51'),
(463, 463, 4, 325, '2022-03-14 17:44:51', '2022-03-14 17:44:51'),
(464, 464, 4, 325, '2022-03-14 17:44:51', '2022-03-14 17:44:51'),
(465, 465, 4, 325, '2022-03-14 17:44:51', '2022-03-14 17:44:51'),
(466, 466, 4, 325, '2022-03-14 17:44:51', '2022-03-14 17:44:51'),
(467, 467, 4, 325, '2022-03-14 17:44:51', '2022-03-14 17:44:51'),
(468, 468, 4, 325, '2022-03-14 17:44:51', '2022-03-14 17:44:51'),
(469, 469, 4, 325, '2022-03-14 17:44:51', '2022-03-14 17:44:51'),
(470, 470, 4, 325, '2022-03-14 17:44:51', '2022-03-14 17:44:51'),
(471, 471, 4, 325, '2022-03-14 17:44:51', '2022-03-14 17:44:51'),
(472, 472, 4, 325, '2022-03-14 17:44:51', '2022-03-14 17:44:51'),
(473, 473, 4, 325, '2022-03-14 17:44:51', '2022-03-14 17:44:51'),
(474, 474, 4, 325, '2022-03-14 17:44:51', '2022-03-14 17:44:51'),
(475, 475, 4, 325, '2022-03-14 17:44:51', '2022-03-14 17:44:51'),
(476, 476, 4, 325, '2022-03-14 17:44:51', '2022-03-14 17:44:51'),
(477, 477, 4, 325, '2022-03-14 17:44:51', '2022-03-14 17:44:51'),
(478, 478, 4, 325, '2022-03-14 17:44:51', '2022-03-14 17:44:51'),
(479, 479, 4, 325, '2022-03-14 17:44:51', '2022-03-14 17:44:51'),
(480, 480, 4, 325, '2022-03-14 17:44:51', '2022-03-14 17:44:51'),
(481, 481, 4, 325, '2022-03-14 17:44:51', '2022-03-14 17:44:51'),
(482, 482, 4, 325, '2022-03-14 17:44:51', '2022-03-14 17:44:51'),
(483, 483, 4, 325, '2022-03-14 17:44:51', '2022-03-14 17:44:51'),
(484, 484, 4, 325, '2022-03-14 17:44:51', '2022-03-14 17:44:51'),
(485, 485, 4, 325, '2022-03-14 17:44:51', '2022-03-14 17:44:51'),
(486, 486, 4, 325, '2022-03-14 17:44:51', '2022-03-14 17:44:51'),
(487, 487, 4, 325, '2022-03-14 17:44:51', '2022-03-14 17:44:51'),
(488, 488, 4, 325, '2022-03-14 17:44:51', '2022-03-14 17:44:51'),
(489, 489, 4, 325, '2022-03-14 17:44:51', '2022-03-14 17:44:51'),
(490, 490, 4, 325, '2022-03-14 17:44:51', '2022-03-14 17:44:51'),
(491, 491, 4, 325, '2022-03-14 17:44:51', '2022-03-14 17:44:52'),
(492, 492, 4, 325, '2022-03-14 17:44:52', '2022-03-14 17:44:52'),
(493, 493, 4, 325, '2022-03-14 17:44:52', '2022-03-14 17:44:52'),
(494, 494, 4, 325, '2022-03-14 17:44:52', '2022-03-14 17:44:52'),
(495, 495, 4, 325, '2022-03-14 17:44:52', '2022-03-14 17:44:52'),
(496, 496, 4, 325, '2022-03-14 17:44:52', '2022-03-14 17:44:52'),
(497, 497, 4, 325, '2022-03-14 17:44:52', '2022-03-14 17:44:52'),
(498, 498, 4, 325, '2022-03-14 17:44:52', '2022-03-14 17:44:52'),
(499, 499, 4, 325, '2022-03-14 17:44:52', '2022-03-14 17:44:52'),
(500, 500, 4, 325, '2022-03-14 17:44:52', '2022-03-14 17:44:52'),
(501, 501, 4, 325, '2022-03-14 17:44:52', '2022-03-14 17:44:52'),
(502, 502, 4, 325, '2022-03-14 17:44:52', '2022-03-14 17:44:52'),
(503, 503, 4, 325, '2022-03-14 17:44:52', '2022-03-14 17:44:52'),
(504, 504, 4, 325, '2022-03-14 17:44:52', '2022-03-14 17:44:52'),
(505, 505, 4, 325, '2022-03-14 17:44:52', '2022-03-14 17:44:52'),
(506, 506, 4, 325, '2022-03-14 17:44:52', '2022-03-14 17:44:52'),
(507, 507, 4, 325, '2022-03-14 17:44:52', '2022-03-14 17:44:52'),
(508, 508, 4, 325, '2022-03-14 17:44:52', '2022-03-14 17:44:52'),
(509, 509, 4, 325, '2022-03-14 17:44:52', '2022-03-14 17:44:52'),
(510, 510, 4, 325, '2022-03-14 17:44:52', '2022-03-14 17:44:52'),
(511, 511, 4, 325, '2022-03-14 17:44:52', '2022-03-14 17:44:52'),
(512, 512, 4, 325, '2022-03-14 17:44:52', '2022-03-14 17:44:52'),
(513, 513, 4, 325, '2022-03-14 17:44:52', '2022-03-14 17:44:52'),
(514, 514, 4, 325, '2022-03-14 17:44:52', '2022-03-14 17:44:52'),
(515, 515, 4, 325, '2022-03-14 17:44:52', '2022-03-14 17:44:52'),
(516, 516, 4, 325, '2022-03-14 17:44:52', '2022-03-14 17:44:52'),
(517, 517, 4, 325, '2022-03-14 17:44:52', '2022-03-14 17:44:52'),
(518, 518, 4, 325, '2022-03-14 17:44:52', '2022-03-14 17:44:52'),
(519, 519, 4, 325, '2022-03-14 17:44:52', '2022-03-14 17:44:52'),
(520, 520, 4, 325, '2022-03-14 17:44:52', '2022-03-14 17:44:52'),
(521, 521, 4, 325, '2022-03-14 17:44:52', '2022-03-14 17:44:52'),
(522, 522, 4, 325, '2022-03-14 17:44:52', '2022-03-14 17:44:52'),
(523, 523, 4, 325, '2022-03-14 17:44:52', '2022-03-14 17:44:52'),
(524, 524, 4, 325, '2022-03-14 17:44:52', '2022-03-14 17:44:52'),
(525, 525, 4, 325, '2022-03-14 17:44:52', '2022-03-14 17:44:52'),
(526, 526, 4, 325, '2022-03-14 17:44:52', '2022-03-14 17:44:52'),
(527, 527, 4, 325, '2022-03-14 17:44:52', '2022-03-14 17:44:52'),
(528, 528, 4, 325, '2022-03-14 17:44:52', '2022-03-14 17:44:52'),
(529, 529, 4, 325, '2022-03-14 17:44:52', '2022-03-14 17:44:52'),
(530, 530, 4, 325, '2022-03-14 17:44:52', '2022-03-14 17:44:52'),
(531, 531, 4, 325, '2022-03-14 17:44:52', '2022-03-14 17:44:52'),
(532, 532, 4, 325, '2022-03-14 17:44:52', '2022-03-14 17:44:52'),
(533, 533, 4, 325, '2022-03-14 17:44:52', '2022-03-14 17:44:52'),
(534, 534, 4, 325, '2022-03-14 17:44:52', '2022-03-14 17:44:52'),
(535, 535, 4, 325, '2022-03-14 17:44:52', '2022-03-14 17:44:52'),
(536, 536, 4, 325, '2022-03-14 17:44:52', '2022-03-14 17:44:52'),
(537, 537, 4, 325, '2022-03-14 17:44:52', '2022-03-14 17:44:52'),
(538, 538, 4, 325, '2022-03-14 17:44:52', '2022-03-14 17:44:52'),
(539, 539, 4, 325, '2022-03-14 17:44:52', '2022-03-14 17:44:52'),
(540, 540, 4, 325, '2022-03-14 17:44:52', '2022-03-14 17:44:52'),
(541, 541, 4, 325, '2022-03-14 17:44:52', '2022-03-14 17:44:52'),
(542, 542, 4, 325, '2022-03-14 17:44:52', '2022-03-14 17:44:52'),
(543, 543, 4, 325, '2022-03-14 17:44:52', '2022-03-14 17:44:52'),
(544, 544, 4, 325, '2022-03-14 17:44:52', '2022-03-14 17:44:52'),
(545, 545, 4, 325, '2022-03-14 17:44:52', '2022-03-14 17:44:52'),
(546, 546, 4, 325, '2022-03-14 17:44:52', '2022-03-14 17:44:52'),
(547, 547, 4, 325, '2022-03-14 17:44:52', '2022-03-14 17:44:52'),
(548, 548, 4, 325, '2022-03-14 17:44:52', '2022-03-14 17:44:52'),
(549, 549, 4, 325, '2022-03-14 17:44:52', '2022-03-14 17:44:52'),
(550, 550, 4, 325, '2022-03-14 17:44:52', '2022-03-14 17:44:52'),
(551, 551, 4, 325, '2022-03-14 17:44:52', '2022-03-14 17:44:52'),
(552, 552, 4, 325, '2022-03-14 17:44:52', '2022-03-14 17:44:52'),
(553, 553, 4, 325, '2022-03-14 17:44:52', '2022-03-14 17:44:52'),
(554, 554, 4, 325, '2022-03-14 17:44:52', '2022-03-14 17:44:52'),
(555, 555, 4, 325, '2022-03-14 17:44:52', '2022-03-14 17:44:52'),
(556, 556, 4, 325, '2022-03-14 17:44:52', '2022-03-14 17:44:52'),
(557, 557, 4, 325, '2022-03-14 17:44:52', '2022-03-14 17:44:52'),
(558, 558, 4, 325, '2022-03-14 17:44:52', '2022-03-14 17:44:52'),
(559, 559, 4, 325, '2022-03-14 17:44:52', '2022-03-14 17:44:52'),
(560, 560, 4, 325, '2022-03-14 17:44:52', '2022-03-14 17:44:52'),
(561, 561, 4, 325, '2022-03-14 17:44:52', '2022-03-14 17:44:52'),
(562, 562, 4, 325, '2022-03-14 17:44:52', '2022-03-14 17:44:52'),
(563, 563, 4, 325, '2022-03-14 17:44:52', '2022-03-14 17:44:52'),
(564, 564, 4, 325, '2022-03-14 17:44:52', '2022-03-14 17:44:52'),
(565, 565, 4, 325, '2022-03-14 17:44:52', '2022-03-14 17:44:52'),
(566, 566, 4, 325, '2022-03-14 17:44:52', '2022-03-14 17:44:52'),
(567, 567, 4, 325, '2022-03-14 17:44:52', '2022-03-14 17:44:52'),
(568, 568, 4, 325, '2022-03-14 17:44:52', '2022-03-14 17:44:52'),
(569, 569, 4, 325, '2022-03-14 17:44:52', '2022-03-14 17:44:52'),
(570, 570, 4, 325, '2022-03-14 17:44:52', '2022-03-14 17:44:52'),
(571, 571, 4, 325, '2022-03-14 17:44:52', '2022-03-14 17:44:52'),
(572, 572, 4, 325, '2022-03-14 17:44:52', '2022-03-14 17:44:52'),
(573, 573, 4, 325, '2022-03-14 17:44:52', '2022-03-14 17:44:52'),
(574, 574, 4, 325, '2022-03-14 17:44:52', '2022-03-14 17:44:52'),
(575, 575, 4, 325, '2022-03-14 17:44:52', '2022-03-14 17:44:52'),
(576, 576, 4, 325, '2022-03-14 17:44:52', '2022-03-14 17:44:52'),
(577, 577, 4, 325, '2022-03-14 17:44:52', '2022-03-14 17:44:52'),
(578, 578, 4, 325, '2022-03-14 17:44:52', '2022-03-14 17:44:52'),
(579, 579, 4, 325, '2022-03-14 17:44:52', '2022-03-14 17:44:52'),
(580, 580, 4, 325, '2022-03-14 17:44:52', '2022-03-14 17:44:52'),
(581, 581, 4, 325, '2022-03-14 17:44:52', '2022-03-14 17:44:52'),
(582, 582, 4, 325, '2022-03-14 17:44:52', '2022-03-14 17:44:52'),
(583, 583, 4, 325, '2022-03-14 17:44:52', '2022-03-14 17:44:52'),
(584, 584, 4, 325, '2022-03-14 17:44:52', '2022-03-14 17:44:52'),
(585, 585, 4, 325, '2022-03-14 17:44:52', '2022-03-14 17:44:52'),
(586, 586, 4, 325, '2022-03-14 17:44:52', '2022-03-14 17:44:52'),
(587, 587, 4, 325, '2022-03-14 17:44:52', '2022-03-14 17:44:52'),
(588, 588, 4, 325, '2022-03-14 17:44:52', '2022-03-14 17:44:52'),
(589, 589, 4, 325, '2022-03-14 17:44:52', '2022-03-14 17:44:52'),
(590, 590, 4, 325, '2022-03-14 17:44:52', '2022-03-14 17:44:52'),
(591, 591, 4, 325, '2022-03-14 17:44:52', '2022-03-14 17:44:52'),
(592, 592, 4, 325, '2022-03-14 17:44:52', '2022-03-14 17:44:52'),
(593, 593, 4, 325, '2022-03-14 17:44:52', '2022-03-14 17:44:52'),
(594, 594, 4, 325, '2022-03-14 17:44:52', '2022-03-14 17:44:52'),
(595, 595, 4, 325, '2022-03-14 17:44:52', '2022-03-14 17:44:52'),
(596, 596, 4, 325, '2022-03-14 17:44:52', '2022-03-14 17:44:52'),
(597, 597, 4, 325, '2022-03-14 17:44:52', '2022-03-14 17:44:52'),
(598, 598, 4, 325, '2022-03-14 17:44:52', '2022-03-14 17:44:52'),
(599, 599, 4, 325, '2022-03-14 17:44:52', '2022-03-14 17:44:52'),
(600, 600, 4, 325, '2022-03-14 17:44:52', '2022-03-14 17:44:52'),
(601, 601, 4, 325, '2022-03-14 17:44:52', '2022-03-14 17:44:52'),
(602, 602, 4, 325, '2022-03-14 17:44:52', '2022-03-14 17:44:52'),
(603, 603, 4, 325, '2022-03-14 17:44:52', '2022-03-14 17:44:52'),
(604, 604, 4, 325, '2022-03-14 17:44:52', '2022-03-14 17:44:52'),
(605, 605, 4, 325, '2022-03-14 17:44:52', '2022-03-14 17:44:52'),
(606, 606, 4, 325, '2022-03-14 17:44:52', '2022-03-14 17:44:52'),
(607, 607, 4, 325, '2022-03-14 17:44:52', '2022-03-14 17:44:52'),
(608, 608, 4, 325, '2022-03-14 17:44:52', '2022-03-14 17:44:52'),
(609, 609, 4, 325, '2022-03-14 17:44:52', '2022-03-14 17:44:52'),
(610, 610, 4, 325, '2022-03-14 17:44:52', '2022-03-14 17:44:52'),
(611, 611, 4, 325, '2022-03-14 17:44:52', '2022-03-14 17:44:52'),
(612, 612, 4, 325, '2022-03-14 17:44:52', '2022-03-14 17:44:52'),
(613, 613, 4, 325, '2022-03-14 17:44:52', '2022-03-14 17:44:52'),
(614, 614, 4, 325, '2022-03-14 17:44:52', '2022-03-14 17:44:52'),
(615, 615, 4, 325, '2022-03-14 17:44:52', '2022-03-14 17:44:52'),
(616, 616, 4, 325, '2022-03-14 17:44:52', '2022-03-14 17:44:52'),
(617, 617, 4, 325, '2022-03-14 17:44:52', '2022-03-14 17:44:52'),
(618, 618, 4, 325, '2022-03-14 17:44:52', '2022-03-14 17:44:52'),
(619, 619, 4, 325, '2022-03-14 17:44:52', '2022-03-14 17:44:52'),
(620, 620, 4, 325, '2022-03-14 17:44:52', '2022-03-14 17:44:52'),
(621, 621, 4, 325, '2022-03-14 17:44:52', '2022-03-14 17:44:52'),
(622, 622, 4, 325, '2022-03-14 17:44:52', '2022-03-14 17:44:52'),
(623, 623, 4, 325, '2022-03-14 17:44:52', '2022-03-14 17:44:52'),
(624, 624, 4, 325, '2022-03-14 17:44:52', '2022-03-14 17:44:52'),
(625, 625, 4, 325, '2022-03-14 17:44:52', '2022-03-14 17:44:52'),
(626, 626, 4, 325, '2022-03-14 17:44:52', '2022-03-14 17:44:52'),
(627, 627, 4, 325, '2022-03-14 17:44:52', '2022-03-14 17:44:52'),
(628, 628, 4, 325, '2022-03-14 17:44:52', '2022-03-14 17:44:52'),
(629, 629, 4, 325, '2022-03-14 17:44:52', '2022-03-14 17:44:52'),
(630, 630, 4, 325, '2022-03-14 17:44:52', '2022-03-14 17:44:52'),
(631, 631, 4, 325, '2022-03-14 17:44:52', '2022-03-14 17:44:52'),
(632, 632, 4, 325, '2022-03-14 17:44:52', '2022-03-14 17:44:52'),
(633, 633, 4, 325, '2022-03-14 17:44:52', '2022-03-14 17:44:52'),
(634, 634, 4, 325, '2022-03-14 17:44:52', '2022-03-14 17:44:52'),
(635, 635, 4, 325, '2022-03-14 17:44:52', '2022-03-14 17:44:52'),
(636, 636, 4, 325, '2022-03-14 17:44:52', '2022-03-14 17:44:52'),
(637, 637, 4, 325, '2022-03-14 17:44:52', '2022-03-14 17:44:52'),
(638, 638, 4, 325, '2022-03-14 17:44:52', '2022-03-14 17:44:52'),
(639, 639, 4, 325, '2022-03-14 17:44:52', '2022-03-14 17:44:52'),
(640, 640, 4, 325, '2022-03-14 17:44:52', '2022-03-14 17:44:52'),
(641, 641, 4, 325, '2022-03-14 17:44:52', '2022-03-14 17:44:52'),
(642, 642, 4, 325, '2022-03-14 17:44:52', '2022-03-14 17:44:52'),
(643, 643, 4, 325, '2022-03-14 17:44:52', '2022-03-14 17:44:52'),
(644, 644, 4, 325, '2022-03-14 17:44:52', '2022-03-14 17:44:52'),
(645, 645, 4, 325, '2022-03-14 17:44:52', '2022-03-14 17:44:52'),
(646, 646, 4, 325, '2022-03-14 17:44:52', '2022-03-14 17:44:52'),
(647, 647, 4, 325, '2022-03-14 17:44:52', '2022-03-14 17:44:52'),
(648, 648, 4, 325, '2022-03-14 17:44:52', '2022-03-14 17:44:52'),
(649, 649, 4, 325, '2022-03-14 17:44:52', '2022-03-14 17:44:52'),
(650, 650, 4, 325, '2022-03-14 17:44:52', '2022-03-14 17:44:52'),
(651, 651, 4, 325, '2022-03-14 17:44:52', '2022-03-14 17:44:52'),
(652, 652, 4, 325, '2022-03-14 17:44:52', '2022-03-14 17:44:52'),
(653, 653, 4, 325, '2022-03-14 17:44:52', '2022-03-14 17:44:52'),
(654, 654, 4, 325, '2022-03-14 17:44:52', '2022-03-14 17:44:52'),
(655, 655, 4, 325, '2022-03-14 17:44:52', '2022-03-14 17:44:52'),
(656, 656, 4, 325, '2022-03-14 17:44:52', '2022-03-14 17:44:52'),
(657, 657, 4, 325, '2022-03-14 17:44:52', '2022-03-14 17:44:53'),
(658, 658, 4, 325, '2022-03-14 17:44:53', '2022-03-14 17:44:53'),
(659, 659, 4, 325, '2022-03-14 17:44:53', '2022-03-14 17:44:53'),
(660, 660, 4, 325, '2022-03-14 17:44:53', '2022-03-14 17:44:53'),
(661, 661, 4, 325, '2022-03-14 17:44:53', '2022-03-14 17:44:53'),
(662, 662, 4, 325, '2022-03-14 17:44:53', '2022-03-14 17:44:53'),
(663, 663, 4, 325, '2022-03-14 17:44:53', '2022-03-14 17:44:53'),
(664, 664, 4, 325, '2022-03-14 17:44:53', '2022-03-14 17:44:53'),
(665, 665, 4, 325, '2022-03-14 17:44:53', '2022-03-14 17:44:53'),
(666, 666, 4, 325, '2022-03-14 17:44:53', '2022-03-14 17:44:53'),
(667, 667, 4, 325, '2022-03-14 17:44:53', '2022-03-14 17:44:53'),
(668, 668, 4, 325, '2022-03-14 17:44:53', '2022-03-14 17:44:53'),
(669, 669, 4, 325, '2022-03-14 17:44:53', '2022-03-14 17:44:53'),
(670, 670, 4, 325, '2022-03-14 17:44:53', '2022-03-14 17:44:53'),
(671, 671, 4, 325, '2022-03-14 17:44:53', '2022-03-14 17:44:53'),
(672, 672, 4, 325, '2022-03-14 17:44:53', '2022-03-14 17:44:53'),
(673, 673, 4, 325, '2022-03-14 17:44:53', '2022-03-14 17:44:53'),
(674, 674, 4, 325, '2022-03-14 17:44:53', '2022-03-14 17:44:53'),
(675, 675, 4, 325, '2022-03-14 17:44:53', '2022-03-14 17:44:53'),
(676, 676, 4, 325, '2022-03-14 17:44:53', '2022-03-14 17:44:53'),
(677, 677, 4, 325, '2022-03-14 17:44:53', '2022-03-14 17:44:53'),
(678, 678, 4, 325, '2022-03-14 17:44:53', '2022-03-14 17:44:53'),
(679, 679, 4, 325, '2022-03-14 17:44:53', '2022-03-14 17:44:53'),
(680, 680, 4, 325, '2022-03-14 17:44:53', '2022-03-14 17:44:53'),
(681, 681, 4, 325, '2022-03-14 17:44:53', '2022-03-14 17:44:53'),
(682, 682, 4, 325, '2022-03-14 17:44:53', '2022-03-14 17:44:53'),
(683, 683, 4, 325, '2022-03-14 17:44:53', '2022-03-14 17:44:53'),
(684, 684, 4, 325, '2022-03-14 17:44:53', '2022-03-14 17:44:53'),
(685, 685, 4, 325, '2022-03-14 17:44:53', '2022-03-14 17:44:53'),
(686, 686, 4, 325, '2022-03-14 17:44:53', '2022-03-14 17:44:53'),
(687, 687, 4, 325, '2022-03-14 17:44:53', '2022-03-14 17:44:53'),
(688, 688, 4, 325, '2022-03-14 17:44:53', '2022-03-14 17:44:53'),
(689, 689, 4, 325, '2022-03-14 17:44:53', '2022-03-14 17:44:53'),
(690, 690, 4, 325, '2022-03-14 17:44:53', '2022-03-14 17:44:53'),
(691, 691, 4, 325, '2022-03-14 17:44:53', '2022-03-14 17:44:53'),
(692, 692, 4, 325, '2022-03-14 17:44:53', '2022-03-14 17:44:53'),
(693, 693, 4, 325, '2022-03-14 17:44:53', '2022-03-14 17:44:53'),
(694, 694, 4, 325, '2022-03-14 17:44:53', '2022-03-14 17:44:53'),
(695, 695, 4, 325, '2022-03-14 17:44:53', '2022-03-14 17:44:53'),
(696, 696, 4, 325, '2022-03-14 17:44:53', '2022-03-14 17:44:53'),
(697, 697, 4, 325, '2022-03-14 17:44:53', '2022-03-14 17:44:53'),
(698, 698, 4, 325, '2022-03-14 17:44:53', '2022-03-14 17:44:53'),
(699, 699, 4, 325, '2022-03-14 17:44:53', '2022-03-14 17:44:53'),
(700, 700, 4, 325, '2022-03-14 17:44:53', '2022-03-14 17:44:53'),
(701, 701, 4, 325, '2022-03-14 17:44:53', '2022-03-14 17:44:53'),
(702, 702, 4, 325, '2022-03-14 17:44:53', '2022-03-14 17:44:53'),
(703, 703, 4, 325, '2022-03-14 17:44:53', '2022-03-14 17:44:53'),
(704, 704, 4, 325, '2022-03-14 17:44:53', '2022-03-14 17:44:53'),
(705, 705, 4, 325, '2022-03-14 17:44:53', '2022-03-14 17:44:53'),
(706, 706, 4, 325, '2022-03-14 17:44:53', '2022-03-14 17:44:53'),
(707, 707, 4, 325, '2022-03-14 17:44:53', '2022-03-14 17:44:53'),
(708, 708, 4, 325, '2022-03-14 17:44:53', '2022-03-14 17:44:53'),
(709, 709, 4, 325, '2022-03-14 17:44:53', '2022-03-14 17:44:53'),
(710, 710, 4, 325, '2022-03-14 17:44:53', '2022-03-14 17:44:53'),
(711, 711, 4, 325, '2022-03-14 17:44:53', '2022-03-14 17:44:53'),
(712, 712, 4, 325, '2022-03-14 17:44:53', '2022-03-14 17:44:53'),
(713, 713, 4, 325, '2022-03-14 17:44:53', '2022-03-14 17:44:53'),
(714, 714, 4, 325, '2022-03-14 17:44:53', '2022-03-14 17:44:53'),
(715, 715, 4, 325, '2022-03-14 17:44:53', '2022-03-14 17:44:53'),
(716, 716, 4, 325, '2022-03-14 17:44:53', '2022-03-14 17:44:53'),
(717, 717, 4, 325, '2022-03-14 17:44:53', '2022-03-14 17:44:53'),
(718, 718, 4, 325, '2022-03-14 17:44:53', '2022-03-14 17:44:53'),
(719, 719, 4, 325, '2022-03-14 17:44:53', '2022-03-14 17:44:53'),
(720, 720, 4, 325, '2022-03-14 17:44:53', '2022-03-14 17:44:53'),
(721, 721, 4, 325, '2022-03-14 17:44:53', '2022-03-14 17:44:53'),
(722, 722, 4, 325, '2022-03-14 17:44:53', '2022-03-14 17:44:53'),
(723, 723, 4, 325, '2022-03-14 17:44:53', '2022-03-14 17:44:53'),
(724, 724, 4, 325, '2022-03-14 17:44:53', '2022-03-14 17:44:53'),
(725, 725, 4, 325, '2022-03-14 17:44:53', '2022-03-14 17:44:53'),
(726, 726, 4, 325, '2022-03-14 17:44:53', '2022-03-14 17:44:53'),
(727, 727, 4, 325, '2022-03-14 17:44:53', '2022-03-14 17:44:53'),
(728, 728, 4, 325, '2022-03-14 17:44:53', '2022-03-14 17:44:53'),
(729, 729, 4, 325, '2022-03-14 17:44:53', '2022-03-14 17:44:53'),
(730, 730, 4, 325, '2022-03-14 17:44:53', '2022-03-14 17:44:53'),
(731, 731, 4, 325, '2022-03-14 17:44:53', '2022-03-14 17:44:53'),
(732, 732, 4, 325, '2022-03-14 17:44:53', '2022-03-14 17:44:53'),
(733, 733, 4, 325, '2022-03-14 17:44:53', '2022-03-14 17:44:53'),
(734, 734, 4, 325, '2022-03-14 17:44:53', '2022-03-14 17:44:53'),
(735, 735, 4, 325, '2022-03-14 17:44:53', '2022-03-14 17:44:53'),
(736, 736, 4, 325, '2022-03-14 17:44:53', '2022-03-14 17:44:53'),
(737, 737, 4, 325, '2022-03-14 17:44:53', '2022-03-14 17:44:53'),
(738, 738, 4, 325, '2022-03-14 17:44:53', '2022-03-14 17:44:53'),
(739, 739, 4, 325, '2022-03-14 17:44:53', '2022-03-14 17:44:53'),
(740, 740, 4, 325, '2022-03-14 17:44:53', '2022-03-14 17:44:53'),
(741, 741, 4, 325, '2022-03-14 17:44:53', '2022-03-14 17:44:53'),
(742, 742, 4, 325, '2022-03-14 17:44:53', '2022-03-14 17:44:53'),
(743, 743, 4, 325, '2022-03-14 17:44:53', '2022-03-14 17:44:53'),
(744, 744, 4, 325, '2022-03-14 17:44:53', '2022-03-14 17:44:53'),
(745, 745, 4, 325, '2022-03-14 17:44:53', '2022-03-14 17:44:53'),
(746, 746, 4, 325, '2022-03-14 17:44:53', '2022-03-14 17:44:53'),
(747, 747, 4, 325, '2022-03-14 17:44:53', '2022-03-14 17:44:53'),
(748, 748, 4, 325, '2022-03-14 17:44:53', '2022-03-14 17:44:53'),
(749, 749, 4, 325, '2022-03-14 17:44:53', '2022-03-14 17:44:53'),
(750, 750, 4, 325, '2022-03-14 17:44:53', '2022-03-14 17:44:53'),
(751, 751, 4, 325, '2022-03-14 17:44:53', '2022-03-14 17:44:53'),
(752, 752, 4, 325, '2022-03-14 17:44:53', '2022-03-14 17:44:53'),
(753, 753, 4, 325, '2022-03-14 17:44:53', '2022-03-14 17:44:53'),
(754, 754, 4, 325, '2022-03-14 17:44:53', '2022-03-14 17:44:53'),
(755, 755, 4, 325, '2022-03-14 17:44:53', '2022-03-14 17:44:53'),
(756, 756, 4, 325, '2022-03-14 17:44:53', '2022-03-14 17:44:53'),
(757, 757, 4, 325, '2022-03-14 17:44:53', '2022-03-14 17:44:53'),
(758, 758, 4, 325, '2022-03-14 17:44:53', '2022-03-14 17:44:53'),
(759, 759, 4, 325, '2022-03-14 17:44:53', '2022-03-14 17:44:53'),
(760, 760, 4, 325, '2022-03-14 17:44:53', '2022-03-14 17:44:53'),
(761, 761, 4, 325, '2022-03-14 17:44:53', '2022-03-14 17:44:53'),
(762, 762, 4, 325, '2022-03-14 17:44:53', '2022-03-14 17:44:53'),
(763, 763, 4, 325, '2022-03-14 17:44:53', '2022-03-14 17:44:53'),
(764, 764, 4, 325, '2022-03-14 17:44:53', '2022-03-14 17:44:53'),
(765, 765, 4, 325, '2022-03-14 17:44:53', '2022-03-14 17:44:53'),
(766, 766, 4, 325, '2022-03-14 17:44:53', '2022-03-14 17:44:53'),
(767, 767, 4, 325, '2022-03-14 17:44:53', '2022-03-14 17:44:53'),
(768, 768, 4, 325, '2022-03-14 17:44:53', '2022-03-14 17:44:53'),
(769, 769, 4, 325, '2022-03-14 17:44:53', '2022-03-14 17:44:53'),
(770, 770, 4, 325, '2022-03-14 17:44:53', '2022-03-14 17:44:53'),
(771, 771, 4, 325, '2022-03-14 17:44:53', '2022-03-14 17:44:53'),
(772, 772, 4, 325, '2022-03-14 17:44:53', '2022-03-14 17:44:53'),
(773, 773, 4, 325, '2022-03-14 17:44:53', '2022-03-14 17:44:53'),
(774, 774, 4, 325, '2022-03-14 17:44:53', '2022-03-14 17:44:53'),
(775, 775, 4, 325, '2022-03-14 17:44:53', '2022-03-14 17:44:53'),
(776, 776, 4, 325, '2022-03-14 17:44:53', '2022-03-14 17:44:53'),
(777, 777, 4, 325, '2022-03-14 17:44:53', '2022-03-14 17:44:53'),
(778, 778, 4, 325, '2022-03-14 17:44:53', '2022-03-14 17:44:53'),
(779, 779, 4, 325, '2022-03-14 17:44:53', '2022-03-14 17:44:53'),
(780, 780, 4, 325, '2022-03-14 17:44:53', '2022-03-14 17:44:53'),
(781, 781, 4, 325, '2022-03-14 17:44:53', '2022-03-14 17:44:53'),
(782, 782, 4, 325, '2022-03-14 17:44:53', '2022-03-14 17:44:53');
INSERT INTO `impasumas` (`id`, `motiresu_id`, `nivel_id`, `totaimpa`, `created_at`, `updated_at`) VALUES
(783, 783, 4, 325, '2022-03-14 17:44:53', '2022-03-14 17:44:53'),
(784, 784, 4, 325, '2022-03-14 17:44:53', '2022-03-14 17:44:53'),
(785, 785, 4, 325, '2022-03-14 17:44:53', '2022-03-14 17:44:53'),
(786, 786, 4, 325, '2022-03-14 17:44:53', '2022-03-14 17:44:53'),
(787, 787, 4, 325, '2022-03-14 17:44:53', '2022-03-14 17:44:53'),
(788, 788, 4, 325, '2022-03-14 17:44:53', '2022-03-14 17:44:53'),
(789, 789, 4, 325, '2022-03-14 17:44:53', '2022-03-14 17:44:53'),
(790, 790, 4, 325, '2022-03-14 17:44:53', '2022-03-14 17:44:53'),
(791, 791, 4, 325, '2022-03-14 17:44:53', '2022-03-14 17:44:53'),
(792, 792, 4, 325, '2022-03-14 17:44:53', '2022-03-14 17:44:53'),
(793, 793, 4, 325, '2022-03-14 17:44:53', '2022-03-14 17:44:53'),
(794, 794, 4, 325, '2022-03-14 17:44:53', '2022-03-14 17:44:53'),
(795, 795, 4, 325, '2022-03-14 17:44:53', '2022-03-14 17:44:53'),
(796, 796, 4, 325, '2022-03-14 17:44:53', '2022-03-14 17:44:53'),
(797, 797, 4, 325, '2022-03-14 17:44:53', '2022-03-14 17:44:53'),
(798, 798, 4, 325, '2022-03-14 17:44:53', '2022-03-14 17:44:53'),
(799, 799, 4, 325, '2022-03-14 17:44:53', '2022-03-14 17:44:53'),
(800, 800, 4, 325, '2022-03-14 17:44:53', '2022-03-14 17:44:53');

-- --------------------------------------------------------

--
-- Estructura de tabla para la tabla `migrations`
--

CREATE TABLE `migrations` (
  `id` int(10) UNSIGNED NOT NULL,
  `migration` varchar(191) COLLATE utf8mb4_unicode_ci NOT NULL,
  `batch` int(11) NOT NULL
) ENGINE=MyISAM DEFAULT CHARSET=utf8mb4 COLLATE=utf8mb4_unicode_ci;

--
-- Volcado de datos para la tabla `migrations`
--

INSERT INTO `migrations` (`id`, `migration`, `batch`) VALUES
(1, '2014_10_12_000000_create_users_table', 1),
(2, '2014_10_12_100000_create_password_resets_table', 1),
(3, '2019_08_19_000000_create_failed_jobs_table', 1),
(4, '2022_03_03_013758_create_activos_table', 1),
(5, '2022_03_03_131440_create_accesos_table', 1),
(6, '2022_03_03_131510_create_actors_table', 1),
(7, '2022_03_03_131546_create_motivos_table', 1),
(8, '2022_03_03_131620_create_resultads_table', 1),
(9, '2022_03_03_131945_create_observacs_table', 1),
(10, '2022_03_07_015840_create_permission_tables', 1),
(11, '2022_03_08_040105_create_actiacces_table', 1),
(12, '2022_03_08_040136_create_acceactos_table', 1),
(13, '2022_03_08_040200_create_actomotis_table', 1),
(14, '2022_03_08_040223_create_motiresus_table', 1);

-- --------------------------------------------------------

--
-- Estructura de tabla para la tabla `model_has_permissions`
--

CREATE TABLE `model_has_permissions` (
  `permission_id` bigint(20) UNSIGNED NOT NULL,
  `model_type` varchar(191) COLLATE utf8mb4_unicode_ci NOT NULL,
  `model_id` bigint(20) UNSIGNED NOT NULL
) ENGINE=MyISAM DEFAULT CHARSET=utf8mb4 COLLATE=utf8mb4_unicode_ci;

-- --------------------------------------------------------

--
-- Estructura de tabla para la tabla `model_has_roles`
--

CREATE TABLE `model_has_roles` (
  `role_id` bigint(20) UNSIGNED NOT NULL,
  `model_type` varchar(191) COLLATE utf8mb4_unicode_ci NOT NULL,
  `model_id` bigint(20) UNSIGNED NOT NULL
) ENGINE=MyISAM DEFAULT CHARSET=utf8mb4 COLLATE=utf8mb4_unicode_ci;

--
-- Volcado de datos para la tabla `model_has_roles`
--

INSERT INTO `model_has_roles` (`role_id`, `model_type`, `model_id`) VALUES
(1, 'App\\User', 1),
(1, 'App\\User', 2),
(1, 'App\\User', 3);

-- --------------------------------------------------------

--
-- Estructura de tabla para la tabla `motiresus`
--

CREATE TABLE `motiresus` (
  `id` bigint(20) UNSIGNED NOT NULL,
  `actomoti_id` int(10) UNSIGNED NOT NULL COMMENT 'IDENTIFICADOR DEL MOTIVO',
  `resultad_id` int(10) UNSIGNED NOT NULL COMMENT 'IDENTIFICADOR DEL RESULTADO',
  `created_at` timestamp NULL DEFAULT NULL,
  `updated_at` timestamp NULL DEFAULT NULL
) ENGINE=MyISAM DEFAULT CHARSET=utf8mb4 COLLATE=utf8mb4_unicode_ci;

--
-- Volcado de datos para la tabla `motiresus`
--

INSERT INTO `motiresus` (`id`, `actomoti_id`, `resultad_id`, `created_at`, `updated_at`) VALUES
(340, 96, 2, '2022-03-12 09:11:26', '2022-03-12 09:11:26'),
(2, 1, 2, '2022-03-09 22:49:31', '2022-03-09 22:49:31'),
(339, 96, 1, '2022-03-12 09:10:58', '2022-03-12 09:10:58'),
(344, 98, 3, '2022-03-12 09:20:43', '2022-03-12 09:21:00'),
(343, 96, 3, '2022-03-12 09:17:22', '2022-03-12 09:17:22'),
(6, 2, 2, '2022-03-09 22:49:31', '2022-03-09 22:49:31'),
(342, 97, 2, '2022-03-12 09:14:56', '2022-03-12 09:14:56'),
(341, 97, 1, '2022-03-12 09:14:24', '2022-03-12 09:14:24'),
(326, 84, 2, '2022-03-12 08:36:00', '2022-03-12 08:36:00'),
(10, 3, 2, '2022-03-09 22:49:31', '2022-03-09 22:49:31'),
(325, 83, 2, '2022-03-12 08:35:00', '2022-03-12 08:35:00'),
(324, 82, 3, '2022-03-12 08:18:48', '2022-03-12 08:18:48'),
(323, 82, 2, '2022-03-12 08:18:35', '2022-03-12 08:18:35'),
(14, 4, 2, '2022-03-09 22:49:31', '2022-03-09 22:49:31'),
(322, 82, 1, '2022-03-12 08:18:14', '2022-03-12 08:18:14'),
(321, 81, 2, '2022-03-12 08:12:18', '2022-03-12 08:12:18'),
(338, 95, 5, '2022-03-12 09:10:18', '2022-03-12 09:10:18'),
(18, 5, 2, '2022-03-09 22:49:31', '2022-03-09 22:49:31'),
(337, 94, 3, '2022-03-12 09:06:57', '2022-03-12 09:06:57'),
(336, 94, 1, '2022-03-12 09:06:07', '2022-03-12 09:06:07'),
(334, 92, 4, '2022-03-12 09:02:43', '2022-03-12 09:02:43'),
(22, 6, 2, '2022-03-09 22:49:31', '2022-03-09 22:49:31'),
(335, 93, 3, '2022-03-12 09:03:49', '2022-03-12 09:03:49'),
(333, 91, 4, '2022-03-12 08:59:11', '2022-03-12 08:59:11'),
(330, 88, 2, '2022-03-12 08:46:25', '2022-03-12 08:46:25'),
(331, 89, 5, '2022-03-12 08:50:52', '2022-03-12 08:50:52'),
(27, 7, 3, '2022-03-09 22:49:31', '2022-03-09 22:49:31'),
(332, 90, 2, '2022-03-12 08:51:59', '2022-03-12 08:51:59'),
(29, 8, 1, '2022-03-09 22:49:31', '2022-03-09 22:49:31'),
(30, 8, 2, '2022-03-09 22:49:31', '2022-03-09 22:49:31'),
(31, 8, 3, '2022-03-09 22:49:31', '2022-03-09 22:49:31'),
(32, 8, 4, '2022-03-09 22:49:31', '2022-03-09 22:49:31'),
(33, 9, 1, '2022-03-09 22:49:31', '2022-03-09 22:49:31'),
(34, 9, 2, '2022-03-09 22:49:31', '2022-03-09 22:49:31'),
(35, 9, 3, '2022-03-09 22:49:31', '2022-03-09 22:49:31'),
(36, 9, 4, '2022-03-09 22:49:31', '2022-03-09 22:49:31'),
(37, 10, 1, '2022-03-09 22:49:31', '2022-03-09 22:49:31'),
(38, 10, 2, '2022-03-09 22:49:31', '2022-03-09 22:49:31'),
(39, 10, 3, '2022-03-09 22:49:31', '2022-03-09 22:49:31'),
(40, 10, 4, '2022-03-09 22:49:31', '2022-03-09 22:49:31'),
(328, 86, 3, '2022-03-12 08:37:32', '2022-03-12 08:37:32'),
(42, 11, 2, '2022-03-09 22:49:31', '2022-03-09 22:49:31'),
(329, 87, 4, '2022-03-12 08:44:25', '2022-03-12 08:44:25'),
(327, 85, 2, '2022-03-12 08:36:47', '2022-03-12 08:36:47'),
(45, 12, 1, '2022-03-09 22:49:31', '2022-03-09 22:49:31'),
(46, 12, 2, '2022-03-09 22:49:31', '2022-03-09 22:49:31'),
(47, 12, 3, '2022-03-09 22:49:31', '2022-03-09 22:49:31'),
(48, 12, 4, '2022-03-09 22:49:31', '2022-03-09 22:49:31'),
(49, 13, 1, '2022-03-09 22:49:31', '2022-03-09 22:49:31'),
(50, 13, 2, '2022-03-09 22:49:31', '2022-03-09 22:49:31'),
(51, 13, 3, '2022-03-09 22:49:31', '2022-03-09 22:49:31'),
(52, 13, 4, '2022-03-09 22:49:31', '2022-03-09 22:49:31'),
(53, 14, 1, '2022-03-09 22:49:31', '2022-03-09 22:49:31'),
(54, 14, 2, '2022-03-09 22:49:31', '2022-03-09 22:49:31'),
(55, 14, 3, '2022-03-09 22:49:31', '2022-03-09 22:49:31'),
(56, 14, 4, '2022-03-09 22:49:31', '2022-03-09 22:49:31'),
(57, 15, 1, '2022-03-09 22:49:31', '2022-03-09 22:49:31'),
(58, 15, 2, '2022-03-09 22:49:31', '2022-03-09 22:49:31'),
(59, 15, 3, '2022-03-09 22:49:31', '2022-03-09 22:49:31'),
(60, 15, 4, '2022-03-09 22:49:31', '2022-03-09 22:49:31'),
(61, 16, 1, '2022-03-09 22:49:31', '2022-03-09 22:49:31'),
(62, 16, 2, '2022-03-09 22:49:31', '2022-03-09 22:49:31'),
(63, 16, 3, '2022-03-09 22:49:31', '2022-03-09 22:49:31'),
(64, 16, 4, '2022-03-09 22:49:31', '2022-03-09 22:49:31'),
(65, 17, 1, '2022-03-09 22:49:31', '2022-03-09 22:49:31'),
(66, 17, 2, '2022-03-09 22:49:31', '2022-03-09 22:49:31'),
(67, 17, 3, '2022-03-09 22:49:31', '2022-03-09 22:49:31'),
(68, 17, 4, '2022-03-09 22:49:31', '2022-03-09 22:49:31'),
(69, 18, 1, '2022-03-09 22:49:31', '2022-03-09 22:49:31'),
(70, 18, 2, '2022-03-09 22:49:31', '2022-03-09 22:49:31'),
(71, 18, 3, '2022-03-09 22:49:31', '2022-03-09 22:49:31'),
(72, 18, 4, '2022-03-09 22:49:31', '2022-03-09 22:49:31'),
(73, 19, 1, '2022-03-09 22:49:31', '2022-03-09 22:49:31'),
(74, 19, 2, '2022-03-09 22:49:31', '2022-03-09 22:49:31'),
(75, 19, 3, '2022-03-09 22:49:31', '2022-03-09 22:49:31'),
(76, 19, 4, '2022-03-09 22:49:31', '2022-03-09 22:49:31'),
(77, 20, 1, '2022-03-09 22:49:31', '2022-03-09 22:49:31'),
(78, 20, 2, '2022-03-09 22:49:31', '2022-03-09 22:49:31'),
(79, 20, 3, '2022-03-09 22:49:31', '2022-03-09 22:49:31'),
(80, 20, 4, '2022-03-09 22:49:31', '2022-03-09 22:49:31'),
(81, 21, 1, '2022-03-09 22:49:31', '2022-03-09 22:49:31'),
(82, 21, 2, '2022-03-09 22:49:31', '2022-03-09 22:49:31'),
(83, 21, 3, '2022-03-09 22:49:31', '2022-03-09 22:49:31'),
(84, 21, 4, '2022-03-09 22:49:31', '2022-03-09 22:49:31'),
(85, 22, 1, '2022-03-09 22:49:31', '2022-03-09 22:49:31'),
(86, 22, 2, '2022-03-09 22:49:31', '2022-03-09 22:49:31'),
(87, 22, 3, '2022-03-09 22:49:31', '2022-03-09 22:49:31'),
(88, 22, 4, '2022-03-09 22:49:31', '2022-03-09 22:49:31'),
(89, 23, 1, '2022-03-09 22:49:31', '2022-03-09 22:49:31'),
(90, 23, 2, '2022-03-09 22:49:31', '2022-03-09 22:49:31'),
(91, 23, 3, '2022-03-09 22:49:31', '2022-03-09 22:49:31'),
(92, 23, 4, '2022-03-09 22:49:31', '2022-03-09 22:49:31'),
(93, 24, 1, '2022-03-09 22:49:31', '2022-03-09 22:49:31'),
(94, 24, 2, '2022-03-09 22:49:31', '2022-03-09 22:49:31'),
(95, 24, 3, '2022-03-09 22:49:31', '2022-03-09 22:49:31'),
(96, 24, 4, '2022-03-09 22:49:31', '2022-03-09 22:49:31'),
(97, 25, 1, '2022-03-09 22:49:31', '2022-03-09 22:49:31'),
(98, 25, 2, '2022-03-09 22:49:31', '2022-03-09 22:49:31'),
(99, 25, 3, '2022-03-09 22:49:31', '2022-03-09 22:49:31'),
(100, 25, 4, '2022-03-09 22:49:31', '2022-03-09 22:49:31'),
(101, 26, 1, '2022-03-09 22:49:31', '2022-03-09 22:49:31'),
(102, 26, 2, '2022-03-09 22:49:31', '2022-03-09 22:49:31'),
(103, 26, 3, '2022-03-09 22:49:31', '2022-03-09 22:49:31'),
(104, 26, 4, '2022-03-09 22:49:31', '2022-03-09 22:49:31'),
(105, 27, 1, '2022-03-09 22:49:31', '2022-03-09 22:49:31'),
(106, 27, 2, '2022-03-09 22:49:31', '2022-03-09 22:49:31'),
(107, 27, 3, '2022-03-09 22:49:31', '2022-03-09 22:49:31'),
(108, 27, 4, '2022-03-09 22:49:31', '2022-03-09 22:49:31'),
(109, 28, 1, '2022-03-09 22:49:31', '2022-03-09 22:49:31'),
(110, 28, 2, '2022-03-09 22:49:31', '2022-03-09 22:49:31'),
(111, 28, 3, '2022-03-09 22:49:31', '2022-03-09 22:49:31'),
(112, 28, 4, '2022-03-09 22:49:31', '2022-03-09 22:49:31'),
(113, 29, 1, '2022-03-09 22:49:31', '2022-03-09 22:49:31'),
(114, 29, 2, '2022-03-09 22:49:31', '2022-03-09 22:49:31'),
(115, 29, 3, '2022-03-09 22:49:31', '2022-03-09 22:49:31'),
(116, 29, 4, '2022-03-09 22:49:31', '2022-03-09 22:49:31'),
(117, 30, 1, '2022-03-09 22:49:31', '2022-03-09 22:49:31'),
(118, 30, 2, '2022-03-09 22:49:31', '2022-03-09 22:49:31'),
(119, 30, 3, '2022-03-09 22:49:31', '2022-03-09 22:49:31'),
(120, 30, 4, '2022-03-09 22:49:31', '2022-03-09 22:49:31'),
(121, 31, 1, '2022-03-09 22:49:31', '2022-03-09 22:49:31'),
(122, 31, 2, '2022-03-09 22:49:31', '2022-03-09 22:49:31'),
(123, 31, 3, '2022-03-09 22:49:31', '2022-03-09 22:49:31'),
(124, 31, 4, '2022-03-09 22:49:31', '2022-03-09 22:49:31'),
(125, 32, 1, '2022-03-09 22:49:31', '2022-03-09 22:49:31'),
(126, 32, 2, '2022-03-09 22:49:31', '2022-03-09 22:49:31'),
(127, 32, 3, '2022-03-09 22:49:31', '2022-03-09 22:49:31'),
(128, 32, 4, '2022-03-09 22:49:31', '2022-03-09 22:49:31'),
(129, 33, 1, '2022-03-09 22:49:31', '2022-03-09 22:49:31'),
(130, 33, 2, '2022-03-09 22:49:31', '2022-03-09 22:49:31'),
(131, 33, 3, '2022-03-09 22:49:31', '2022-03-09 22:49:31'),
(132, 33, 4, '2022-03-09 22:49:31', '2022-03-09 22:49:31'),
(133, 34, 1, '2022-03-09 22:49:31', '2022-03-09 22:49:31'),
(134, 34, 2, '2022-03-09 22:49:31', '2022-03-09 22:49:31'),
(135, 34, 3, '2022-03-09 22:49:31', '2022-03-09 22:49:31'),
(136, 34, 4, '2022-03-09 22:49:31', '2022-03-09 22:49:31'),
(137, 35, 1, '2022-03-09 22:49:31', '2022-03-09 22:49:31'),
(138, 35, 2, '2022-03-09 22:49:31', '2022-03-09 22:49:31'),
(139, 35, 3, '2022-03-09 22:49:31', '2022-03-09 22:49:31'),
(140, 35, 4, '2022-03-09 22:49:31', '2022-03-09 22:49:31'),
(141, 36, 1, '2022-03-09 22:49:31', '2022-03-09 22:49:31'),
(142, 36, 2, '2022-03-09 22:49:31', '2022-03-09 22:49:31'),
(143, 36, 3, '2022-03-09 22:49:31', '2022-03-09 22:49:31'),
(144, 36, 4, '2022-03-09 22:49:31', '2022-03-09 22:49:31'),
(145, 37, 1, '2022-03-09 22:49:31', '2022-03-09 22:49:31'),
(146, 37, 2, '2022-03-09 22:49:31', '2022-03-09 22:49:31'),
(147, 37, 3, '2022-03-09 22:49:31', '2022-03-09 22:49:31'),
(148, 37, 4, '2022-03-09 22:49:31', '2022-03-09 22:49:31'),
(149, 38, 1, '2022-03-09 22:49:31', '2022-03-09 22:49:31'),
(150, 38, 2, '2022-03-09 22:49:31', '2022-03-09 22:49:31'),
(151, 38, 3, '2022-03-09 22:49:31', '2022-03-09 22:49:31'),
(152, 38, 4, '2022-03-09 22:49:31', '2022-03-09 22:49:31'),
(153, 39, 1, '2022-03-09 22:49:31', '2022-03-09 22:49:31'),
(154, 39, 2, '2022-03-09 22:49:31', '2022-03-09 22:49:31'),
(155, 39, 3, '2022-03-09 22:49:31', '2022-03-09 22:49:31'),
(156, 39, 4, '2022-03-09 22:49:31', '2022-03-09 22:49:31'),
(157, 40, 1, '2022-03-09 22:49:31', '2022-03-09 22:49:31'),
(158, 40, 2, '2022-03-09 22:49:31', '2022-03-09 22:49:31'),
(159, 40, 3, '2022-03-09 22:49:31', '2022-03-09 22:49:31'),
(160, 40, 4, '2022-03-09 22:49:31', '2022-03-09 22:49:31'),
(161, 41, 1, '2022-03-09 22:49:31', '2022-03-09 22:49:31'),
(162, 41, 2, '2022-03-09 22:49:31', '2022-03-09 22:49:31'),
(163, 41, 3, '2022-03-09 22:49:31', '2022-03-09 22:49:31'),
(164, 41, 4, '2022-03-09 22:49:31', '2022-03-09 22:49:31'),
(165, 42, 1, '2022-03-09 22:49:31', '2022-03-09 22:49:31'),
(166, 42, 2, '2022-03-09 22:49:31', '2022-03-09 22:49:31'),
(167, 42, 3, '2022-03-09 22:49:31', '2022-03-09 22:49:31'),
(168, 42, 4, '2022-03-09 22:49:31', '2022-03-09 22:49:31'),
(169, 43, 1, '2022-03-09 22:49:31', '2022-03-09 22:49:31'),
(170, 43, 2, '2022-03-09 22:49:31', '2022-03-09 22:49:31'),
(171, 43, 3, '2022-03-09 22:49:31', '2022-03-09 22:49:31'),
(172, 43, 4, '2022-03-09 22:49:31', '2022-03-09 22:49:31'),
(173, 44, 1, '2022-03-09 22:49:31', '2022-03-09 22:49:31'),
(174, 44, 2, '2022-03-09 22:49:31', '2022-03-09 22:49:31'),
(175, 44, 3, '2022-03-09 22:49:31', '2022-03-09 22:49:31'),
(176, 44, 4, '2022-03-09 22:49:31', '2022-03-09 22:49:31'),
(177, 45, 1, '2022-03-09 22:49:31', '2022-03-09 22:49:31'),
(178, 45, 2, '2022-03-09 22:49:31', '2022-03-09 22:49:31'),
(179, 45, 3, '2022-03-09 22:49:31', '2022-03-09 22:49:31'),
(180, 45, 4, '2022-03-09 22:49:31', '2022-03-09 22:49:31'),
(181, 46, 1, '2022-03-09 22:49:31', '2022-03-09 22:49:31'),
(182, 46, 2, '2022-03-09 22:49:31', '2022-03-09 22:49:31'),
(183, 46, 3, '2022-03-09 22:49:31', '2022-03-09 22:49:31'),
(184, 46, 4, '2022-03-09 22:49:31', '2022-03-09 22:49:31'),
(185, 47, 1, '2022-03-09 22:49:31', '2022-03-09 22:49:31'),
(186, 47, 2, '2022-03-09 22:49:31', '2022-03-09 22:49:31'),
(187, 47, 3, '2022-03-09 22:49:31', '2022-03-09 22:49:31'),
(188, 47, 4, '2022-03-09 22:49:31', '2022-03-09 22:49:31'),
(189, 48, 1, '2022-03-09 22:49:31', '2022-03-09 22:49:31'),
(190, 48, 2, '2022-03-09 22:49:31', '2022-03-09 22:49:31'),
(191, 48, 3, '2022-03-09 22:49:31', '2022-03-09 22:49:31'),
(192, 48, 4, '2022-03-09 22:49:31', '2022-03-09 22:49:31'),
(193, 49, 1, '2022-03-09 22:49:31', '2022-03-09 22:49:31'),
(194, 49, 2, '2022-03-09 22:49:31', '2022-03-09 22:49:31'),
(195, 49, 3, '2022-03-09 22:49:31', '2022-03-09 22:49:31'),
(196, 49, 4, '2022-03-09 22:49:31', '2022-03-09 22:49:31'),
(197, 50, 1, '2022-03-09 22:49:31', '2022-03-09 22:49:31'),
(198, 50, 2, '2022-03-09 22:49:31', '2022-03-09 22:49:31'),
(199, 50, 3, '2022-03-09 22:49:31', '2022-03-09 22:49:31'),
(200, 50, 4, '2022-03-09 22:49:31', '2022-03-09 22:49:31'),
(201, 51, 1, '2022-03-09 22:49:31', '2022-03-09 22:49:31'),
(202, 51, 2, '2022-03-09 22:49:31', '2022-03-09 22:49:31'),
(203, 51, 3, '2022-03-09 22:49:31', '2022-03-09 22:49:31'),
(204, 51, 4, '2022-03-09 22:49:31', '2022-03-09 22:49:31'),
(205, 52, 1, '2022-03-09 22:49:31', '2022-03-09 22:49:31'),
(206, 52, 2, '2022-03-09 22:49:31', '2022-03-09 22:49:31'),
(207, 52, 3, '2022-03-09 22:49:31', '2022-03-09 22:49:31'),
(208, 52, 4, '2022-03-09 22:49:31', '2022-03-09 22:49:31'),
(209, 53, 1, '2022-03-09 22:49:31', '2022-03-09 22:49:31'),
(210, 53, 2, '2022-03-09 22:49:31', '2022-03-09 22:49:31'),
(211, 53, 3, '2022-03-09 22:49:31', '2022-03-09 22:49:31'),
(212, 53, 4, '2022-03-09 22:49:31', '2022-03-09 22:49:31'),
(213, 54, 1, '2022-03-09 22:49:31', '2022-03-09 22:49:31'),
(214, 54, 2, '2022-03-09 22:49:31', '2022-03-09 22:49:31'),
(215, 54, 3, '2022-03-09 22:49:31', '2022-03-09 22:49:31'),
(216, 54, 4, '2022-03-09 22:49:31', '2022-03-09 22:49:31'),
(217, 55, 1, '2022-03-09 22:49:31', '2022-03-09 22:49:31'),
(218, 55, 2, '2022-03-09 22:49:31', '2022-03-09 22:49:31'),
(219, 55, 3, '2022-03-09 22:49:31', '2022-03-09 22:49:31'),
(220, 55, 4, '2022-03-09 22:49:31', '2022-03-09 22:49:31'),
(221, 56, 1, '2022-03-09 22:49:31', '2022-03-09 22:49:31'),
(222, 56, 2, '2022-03-09 22:49:31', '2022-03-09 22:49:31'),
(223, 56, 3, '2022-03-09 22:49:31', '2022-03-09 22:49:31'),
(224, 56, 4, '2022-03-09 22:49:31', '2022-03-09 22:49:31'),
(225, 57, 1, '2022-03-09 22:49:31', '2022-03-09 22:49:31'),
(226, 57, 2, '2022-03-09 22:49:31', '2022-03-09 22:49:31'),
(227, 57, 3, '2022-03-09 22:49:31', '2022-03-09 22:49:31'),
(228, 57, 4, '2022-03-09 22:49:31', '2022-03-09 22:49:31'),
(229, 58, 1, '2022-03-09 22:49:31', '2022-03-09 22:49:31'),
(230, 58, 2, '2022-03-09 22:49:31', '2022-03-09 22:49:31'),
(231, 58, 3, '2022-03-09 22:49:31', '2022-03-09 22:49:31'),
(232, 58, 4, '2022-03-09 22:49:31', '2022-03-09 22:49:31'),
(233, 59, 1, '2022-03-09 22:49:31', '2022-03-09 22:49:31'),
(234, 59, 2, '2022-03-09 22:49:31', '2022-03-09 22:49:31'),
(235, 59, 3, '2022-03-09 22:49:31', '2022-03-09 22:49:31'),
(236, 59, 4, '2022-03-09 22:49:31', '2022-03-09 22:49:31'),
(237, 60, 1, '2022-03-09 22:49:31', '2022-03-09 22:49:31'),
(238, 60, 2, '2022-03-09 22:49:31', '2022-03-09 22:49:31'),
(239, 60, 3, '2022-03-09 22:49:31', '2022-03-09 22:49:31'),
(240, 60, 4, '2022-03-09 22:49:31', '2022-03-09 22:49:31'),
(241, 61, 1, '2022-03-09 22:49:31', '2022-03-09 22:49:31'),
(242, 61, 2, '2022-03-09 22:49:31', '2022-03-09 22:49:31'),
(243, 61, 3, '2022-03-09 22:49:31', '2022-03-09 22:49:31'),
(244, 61, 4, '2022-03-09 22:49:31', '2022-03-09 22:49:31'),
(245, 62, 1, '2022-03-09 22:49:31', '2022-03-09 22:49:31'),
(246, 62, 2, '2022-03-09 22:49:31', '2022-03-09 22:49:31'),
(247, 62, 3, '2022-03-09 22:49:31', '2022-03-09 22:49:31'),
(248, 62, 4, '2022-03-09 22:49:31', '2022-03-09 22:49:31'),
(249, 63, 1, '2022-03-09 22:49:31', '2022-03-09 22:49:31'),
(250, 63, 2, '2022-03-09 22:49:31', '2022-03-09 22:49:31'),
(251, 63, 3, '2022-03-09 22:49:31', '2022-03-09 22:49:31'),
(252, 63, 4, '2022-03-09 22:49:31', '2022-03-09 22:49:31'),
(253, 64, 1, '2022-03-09 22:49:31', '2022-03-09 22:49:31'),
(254, 64, 2, '2022-03-09 22:49:31', '2022-03-09 22:49:31'),
(255, 64, 3, '2022-03-09 22:49:31', '2022-03-09 22:49:31'),
(256, 64, 4, '2022-03-09 22:49:31', '2022-03-09 22:49:31'),
(257, 65, 1, '2022-03-09 22:49:31', '2022-03-09 22:49:31'),
(258, 65, 2, '2022-03-09 22:49:31', '2022-03-09 22:49:31'),
(259, 65, 3, '2022-03-09 22:49:31', '2022-03-09 22:49:31'),
(260, 65, 4, '2022-03-09 22:49:31', '2022-03-09 22:49:31'),
(261, 66, 1, '2022-03-09 22:49:31', '2022-03-09 22:49:31'),
(262, 66, 2, '2022-03-09 22:49:31', '2022-03-09 22:49:31'),
(263, 66, 3, '2022-03-09 22:49:31', '2022-03-09 22:49:31'),
(264, 66, 4, '2022-03-09 22:49:31', '2022-03-09 22:49:31'),
(265, 67, 1, '2022-03-09 22:49:31', '2022-03-09 22:49:31'),
(266, 67, 2, '2022-03-09 22:49:31', '2022-03-09 22:49:31'),
(267, 67, 3, '2022-03-09 22:49:31', '2022-03-09 22:49:31'),
(268, 67, 4, '2022-03-09 22:49:31', '2022-03-09 22:49:31'),
(269, 68, 1, '2022-03-09 22:49:31', '2022-03-09 22:49:31'),
(270, 68, 2, '2022-03-09 22:49:31', '2022-03-09 22:49:31'),
(271, 68, 3, '2022-03-09 22:49:31', '2022-03-09 22:49:31'),
(272, 68, 4, '2022-03-09 22:49:31', '2022-03-09 22:49:31'),
(273, 69, 1, '2022-03-09 22:49:31', '2022-03-09 22:49:31'),
(274, 69, 2, '2022-03-09 22:49:31', '2022-03-09 22:49:31'),
(275, 69, 3, '2022-03-09 22:49:31', '2022-03-09 22:49:31'),
(276, 69, 4, '2022-03-09 22:49:31', '2022-03-09 22:49:31'),
(277, 70, 1, '2022-03-09 22:49:31', '2022-03-09 22:49:31'),
(278, 70, 2, '2022-03-09 22:49:31', '2022-03-09 22:49:31'),
(279, 70, 3, '2022-03-09 22:49:31', '2022-03-09 22:49:31'),
(280, 70, 4, '2022-03-09 22:49:31', '2022-03-09 22:49:31'),
(281, 71, 1, '2022-03-09 22:49:31', '2022-03-09 22:49:31'),
(282, 71, 2, '2022-03-09 22:49:31', '2022-03-09 22:49:31'),
(283, 71, 3, '2022-03-09 22:49:31', '2022-03-09 22:49:31'),
(284, 71, 4, '2022-03-09 22:49:31', '2022-03-09 22:49:31'),
(285, 72, 1, '2022-03-09 22:49:31', '2022-03-09 22:49:31'),
(286, 72, 2, '2022-03-09 22:49:31', '2022-03-09 22:49:31'),
(287, 72, 3, '2022-03-09 22:49:31', '2022-03-09 22:49:31'),
(288, 72, 4, '2022-03-09 22:49:31', '2022-03-09 22:49:31'),
(289, 73, 1, '2022-03-09 22:49:31', '2022-03-09 22:49:31'),
(290, 73, 2, '2022-03-09 22:49:31', '2022-03-09 22:49:31'),
(291, 73, 3, '2022-03-09 22:49:31', '2022-03-09 22:49:31'),
(292, 73, 4, '2022-03-09 22:49:31', '2022-03-09 22:49:31'),
(293, 74, 1, '2022-03-09 22:49:31', '2022-03-09 22:49:31'),
(294, 74, 2, '2022-03-09 22:49:31', '2022-03-09 22:49:31'),
(295, 74, 3, '2022-03-09 22:49:31', '2022-03-09 22:49:31'),
(296, 74, 4, '2022-03-09 22:49:31', '2022-03-09 22:49:31'),
(297, 75, 1, '2022-03-09 22:49:31', '2022-03-09 22:49:31'),
(298, 75, 2, '2022-03-09 22:49:31', '2022-03-09 22:49:31'),
(299, 75, 3, '2022-03-09 22:49:31', '2022-03-09 22:49:31'),
(300, 75, 4, '2022-03-09 22:49:31', '2022-03-09 22:49:31'),
(301, 76, 1, '2022-03-09 22:49:31', '2022-03-09 22:49:31'),
(302, 76, 2, '2022-03-09 22:49:31', '2022-03-09 22:49:31'),
(303, 76, 3, '2022-03-09 22:49:31', '2022-03-09 22:49:31'),
(304, 76, 4, '2022-03-09 22:49:31', '2022-03-09 22:49:31'),
(305, 77, 1, '2022-03-09 22:49:31', '2022-03-09 22:49:31'),
(306, 77, 2, '2022-03-09 22:49:31', '2022-03-09 22:49:31'),
(307, 77, 3, '2022-03-09 22:49:31', '2022-03-09 22:49:31'),
(308, 77, 4, '2022-03-09 22:49:31', '2022-03-09 22:49:31'),
(309, 78, 1, '2022-03-09 22:49:31', '2022-03-09 22:49:31'),
(310, 78, 2, '2022-03-09 22:49:31', '2022-03-09 22:49:31'),
(311, 78, 3, '2022-03-09 22:49:31', '2022-03-09 22:49:31'),
(312, 78, 4, '2022-03-09 22:49:31', '2022-03-09 22:49:31'),
(313, 79, 1, '2022-03-09 22:49:31', '2022-03-09 22:49:31'),
(314, 79, 2, '2022-03-09 22:49:31', '2022-03-09 22:49:31'),
(315, 79, 3, '2022-03-09 22:49:31', '2022-03-09 22:49:31'),
(316, 79, 4, '2022-03-09 22:49:31', '2022-03-09 22:49:31'),
(317, 80, 1, '2022-03-09 22:49:31', '2022-03-09 22:49:31'),
(318, 80, 2, '2022-03-09 22:49:31', '2022-03-09 22:49:31'),
(319, 80, 3, '2022-03-09 22:49:31', '2022-03-09 22:49:31'),
(320, 80, 4, '2022-03-09 22:49:31', '2022-03-09 22:49:31'),
(345, 98, 2, '2022-03-12 09:21:53', '2022-03-12 09:21:53'),
(346, 98, 1, '2022-03-12 09:22:34', '2022-03-12 09:22:34'),
(347, 99, 5, '2022-03-12 09:23:38', '2022-03-12 09:23:38'),
(348, 100, 1, '2022-03-12 09:24:46', '2022-03-12 09:24:46'),
(349, 100, 2, '2022-03-12 09:25:28', '2022-03-12 09:25:28'),
(350, 100, 3, '2022-03-12 09:25:53', '2022-03-12 09:25:53'),
(351, 101, 3, '2022-03-12 09:26:59', '2022-03-12 09:26:59'),
(352, 102, 3, '2022-03-12 09:29:53', '2022-03-12 09:29:53'),
(353, 102, 4, '2022-03-12 09:30:47', '2022-03-12 09:30:47'),
(354, 103, 1, '2022-03-12 21:35:40', '2022-03-12 21:35:40'),
(355, 103, 4, '2022-03-12 21:36:07', '2022-03-12 21:36:24'),
(356, 103, 2, '2022-03-12 21:36:47', '2022-03-12 21:36:47'),
(357, 103, 3, '2022-03-12 21:37:32', '2022-03-12 21:37:32'),
(358, 104, 4, '2022-03-12 21:41:46', '2022-03-12 21:41:46'),
(359, 105, 2, '2022-03-12 21:45:31', '2022-03-12 21:45:31'),
(360, 108, 5, '2022-03-12 21:51:27', '2022-03-12 21:51:27'),
(361, 109, 3, '2022-03-12 21:52:22', '2022-03-12 21:52:22'),
(362, 109, 4, '2022-03-12 21:52:48', '2022-03-12 21:52:48'),
(363, 110, 1, '2022-03-12 21:55:17', '2022-03-12 21:55:17'),
(364, 110, 2, '2022-03-12 21:55:38', '2022-03-12 21:55:38'),
(365, 110, 2, '2022-03-12 21:55:41', '2022-03-12 21:55:41'),
(366, 111, 2, '2022-03-12 22:12:38', '2022-03-12 22:12:38'),
(367, 111, 4, '2022-03-12 22:12:39', '2022-03-12 22:14:42'),
(368, 112, 5, '2022-03-12 22:21:23', '2022-03-12 22:21:23'),
(389, 113, 5, '2022-03-12 23:33:03', '2022-03-12 23:33:03'),
(391, 128, 3, '2022-03-12 23:34:57', '2022-03-12 23:34:57'),
(390, 128, 2, '2022-03-12 23:34:22', '2022-03-12 23:34:22'),
(372, 114, 4, '2022-03-12 22:53:52', '2022-03-12 22:53:52'),
(373, 115, 2, '2022-03-12 22:54:21', '2022-03-12 22:54:21'),
(374, 116, 5, '2022-03-12 22:55:38', '2022-03-12 22:55:38'),
(375, 117, 2, '2022-03-12 22:56:54', '2022-03-12 22:56:54'),
(376, 117, 4, '2022-03-12 22:56:57', '2022-03-12 22:57:29'),
(377, 118, 5, '2022-03-12 23:00:25', '2022-03-12 23:00:25'),
(378, 119, 3, '2022-03-12 23:02:09', '2022-03-12 23:02:09'),
(379, 119, 4, '2022-03-12 23:02:33', '2022-03-12 23:02:33'),
(380, 120, 3, '2022-03-12 23:03:40', '2022-03-12 23:03:40'),
(381, 120, 4, '2022-03-12 23:04:18', '2022-03-12 23:04:18'),
(382, 123, 2, '2022-03-12 23:12:01', '2022-03-12 23:12:01'),
(383, 124, 3, '2022-03-12 23:13:21', '2022-03-12 23:13:21'),
(384, 124, 4, '2022-03-12 23:13:56', '2022-03-12 23:13:56'),
(385, 125, 3, '2022-03-12 23:14:52', '2022-03-12 23:14:52'),
(386, 125, 4, '2022-03-12 23:14:56', '2022-03-12 23:15:23'),
(387, 126, 5, '2022-03-12 23:24:24', '2022-03-12 23:24:24'),
(388, 112, 2, '2022-03-12 23:31:44', '2022-03-12 23:31:44'),
(392, 129, 5, '2022-03-12 23:36:17', '2022-03-12 23:36:17'),
(393, 130, 2, '2022-03-12 23:37:40', '2022-03-12 23:37:40'),
(394, 131, 2, '2022-03-12 23:40:22', '2022-03-12 23:40:22'),
(395, 131, 3, '2022-03-12 23:40:49', '2022-03-12 23:40:49'),
(396, 132, 3, '2022-03-12 23:42:44', '2022-03-12 23:42:44'),
(397, 135, 4, '2022-03-12 23:47:44', '2022-03-12 23:47:44'),
(398, 136, 4, '2022-03-12 23:50:00', '2022-03-12 23:50:00'),
(399, 137, 5, '2022-03-12 23:52:25', '2022-03-12 23:52:25'),
(400, 138, 5, '2022-03-12 23:56:49', '2022-03-12 23:56:49'),
(401, 140, 3, '2022-03-12 23:58:56', '2022-03-12 23:58:56'),
(402, 141, 3, '2022-03-12 23:59:59', '2022-03-12 23:59:59'),
(403, 142, 1, '2022-03-13 00:11:54', '2022-03-13 00:11:54'),
(404, 142, 2, '2022-03-13 00:11:59', '2022-03-13 00:12:21'),
(405, 143, 1, '2022-03-13 00:13:53', '2022-03-13 00:13:53'),
(406, 143, 2, '2022-03-13 00:13:58', '2022-03-13 00:14:15'),
(407, 144, 4, '2022-03-13 00:15:24', '2022-03-13 00:15:24'),
(408, 145, 2, '2022-03-13 00:18:36', '2022-03-13 00:18:36'),
(409, 146, 4, '2022-03-13 00:19:21', '2022-03-13 00:19:21'),
(410, 148, 1, '2022-03-13 00:20:51', '2022-03-13 00:20:51'),
(411, 148, 2, '2022-03-13 00:21:25', '2022-03-13 00:21:25'),
(412, 148, 4, '2022-03-13 00:21:49', '2022-03-13 00:21:49'),
(413, 149, 4, '2022-03-13 00:30:30', '2022-03-13 00:30:30'),
(414, 150, 3, '2022-03-13 00:31:42', '2022-03-13 00:31:42'),
(415, 150, 4, '2022-03-13 00:32:05', '2022-03-13 00:32:05'),
(416, 151, 3, '2022-03-13 00:33:39', '2022-03-13 00:33:39'),
(417, 151, 4, '2022-03-13 00:33:53', '2022-03-13 00:33:53'),
(418, 152, 4, '2022-03-13 00:36:06', '2022-03-13 00:36:06'),
(419, 154, 5, '2022-03-13 00:37:19', '2022-03-13 00:37:19'),
(420, 154, 5, '2022-03-13 00:37:24', '2022-03-13 00:37:24'),
(421, 155, 5, '2022-03-13 00:38:33', '2022-03-13 00:38:33'),
(422, 156, 3, '2022-03-13 00:41:32', '2022-03-13 00:41:32'),
(423, 156, 4, '2022-03-13 00:41:47', '2022-03-13 00:41:47'),
(424, 157, 3, '2022-03-13 00:48:35', '2022-03-13 00:48:35'),
(425, 157, 4, '2022-03-13 00:50:10', '2022-03-13 00:50:10'),
(426, 157, 4, '2022-03-13 00:50:20', '2022-03-13 00:50:20'),
(427, 159, 3, '2022-03-13 00:52:40', '2022-03-13 00:52:40'),
(428, 159, 4, '2022-03-13 00:53:57', '2022-03-13 00:53:57'),
(429, 159, 4, '2022-03-13 00:54:01', '2022-03-13 00:54:01');

-- --------------------------------------------------------

--
-- Estructura de tabla para la tabla `motivos`
--

CREATE TABLE `motivos` (
  `id` bigint(20) UNSIGNED NOT NULL,
  `motivo` varchar(50) COLLATE utf8mb4_unicode_ci NOT NULL,
  `created_at` timestamp NULL DEFAULT NULL,
  `updated_at` timestamp NULL DEFAULT NULL
) ENGINE=MyISAM DEFAULT CHARSET=utf8mb4 COLLATE=utf8mb4_unicode_ci;

--
-- Volcado de datos para la tabla `motivos`
--

INSERT INTO `motivos` (`id`, `motivo`, `created_at`, `updated_at`) VALUES
(1, 'ACCIDENTAL', '2022-03-09 22:49:31', '2022-03-09 22:49:31'),
(2, 'INTENCIONAL', '2022-03-09 22:49:31', '2022-03-09 22:49:31'),
(3, 'N/A', '2022-03-11 22:08:12', '2022-03-11 22:08:12');

-- --------------------------------------------------------

--
-- Estructura de tabla para la tabla `nivels`
--

CREATE TABLE `nivels` (
  `id` bigint(20) UNSIGNED NOT NULL,
  `nivel` varchar(10) COLLATE utf8mb4_unicode_ci NOT NULL,
  `valonive` int(11) NOT NULL,
  `created_at` timestamp NULL DEFAULT NULL,
  `updated_at` timestamp NULL DEFAULT NULL
) ENGINE=MyISAM DEFAULT CHARSET=utf8mb4 COLLATE=utf8mb4_unicode_ci;

--
-- Volcado de datos para la tabla `nivels`
--

INSERT INTO `nivels` (`id`, `nivel`, `valonive`, `created_at`, `updated_at`) VALUES
(1, 'MUY BAJO', 100, '2022-03-14 17:44:47', '2022-03-14 17:44:47'),
(2, 'BAJO', 200, '2022-03-14 17:44:47', '2022-03-14 17:44:47'),
(3, 'MEDIO', 300, '2022-03-14 17:44:47', '2022-03-14 17:44:47'),
(4, 'ALTO', 400, '2022-03-14 17:44:47', '2022-03-14 17:44:47'),
(5, 'MUY ALTO', 500, '2022-03-14 17:44:47', '2022-03-14 17:44:47');

-- --------------------------------------------------------

--
-- Estructura de tabla para la tabla `observacs`
--

CREATE TABLE `observacs` (
  `id` bigint(20) UNSIGNED NOT NULL,
  `observac` varchar(4000) COLLATE utf8mb4_unicode_ci NOT NULL,
  `created_at` timestamp NULL DEFAULT NULL,
  `updated_at` timestamp NULL DEFAULT NULL
) ENGINE=MyISAM DEFAULT CHARSET=utf8mb4 COLLATE=utf8mb4_unicode_ci;

-- --------------------------------------------------------

--
-- Estructura de tabla para la tabla `password_resets`
--

CREATE TABLE `password_resets` (
  `email` varchar(191) COLLATE utf8mb4_unicode_ci NOT NULL,
  `token` varchar(191) COLLATE utf8mb4_unicode_ci NOT NULL,
  `created_at` timestamp NULL DEFAULT NULL
) ENGINE=MyISAM DEFAULT CHARSET=utf8mb4 COLLATE=utf8mb4_unicode_ci;

-- --------------------------------------------------------

--
-- Estructura de tabla para la tabla `permissions`
--

CREATE TABLE `permissions` (
  `id` bigint(20) UNSIGNED NOT NULL,
  `name` varchar(191) COLLATE utf8mb4_unicode_ci NOT NULL,
  `guard_name` varchar(191) COLLATE utf8mb4_unicode_ci NOT NULL,
  `created_at` timestamp NULL DEFAULT NULL,
  `updated_at` timestamp NULL DEFAULT NULL
) ENGINE=MyISAM DEFAULT CHARSET=utf8mb4 COLLATE=utf8mb4_unicode_ci;

--
-- Volcado de datos para la tabla `permissions`
--

INSERT INTO `permissions` (`id`, `name`, `guard_name`, `created_at`, `updated_at`) VALUES
(1, 'adminxxx-moduloxx', 'web', '2022-03-14 22:44:46', '2022-03-14 22:44:46'),
(2, 'activoxx-leerxxxx', 'web', '2022-03-14 22:44:46', '2022-03-14 22:44:46'),
(3, 'activoxx-crearxxx', 'web', '2022-03-14 22:44:46', '2022-03-14 22:44:46'),
(4, 'activoxx-editarxx', 'web', '2022-03-14 22:44:46', '2022-03-14 22:44:46'),
(5, 'activoxx-borrarxx', 'web', '2022-03-14 22:44:46', '2022-03-14 22:44:46'),
(6, 'activoxx-activarx', 'web', '2022-03-14 22:44:46', '2022-03-14 22:44:46'),
(7, 'accesoxx-leerxxxx', 'web', '2022-03-14 22:44:46', '2022-03-14 22:44:46'),
(8, 'accesoxx-crearxxx', 'web', '2022-03-14 22:44:46', '2022-03-14 22:44:46'),
(9, 'accesoxx-editarxx', 'web', '2022-03-14 22:44:46', '2022-03-14 22:44:46'),
(10, 'accesoxx-borrarxx', 'web', '2022-03-14 22:44:46', '2022-03-14 22:44:46'),
(11, 'accesoxx-activarx', 'web', '2022-03-14 22:44:46', '2022-03-14 22:44:46'),
(12, 'actorxxx-leerxxxx', 'web', '2022-03-14 22:44:46', '2022-03-14 22:44:46'),
(13, 'actorxxx-crearxxx', 'web', '2022-03-14 22:44:46', '2022-03-14 22:44:46'),
(14, 'actorxxx-editarxx', 'web', '2022-03-14 22:44:46', '2022-03-14 22:44:46'),
(15, 'actorxxx-borrarxx', 'web', '2022-03-14 22:44:46', '2022-03-14 22:44:46'),
(16, 'actorxxx-activarx', 'web', '2022-03-14 22:44:46', '2022-03-14 22:44:46'),
(17, 'motivoxx-leerxxxx', 'web', '2022-03-14 22:44:46', '2022-03-14 22:44:46'),
(18, 'motivoxx-crearxxx', 'web', '2022-03-14 22:44:46', '2022-03-14 22:44:46'),
(19, 'motivoxx-editarxx', 'web', '2022-03-14 22:44:46', '2022-03-14 22:44:46'),
(20, 'motivoxx-borrarxx', 'web', '2022-03-14 22:44:46', '2022-03-14 22:44:46'),
(21, 'motivoxx-activarx', 'web', '2022-03-14 22:44:46', '2022-03-14 22:44:46'),
(22, 'resultad-leerxxxx', 'web', '2022-03-14 22:44:46', '2022-03-14 22:44:46'),
(23, 'resultad-crearxxx', 'web', '2022-03-14 22:44:46', '2022-03-14 22:44:46'),
(24, 'resultad-editarxx', 'web', '2022-03-14 22:44:46', '2022-03-14 22:44:46'),
(25, 'resultad-borrarxx', 'web', '2022-03-14 22:44:46', '2022-03-14 22:44:46'),
(26, 'resultad-activarx', 'web', '2022-03-14 22:44:46', '2022-03-14 22:44:46'),
(27, 'actiacce-leerxxxx', 'web', '2022-03-14 22:44:46', '2022-03-14 22:44:46'),
(28, 'actiacce-crearxxx', 'web', '2022-03-14 22:44:46', '2022-03-14 22:44:46'),
(29, 'actiacce-editarxx', 'web', '2022-03-14 22:44:46', '2022-03-14 22:44:46'),
(30, 'actiacce-borrarxx', 'web', '2022-03-14 22:44:46', '2022-03-14 22:44:46'),
(31, 'actiacce-activarx', 'web', '2022-03-14 22:44:46', '2022-03-14 22:44:46'),
(32, 'acceacto-leerxxxx', 'web', '2022-03-14 22:44:46', '2022-03-14 22:44:46'),
(33, 'acceacto-crearxxx', 'web', '2022-03-14 22:44:46', '2022-03-14 22:44:46'),
(34, 'acceacto-editarxx', 'web', '2022-03-14 22:44:46', '2022-03-14 22:44:46'),
(35, 'acceacto-borrarxx', 'web', '2022-03-14 22:44:46', '2022-03-14 22:44:46'),
(36, 'acceacto-activarx', 'web', '2022-03-14 22:44:46', '2022-03-14 22:44:46'),
(37, 'actomoti-leerxxxx', 'web', '2022-03-14 22:44:46', '2022-03-14 22:44:46'),
(38, 'actomoti-crearxxx', 'web', '2022-03-14 22:44:46', '2022-03-14 22:44:46'),
(39, 'actomoti-editarxx', 'web', '2022-03-14 22:44:46', '2022-03-14 22:44:46'),
(40, 'actomoti-borrarxx', 'web', '2022-03-14 22:44:46', '2022-03-14 22:44:46'),
(41, 'actomoti-activarx', 'web', '2022-03-14 22:44:46', '2022-03-14 22:44:46'),
(42, 'motiresu-leerxxxx', 'web', '2022-03-14 22:44:46', '2022-03-14 22:44:46'),
(43, 'motiresu-crearxxx', 'web', '2022-03-14 22:44:46', '2022-03-14 22:44:46'),
(44, 'motiresu-editarxx', 'web', '2022-03-14 22:44:46', '2022-03-14 22:44:46'),
(45, 'motiresu-borrarxx', 'web', '2022-03-14 22:44:46', '2022-03-14 22:44:46'),
(46, 'motiresu-activarx', 'web', '2022-03-14 22:44:46', '2022-03-14 22:44:46'),
(47, 'resuimpa-leerxxxx', 'web', '2022-03-14 22:44:46', '2022-03-14 22:44:46'),
(48, 'resuimpa-crearxxx', 'web', '2022-03-14 22:44:46', '2022-03-14 22:44:46'),
(49, 'resuimpa-editarxx', 'web', '2022-03-14 22:44:46', '2022-03-14 22:44:46'),
(50, 'resuimpa-borrarxx', 'web', '2022-03-14 22:44:46', '2022-03-14 22:44:46'),
(51, 'resuimpa-activarx', 'web', '2022-03-14 22:44:46', '2022-03-14 22:44:46'),
(52, 'tconsecu-leerxxxx', 'web', '2022-03-14 22:44:46', '2022-03-14 22:44:46'),
(53, 'tconsecu-crearxxx', 'web', '2022-03-14 22:44:46', '2022-03-14 22:44:46'),
(54, 'tconsecu-editarxx', 'web', '2022-03-14 22:44:46', '2022-03-14 22:44:46'),
(55, 'tconsecu-borrarxx', 'web', '2022-03-14 22:44:46', '2022-03-14 22:44:46'),
(56, 'tconsecu-activarx', 'web', '2022-03-14 22:44:46', '2022-03-14 22:44:46'),
(57, 'tipoprob-leerxxxx', 'web', '2022-03-14 22:44:46', '2022-03-14 22:44:46'),
(58, 'tipoprob-crearxxx', 'web', '2022-03-14 22:44:46', '2022-03-14 22:44:46'),
(59, 'tipoprob-editarxx', 'web', '2022-03-14 22:44:46', '2022-03-14 22:44:46'),
(60, 'tipoprob-borrarxx', 'web', '2022-03-14 22:44:46', '2022-03-14 22:44:46'),
(61, 'tipoprob-activarx', 'web', '2022-03-14 22:44:46', '2022-03-14 22:44:46'),
(62, 'probabil-leerxxxx', 'web', '2022-03-14 22:44:46', '2022-03-14 22:44:46'),
(63, 'probabil-crearxxx', 'web', '2022-03-14 22:44:46', '2022-03-14 22:44:46'),
(64, 'probabil-editarxx', 'web', '2022-03-14 22:44:46', '2022-03-14 22:44:46'),
(65, 'probabil-borrarxx', 'web', '2022-03-14 22:44:46', '2022-03-14 22:44:46'),
(66, 'probabil-activarx', 'web', '2022-03-14 22:44:46', '2022-03-14 22:44:46'),
(67, 'consecue-leerxxxx', 'web', '2022-03-14 22:44:46', '2022-03-14 22:44:46'),
(68, 'consecue-crearxxx', 'web', '2022-03-14 22:44:46', '2022-03-14 22:44:46'),
(69, 'consecue-editarxx', 'web', '2022-03-14 22:44:46', '2022-03-14 22:44:46'),
(70, 'consecue-borrarxx', 'web', '2022-03-14 22:44:46', '2022-03-14 22:44:46'),
(71, 'consecue-activarx', 'web', '2022-03-14 22:44:46', '2022-03-14 22:44:46'),
(72, 'consprob-leerxxxx', 'web', '2022-03-14 22:44:46', '2022-03-14 22:44:46'),
(73, 'consprob-crearxxx', 'web', '2022-03-14 22:44:46', '2022-03-14 22:44:46'),
(74, 'consprob-editarxx', 'web', '2022-03-14 22:44:46', '2022-03-14 22:44:46'),
(75, 'consprob-borrarxx', 'web', '2022-03-14 22:44:46', '2022-03-14 22:44:46'),
(76, 'consprob-activarx', 'web', '2022-03-14 22:44:46', '2022-03-14 22:44:46'),
(77, 'vulnacti-leerxxxx', 'web', '2022-03-14 22:44:46', '2022-03-14 22:44:46'),
(78, 'vulnerab-leerxxxx', 'web', '2022-03-14 22:44:46', '2022-03-14 22:44:46'),
(79, 'vulnerab-crearxxx', 'web', '2022-03-14 22:44:46', '2022-03-14 22:44:46'),
(80, 'vulnerab-editarxx', 'web', '2022-03-14 22:44:46', '2022-03-14 22:44:46'),
(81, 'vulnerab-borrarxx', 'web', '2022-03-14 22:44:46', '2022-03-14 22:44:46'),
(82, 'vulnerab-activarx', 'web', '2022-03-14 22:44:46', '2022-03-14 22:44:46'),
(83, 'herramie-leerxxxx', 'web', '2022-03-14 22:44:46', '2022-03-14 22:44:46'),
(84, 'herramie-crearxxx', 'web', '2022-03-14 22:44:46', '2022-03-14 22:44:46'),
(85, 'herramie-editarxx', 'web', '2022-03-14 22:44:46', '2022-03-14 22:44:46'),
(86, 'herramie-borrarxx', 'web', '2022-03-14 22:44:46', '2022-03-14 22:44:46'),
(87, 'herramie-activarx', 'web', '2022-03-14 22:44:46', '2022-03-14 22:44:46'),
(88, 'vulnacto-leerxxxx', 'web', '2022-03-14 22:44:46', '2022-03-14 22:44:46'),
(89, 'vulnacto-crearxxx', 'web', '2022-03-14 22:44:46', '2022-03-14 22:44:46'),
(90, 'vulnacto-editarxx', 'web', '2022-03-14 22:44:46', '2022-03-14 22:44:46'),
(91, 'vulnacto-borrarxx', 'web', '2022-03-14 22:44:46', '2022-03-14 22:44:46'),
(92, 'vulnacto-activarx', 'web', '2022-03-14 22:44:46', '2022-03-14 22:44:46'),
(93, 'actoherr-leerxxxx', 'web', '2022-03-14 22:44:46', '2022-03-14 22:44:46'),
(94, 'actoherr-crearxxx', 'web', '2022-03-14 22:44:46', '2022-03-14 22:44:46'),
(95, 'actoherr-editarxx', 'web', '2022-03-14 22:44:46', '2022-03-14 22:44:46'),
(96, 'actoherr-borrarxx', 'web', '2022-03-14 22:44:46', '2022-03-14 22:44:46'),
(97, 'actoherr-activarx', 'web', '2022-03-14 22:44:46', '2022-03-14 22:44:46'),
(98, 'welcmodu-moduloxx', 'web', '2022-03-14 22:44:46', '2022-03-14 22:44:46'),
(99, 'welcomex-leerxxxx', 'web', '2022-03-14 22:44:46', '2022-03-14 22:44:46'),
(100, 'welcomex-crearxxx', 'web', '2022-03-14 22:44:46', '2022-03-14 22:44:46'),
(101, 'welcomex-editarxx', 'web', '2022-03-14 22:44:46', '2022-03-14 22:44:46'),
(102, 'welcomex-borrarxx', 'web', '2022-03-14 22:44:46', '2022-03-14 22:44:46'),
(103, 'welcomex-activarx', 'web', '2022-03-14 22:44:46', '2022-03-14 22:44:46');

-- --------------------------------------------------------

--
-- Estructura de tabla para la tabla `probabils`
--

CREATE TABLE `probabils` (
  `id` bigint(20) UNSIGNED NOT NULL,
  `nivel_id` int(10) UNSIGNED NOT NULL COMMENT 'IDENTIFICADOR DEL NIVEL',
  `tipoprob_id` int(10) UNSIGNED NOT NULL COMMENT 'IDENTIFICADOR DEL TIPO DE PROBABILIDAD',
  `created_at` timestamp NULL DEFAULT NULL,
  `updated_at` timestamp NULL DEFAULT NULL
) ENGINE=MyISAM DEFAULT CHARSET=utf8mb4 COLLATE=utf8mb4_unicode_ci;

-- --------------------------------------------------------

--
-- Estructura de tabla para la tabla `probimpas`
--

CREATE TABLE `probimpas` (
  `id` bigint(20) UNSIGNED NOT NULL,
  `probabil_id` int(10) UNSIGNED NOT NULL COMMENT 'IDENTIFICADOR DEL MOTIVO-RESULTADO',
  `created_at` timestamp NULL DEFAULT NULL,
  `updated_at` timestamp NULL DEFAULT NULL
) ENGINE=MyISAM DEFAULT CHARSET=utf8mb4 COLLATE=utf8mb4_unicode_ci;

-- --------------------------------------------------------

--
-- Estructura de tabla para la tabla `resuimpas`
--

CREATE TABLE `resuimpas` (
  `id` bigint(20) UNSIGNED NOT NULL,
  `motiresu_id` int(10) UNSIGNED NOT NULL COMMENT 'IDENTIFICADOR DEL MOTIVO',
  `impanive_id` int(10) UNSIGNED NOT NULL COMMENT 'IDENTIFICADOR DEL MOTIVO',
  `created_at` timestamp NULL DEFAULT NULL,
  `updated_at` timestamp NULL DEFAULT NULL
) ENGINE=MyISAM DEFAULT CHARSET=utf8mb4 COLLATE=utf8mb4_unicode_ci;

--
-- Volcado de datos para la tabla `resuimpas`
--

INSERT INTO `resuimpas` (`id`, `motiresu_id`, `impanive_id`, `created_at`, `updated_at`) VALUES
(1, 1, 1, '2022-03-14 17:44:47', '2022-03-14 17:44:47'),
(2, 1, 5, '2022-03-14 17:44:47', '2022-03-14 17:44:47'),
(3, 1, 11, '2022-03-14 17:44:47', '2022-03-14 17:44:47'),
(4, 1, 11, '2022-03-14 17:44:47', '2022-03-14 17:44:47'),
(5, 2, 1, '2022-03-14 17:44:47', '2022-03-14 17:44:47'),
(6, 2, 5, '2022-03-14 17:44:47', '2022-03-14 17:44:47'),
(7, 2, 11, '2022-03-14 17:44:47', '2022-03-14 17:44:47'),
(8, 2, 11, '2022-03-14 17:44:47', '2022-03-14 17:44:47'),
(9, 3, 1, '2022-03-14 17:44:47', '2022-03-14 17:44:47'),
(10, 3, 5, '2022-03-14 17:44:47', '2022-03-14 17:44:47'),
(11, 3, 11, '2022-03-14 17:44:47', '2022-03-14 17:44:47'),
(12, 3, 11, '2022-03-14 17:44:47', '2022-03-14 17:44:47'),
(13, 4, 1, '2022-03-14 17:44:47', '2022-03-14 17:44:47'),
(14, 4, 5, '2022-03-14 17:44:47', '2022-03-14 17:44:47'),
(15, 4, 11, '2022-03-14 17:44:47', '2022-03-14 17:44:47'),
(16, 4, 11, '2022-03-14 17:44:47', '2022-03-14 17:44:47'),
(17, 5, 1, '2022-03-14 17:44:47', '2022-03-14 17:44:47'),
(18, 5, 5, '2022-03-14 17:44:47', '2022-03-14 17:44:47'),
(19, 5, 11, '2022-03-14 17:44:47', '2022-03-14 17:44:47'),
(20, 5, 11, '2022-03-14 17:44:47', '2022-03-14 17:44:47'),
(21, 6, 1, '2022-03-14 17:44:47', '2022-03-14 17:44:47'),
(22, 6, 5, '2022-03-14 17:44:47', '2022-03-14 17:44:47'),
(23, 6, 11, '2022-03-14 17:44:47', '2022-03-14 17:44:47'),
(24, 6, 11, '2022-03-14 17:44:47', '2022-03-14 17:44:47'),
(25, 7, 1, '2022-03-14 17:44:47', '2022-03-14 17:44:47'),
(26, 7, 5, '2022-03-14 17:44:47', '2022-03-14 17:44:47'),
(27, 7, 11, '2022-03-14 17:44:47', '2022-03-14 17:44:47'),
(28, 7, 11, '2022-03-14 17:44:47', '2022-03-14 17:44:47'),
(29, 8, 1, '2022-03-14 17:44:47', '2022-03-14 17:44:47'),
(30, 8, 5, '2022-03-14 17:44:47', '2022-03-14 17:44:47'),
(31, 8, 11, '2022-03-14 17:44:47', '2022-03-14 17:44:47'),
(32, 8, 11, '2022-03-14 17:44:47', '2022-03-14 17:44:47'),
(33, 9, 1, '2022-03-14 17:44:47', '2022-03-14 17:44:47'),
(34, 9, 5, '2022-03-14 17:44:47', '2022-03-14 17:44:47'),
(35, 9, 11, '2022-03-14 17:44:47', '2022-03-14 17:44:47'),
(36, 9, 11, '2022-03-14 17:44:47', '2022-03-14 17:44:47'),
(37, 10, 1, '2022-03-14 17:44:47', '2022-03-14 17:44:47'),
(38, 10, 5, '2022-03-14 17:44:47', '2022-03-14 17:44:47'),
(39, 10, 11, '2022-03-14 17:44:47', '2022-03-14 17:44:47'),
(40, 10, 11, '2022-03-14 17:44:47', '2022-03-14 17:44:47'),
(41, 11, 1, '2022-03-14 17:44:47', '2022-03-14 17:44:47'),
(42, 11, 5, '2022-03-14 17:44:47', '2022-03-14 17:44:47'),
(43, 11, 11, '2022-03-14 17:44:47', '2022-03-14 17:44:47'),
(44, 11, 11, '2022-03-14 17:44:47', '2022-03-14 17:44:47'),
(45, 12, 1, '2022-03-14 17:44:47', '2022-03-14 17:44:47'),
(46, 12, 5, '2022-03-14 17:44:47', '2022-03-14 17:44:47'),
(47, 12, 11, '2022-03-14 17:44:47', '2022-03-14 17:44:47'),
(48, 12, 11, '2022-03-14 17:44:47', '2022-03-14 17:44:47'),
(49, 13, 1, '2022-03-14 17:44:47', '2022-03-14 17:44:47'),
(50, 13, 5, '2022-03-14 17:44:47', '2022-03-14 17:44:47'),
(51, 13, 11, '2022-03-14 17:44:47', '2022-03-14 17:44:47'),
(52, 13, 11, '2022-03-14 17:44:47', '2022-03-14 17:44:47'),
(53, 14, 1, '2022-03-14 17:44:47', '2022-03-14 17:44:47'),
(54, 14, 5, '2022-03-14 17:44:47', '2022-03-14 17:44:47'),
(55, 14, 11, '2022-03-14 17:44:47', '2022-03-14 17:44:47'),
(56, 14, 11, '2022-03-14 17:44:47', '2022-03-14 17:44:47'),
(57, 15, 1, '2022-03-14 17:44:47', '2022-03-14 17:44:47'),
(58, 15, 5, '2022-03-14 17:44:47', '2022-03-14 17:44:47'),
(59, 15, 11, '2022-03-14 17:44:47', '2022-03-14 17:44:47'),
(60, 15, 11, '2022-03-14 17:44:47', '2022-03-14 17:44:47'),
(61, 16, 1, '2022-03-14 17:44:47', '2022-03-14 17:44:47'),
(62, 16, 5, '2022-03-14 17:44:47', '2022-03-14 17:44:47'),
(63, 16, 11, '2022-03-14 17:44:47', '2022-03-14 17:44:47'),
(64, 16, 11, '2022-03-14 17:44:47', '2022-03-14 17:44:47'),
(65, 17, 1, '2022-03-14 17:44:47', '2022-03-14 17:44:47'),
(66, 17, 5, '2022-03-14 17:44:47', '2022-03-14 17:44:47'),
(67, 17, 11, '2022-03-14 17:44:47', '2022-03-14 17:44:47'),
(68, 17, 11, '2022-03-14 17:44:47', '2022-03-14 17:44:47'),
(69, 18, 1, '2022-03-14 17:44:47', '2022-03-14 17:44:47'),
(70, 18, 5, '2022-03-14 17:44:47', '2022-03-14 17:44:47'),
(71, 18, 11, '2022-03-14 17:44:47', '2022-03-14 17:44:47'),
(72, 18, 11, '2022-03-14 17:44:47', '2022-03-14 17:44:47'),
(73, 19, 1, '2022-03-14 17:44:47', '2022-03-14 17:44:47'),
(74, 19, 5, '2022-03-14 17:44:47', '2022-03-14 17:44:47'),
(75, 19, 11, '2022-03-14 17:44:47', '2022-03-14 17:44:47'),
(76, 19, 11, '2022-03-14 17:44:47', '2022-03-14 17:44:47'),
(77, 20, 1, '2022-03-14 17:44:47', '2022-03-14 17:44:47'),
(78, 20, 5, '2022-03-14 17:44:47', '2022-03-14 17:44:47'),
(79, 20, 11, '2022-03-14 17:44:47', '2022-03-14 17:44:47'),
(80, 20, 11, '2022-03-14 17:44:47', '2022-03-14 17:44:47'),
(81, 21, 1, '2022-03-14 17:44:47', '2022-03-14 17:44:47'),
(82, 21, 5, '2022-03-14 17:44:47', '2022-03-14 17:44:47'),
(83, 21, 11, '2022-03-14 17:44:47', '2022-03-14 17:44:47'),
(84, 21, 11, '2022-03-14 17:44:47', '2022-03-14 17:44:47'),
(85, 22, 1, '2022-03-14 17:44:47', '2022-03-14 17:44:47'),
(86, 22, 5, '2022-03-14 17:44:47', '2022-03-14 17:44:47'),
(87, 22, 11, '2022-03-14 17:44:47', '2022-03-14 17:44:47'),
(88, 22, 11, '2022-03-14 17:44:47', '2022-03-14 17:44:47'),
(89, 23, 1, '2022-03-14 17:44:47', '2022-03-14 17:44:47'),
(90, 23, 5, '2022-03-14 17:44:47', '2022-03-14 17:44:47'),
(91, 23, 11, '2022-03-14 17:44:47', '2022-03-14 17:44:47'),
(92, 23, 11, '2022-03-14 17:44:47', '2022-03-14 17:44:47'),
(93, 24, 1, '2022-03-14 17:44:47', '2022-03-14 17:44:47'),
(94, 24, 5, '2022-03-14 17:44:47', '2022-03-14 17:44:47'),
(95, 24, 11, '2022-03-14 17:44:47', '2022-03-14 17:44:47'),
(96, 24, 11, '2022-03-14 17:44:47', '2022-03-14 17:44:47'),
(97, 25, 1, '2022-03-14 17:44:47', '2022-03-14 17:44:47'),
(98, 25, 5, '2022-03-14 17:44:47', '2022-03-14 17:44:47'),
(99, 25, 11, '2022-03-14 17:44:47', '2022-03-14 17:44:47'),
(100, 25, 11, '2022-03-14 17:44:47', '2022-03-14 17:44:47'),
(101, 26, 1, '2022-03-14 17:44:47', '2022-03-14 17:44:47'),
(102, 26, 5, '2022-03-14 17:44:47', '2022-03-14 17:44:47'),
(103, 26, 11, '2022-03-14 17:44:47', '2022-03-14 17:44:47'),
(104, 26, 11, '2022-03-14 17:44:47', '2022-03-14 17:44:47'),
(105, 27, 1, '2022-03-14 17:44:47', '2022-03-14 17:44:47'),
(106, 27, 5, '2022-03-14 17:44:47', '2022-03-14 17:44:47'),
(107, 27, 11, '2022-03-14 17:44:47', '2022-03-14 17:44:47'),
(108, 27, 11, '2022-03-14 17:44:47', '2022-03-14 17:44:47'),
(109, 28, 1, '2022-03-14 17:44:47', '2022-03-14 17:44:47'),
(110, 28, 5, '2022-03-14 17:44:47', '2022-03-14 17:44:47'),
(111, 28, 11, '2022-03-14 17:44:47', '2022-03-14 17:44:47'),
(112, 28, 11, '2022-03-14 17:44:47', '2022-03-14 17:44:47'),
(113, 29, 1, '2022-03-14 17:44:47', '2022-03-14 17:44:47'),
(114, 29, 5, '2022-03-14 17:44:47', '2022-03-14 17:44:47'),
(115, 29, 11, '2022-03-14 17:44:47', '2022-03-14 17:44:47'),
(116, 29, 11, '2022-03-14 17:44:47', '2022-03-14 17:44:47'),
(117, 30, 1, '2022-03-14 17:44:47', '2022-03-14 17:44:47'),
(118, 30, 5, '2022-03-14 17:44:47', '2022-03-14 17:44:47'),
(119, 30, 11, '2022-03-14 17:44:47', '2022-03-14 17:44:47'),
(120, 30, 11, '2022-03-14 17:44:47', '2022-03-14 17:44:47'),
(121, 31, 1, '2022-03-14 17:44:47', '2022-03-14 17:44:47'),
(122, 31, 5, '2022-03-14 17:44:47', '2022-03-14 17:44:47'),
(123, 31, 11, '2022-03-14 17:44:47', '2022-03-14 17:44:47'),
(124, 31, 11, '2022-03-14 17:44:47', '2022-03-14 17:44:47'),
(125, 32, 1, '2022-03-14 17:44:47', '2022-03-14 17:44:47'),
(126, 32, 5, '2022-03-14 17:44:47', '2022-03-14 17:44:47'),
(127, 32, 11, '2022-03-14 17:44:47', '2022-03-14 17:44:47'),
(128, 32, 11, '2022-03-14 17:44:47', '2022-03-14 17:44:47'),
(129, 33, 1, '2022-03-14 17:44:47', '2022-03-14 17:44:47'),
(130, 33, 5, '2022-03-14 17:44:47', '2022-03-14 17:44:47'),
(131, 33, 11, '2022-03-14 17:44:47', '2022-03-14 17:44:47'),
(132, 33, 11, '2022-03-14 17:44:47', '2022-03-14 17:44:47'),
(133, 34, 1, '2022-03-14 17:44:47', '2022-03-14 17:44:47'),
(134, 34, 5, '2022-03-14 17:44:47', '2022-03-14 17:44:47'),
(135, 34, 11, '2022-03-14 17:44:47', '2022-03-14 17:44:47'),
(136, 34, 11, '2022-03-14 17:44:47', '2022-03-14 17:44:47'),
(137, 35, 1, '2022-03-14 17:44:47', '2022-03-14 17:44:47'),
(138, 35, 5, '2022-03-14 17:44:47', '2022-03-14 17:44:47'),
(139, 35, 11, '2022-03-14 17:44:47', '2022-03-14 17:44:47'),
(140, 35, 11, '2022-03-14 17:44:47', '2022-03-14 17:44:47'),
(141, 36, 1, '2022-03-14 17:44:47', '2022-03-14 17:44:47'),
(142, 36, 5, '2022-03-14 17:44:47', '2022-03-14 17:44:47'),
(143, 36, 11, '2022-03-14 17:44:47', '2022-03-14 17:44:47'),
(144, 36, 11, '2022-03-14 17:44:47', '2022-03-14 17:44:47'),
(145, 37, 1, '2022-03-14 17:44:47', '2022-03-14 17:44:47'),
(146, 37, 5, '2022-03-14 17:44:47', '2022-03-14 17:44:47'),
(147, 37, 11, '2022-03-14 17:44:47', '2022-03-14 17:44:47'),
(148, 37, 11, '2022-03-14 17:44:47', '2022-03-14 17:44:47'),
(149, 38, 1, '2022-03-14 17:44:47', '2022-03-14 17:44:47'),
(150, 38, 5, '2022-03-14 17:44:47', '2022-03-14 17:44:47'),
(151, 38, 11, '2022-03-14 17:44:47', '2022-03-14 17:44:47'),
(152, 38, 11, '2022-03-14 17:44:47', '2022-03-14 17:44:47'),
(153, 39, 1, '2022-03-14 17:44:47', '2022-03-14 17:44:47'),
(154, 39, 5, '2022-03-14 17:44:47', '2022-03-14 17:44:47'),
(155, 39, 11, '2022-03-14 17:44:47', '2022-03-14 17:44:47'),
(156, 39, 11, '2022-03-14 17:44:47', '2022-03-14 17:44:47'),
(157, 40, 1, '2022-03-14 17:44:47', '2022-03-14 17:44:47'),
(158, 40, 5, '2022-03-14 17:44:47', '2022-03-14 17:44:47'),
(159, 40, 11, '2022-03-14 17:44:47', '2022-03-14 17:44:47'),
(160, 40, 11, '2022-03-14 17:44:47', '2022-03-14 17:44:47'),
(161, 41, 1, '2022-03-14 17:44:47', '2022-03-14 17:44:47'),
(162, 41, 5, '2022-03-14 17:44:47', '2022-03-14 17:44:47'),
(163, 41, 11, '2022-03-14 17:44:47', '2022-03-14 17:44:47'),
(164, 41, 11, '2022-03-14 17:44:47', '2022-03-14 17:44:47'),
(165, 42, 1, '2022-03-14 17:44:47', '2022-03-14 17:44:47'),
(166, 42, 5, '2022-03-14 17:44:47', '2022-03-14 17:44:47'),
(167, 42, 11, '2022-03-14 17:44:47', '2022-03-14 17:44:47'),
(168, 42, 11, '2022-03-14 17:44:47', '2022-03-14 17:44:47'),
(169, 43, 1, '2022-03-14 17:44:47', '2022-03-14 17:44:47'),
(170, 43, 5, '2022-03-14 17:44:47', '2022-03-14 17:44:47'),
(171, 43, 11, '2022-03-14 17:44:47', '2022-03-14 17:44:47'),
(172, 43, 11, '2022-03-14 17:44:47', '2022-03-14 17:44:47'),
(173, 44, 1, '2022-03-14 17:44:47', '2022-03-14 17:44:47'),
(174, 44, 5, '2022-03-14 17:44:47', '2022-03-14 17:44:47'),
(175, 44, 11, '2022-03-14 17:44:47', '2022-03-14 17:44:47'),
(176, 44, 11, '2022-03-14 17:44:47', '2022-03-14 17:44:47'),
(177, 45, 1, '2022-03-14 17:44:47', '2022-03-14 17:44:47'),
(178, 45, 5, '2022-03-14 17:44:47', '2022-03-14 17:44:47'),
(179, 45, 11, '2022-03-14 17:44:47', '2022-03-14 17:44:47'),
(180, 45, 11, '2022-03-14 17:44:47', '2022-03-14 17:44:47'),
(181, 46, 1, '2022-03-14 17:44:47', '2022-03-14 17:44:47'),
(182, 46, 5, '2022-03-14 17:44:47', '2022-03-14 17:44:47'),
(183, 46, 11, '2022-03-14 17:44:47', '2022-03-14 17:44:47'),
(184, 46, 11, '2022-03-14 17:44:47', '2022-03-14 17:44:47'),
(185, 47, 1, '2022-03-14 17:44:47', '2022-03-14 17:44:47'),
(186, 47, 5, '2022-03-14 17:44:47', '2022-03-14 17:44:47'),
(187, 47, 11, '2022-03-14 17:44:47', '2022-03-14 17:44:47'),
(188, 47, 11, '2022-03-14 17:44:47', '2022-03-14 17:44:47'),
(189, 48, 1, '2022-03-14 17:44:47', '2022-03-14 17:44:47'),
(190, 48, 5, '2022-03-14 17:44:47', '2022-03-14 17:44:47'),
(191, 48, 11, '2022-03-14 17:44:47', '2022-03-14 17:44:47'),
(192, 48, 11, '2022-03-14 17:44:47', '2022-03-14 17:44:47'),
(193, 49, 1, '2022-03-14 17:44:47', '2022-03-14 17:44:47'),
(194, 49, 5, '2022-03-14 17:44:47', '2022-03-14 17:44:47'),
(195, 49, 11, '2022-03-14 17:44:47', '2022-03-14 17:44:47'),
(196, 49, 11, '2022-03-14 17:44:47', '2022-03-14 17:44:47'),
(197, 50, 1, '2022-03-14 17:44:47', '2022-03-14 17:44:47'),
(198, 50, 5, '2022-03-14 17:44:47', '2022-03-14 17:44:47'),
(199, 50, 11, '2022-03-14 17:44:47', '2022-03-14 17:44:47'),
(200, 50, 11, '2022-03-14 17:44:47', '2022-03-14 17:44:47'),
(201, 51, 1, '2022-03-14 17:44:47', '2022-03-14 17:44:47'),
(202, 51, 5, '2022-03-14 17:44:47', '2022-03-14 17:44:47'),
(203, 51, 11, '2022-03-14 17:44:47', '2022-03-14 17:44:47'),
(204, 51, 11, '2022-03-14 17:44:47', '2022-03-14 17:44:47'),
(205, 52, 1, '2022-03-14 17:44:47', '2022-03-14 17:44:47'),
(206, 52, 5, '2022-03-14 17:44:47', '2022-03-14 17:44:47'),
(207, 52, 11, '2022-03-14 17:44:47', '2022-03-14 17:44:47'),
(208, 52, 11, '2022-03-14 17:44:47', '2022-03-14 17:44:47'),
(209, 53, 1, '2022-03-14 17:44:47', '2022-03-14 17:44:47'),
(210, 53, 5, '2022-03-14 17:44:47', '2022-03-14 17:44:47'),
(211, 53, 11, '2022-03-14 17:44:47', '2022-03-14 17:44:47'),
(212, 53, 11, '2022-03-14 17:44:47', '2022-03-14 17:44:47'),
(213, 54, 1, '2022-03-14 17:44:47', '2022-03-14 17:44:47'),
(214, 54, 5, '2022-03-14 17:44:47', '2022-03-14 17:44:47'),
(215, 54, 11, '2022-03-14 17:44:47', '2022-03-14 17:44:47'),
(216, 54, 11, '2022-03-14 17:44:47', '2022-03-14 17:44:47'),
(217, 55, 1, '2022-03-14 17:44:47', '2022-03-14 17:44:47'),
(218, 55, 5, '2022-03-14 17:44:47', '2022-03-14 17:44:47'),
(219, 55, 11, '2022-03-14 17:44:47', '2022-03-14 17:44:47'),
(220, 55, 11, '2022-03-14 17:44:47', '2022-03-14 17:44:47'),
(221, 56, 1, '2022-03-14 17:44:47', '2022-03-14 17:44:47'),
(222, 56, 5, '2022-03-14 17:44:47', '2022-03-14 17:44:47'),
(223, 56, 11, '2022-03-14 17:44:47', '2022-03-14 17:44:47'),
(224, 56, 11, '2022-03-14 17:44:47', '2022-03-14 17:44:47'),
(225, 57, 1, '2022-03-14 17:44:47', '2022-03-14 17:44:47'),
(226, 57, 5, '2022-03-14 17:44:47', '2022-03-14 17:44:47'),
(227, 57, 11, '2022-03-14 17:44:47', '2022-03-14 17:44:47'),
(228, 57, 11, '2022-03-14 17:44:47', '2022-03-14 17:44:47'),
(229, 58, 1, '2022-03-14 17:44:47', '2022-03-14 17:44:47'),
(230, 58, 5, '2022-03-14 17:44:47', '2022-03-14 17:44:47'),
(231, 58, 11, '2022-03-14 17:44:47', '2022-03-14 17:44:47'),
(232, 58, 11, '2022-03-14 17:44:47', '2022-03-14 17:44:47'),
(233, 59, 1, '2022-03-14 17:44:47', '2022-03-14 17:44:47'),
(234, 59, 5, '2022-03-14 17:44:47', '2022-03-14 17:44:47'),
(235, 59, 11, '2022-03-14 17:44:47', '2022-03-14 17:44:47'),
(236, 59, 11, '2022-03-14 17:44:47', '2022-03-14 17:44:47'),
(237, 60, 1, '2022-03-14 17:44:47', '2022-03-14 17:44:47'),
(238, 60, 5, '2022-03-14 17:44:47', '2022-03-14 17:44:47'),
(239, 60, 11, '2022-03-14 17:44:47', '2022-03-14 17:44:47'),
(240, 60, 11, '2022-03-14 17:44:47', '2022-03-14 17:44:47'),
(241, 61, 1, '2022-03-14 17:44:47', '2022-03-14 17:44:47'),
(242, 61, 5, '2022-03-14 17:44:47', '2022-03-14 17:44:47'),
(243, 61, 11, '2022-03-14 17:44:47', '2022-03-14 17:44:47'),
(244, 61, 11, '2022-03-14 17:44:47', '2022-03-14 17:44:47'),
(245, 62, 1, '2022-03-14 17:44:47', '2022-03-14 17:44:47'),
(246, 62, 5, '2022-03-14 17:44:47', '2022-03-14 17:44:47'),
(247, 62, 11, '2022-03-14 17:44:47', '2022-03-14 17:44:47'),
(248, 62, 11, '2022-03-14 17:44:47', '2022-03-14 17:44:47'),
(249, 63, 1, '2022-03-14 17:44:47', '2022-03-14 17:44:47'),
(250, 63, 5, '2022-03-14 17:44:47', '2022-03-14 17:44:47'),
(251, 63, 11, '2022-03-14 17:44:47', '2022-03-14 17:44:47'),
(252, 63, 11, '2022-03-14 17:44:47', '2022-03-14 17:44:47'),
(253, 64, 1, '2022-03-14 17:44:47', '2022-03-14 17:44:47'),
(254, 64, 5, '2022-03-14 17:44:47', '2022-03-14 17:44:47'),
(255, 64, 11, '2022-03-14 17:44:47', '2022-03-14 17:44:47'),
(256, 64, 11, '2022-03-14 17:44:47', '2022-03-14 17:44:47'),
(257, 65, 1, '2022-03-14 17:44:47', '2022-03-14 17:44:47'),
(258, 65, 5, '2022-03-14 17:44:47', '2022-03-14 17:44:47'),
(259, 65, 11, '2022-03-14 17:44:47', '2022-03-14 17:44:47'),
(260, 65, 11, '2022-03-14 17:44:47', '2022-03-14 17:44:47'),
(261, 66, 1, '2022-03-14 17:44:47', '2022-03-14 17:44:47'),
(262, 66, 5, '2022-03-14 17:44:47', '2022-03-14 17:44:47'),
(263, 66, 11, '2022-03-14 17:44:47', '2022-03-14 17:44:47'),
(264, 66, 11, '2022-03-14 17:44:47', '2022-03-14 17:44:47'),
(265, 67, 1, '2022-03-14 17:44:47', '2022-03-14 17:44:47'),
(266, 67, 5, '2022-03-14 17:44:47', '2022-03-14 17:44:47'),
(267, 67, 11, '2022-03-14 17:44:47', '2022-03-14 17:44:47'),
(268, 67, 11, '2022-03-14 17:44:47', '2022-03-14 17:44:47'),
(269, 68, 1, '2022-03-14 17:44:47', '2022-03-14 17:44:47'),
(270, 68, 5, '2022-03-14 17:44:47', '2022-03-14 17:44:47'),
(271, 68, 11, '2022-03-14 17:44:47', '2022-03-14 17:44:47'),
(272, 68, 11, '2022-03-14 17:44:47', '2022-03-14 17:44:47'),
(273, 69, 1, '2022-03-14 17:44:47', '2022-03-14 17:44:47'),
(274, 69, 5, '2022-03-14 17:44:47', '2022-03-14 17:44:47'),
(275, 69, 11, '2022-03-14 17:44:47', '2022-03-14 17:44:47'),
(276, 69, 11, '2022-03-14 17:44:47', '2022-03-14 17:44:47'),
(277, 70, 1, '2022-03-14 17:44:47', '2022-03-14 17:44:47'),
(278, 70, 5, '2022-03-14 17:44:47', '2022-03-14 17:44:47'),
(279, 70, 11, '2022-03-14 17:44:47', '2022-03-14 17:44:47'),
(280, 70, 11, '2022-03-14 17:44:47', '2022-03-14 17:44:47'),
(281, 71, 1, '2022-03-14 17:44:47', '2022-03-14 17:44:47'),
(282, 71, 5, '2022-03-14 17:44:47', '2022-03-14 17:44:47'),
(283, 71, 11, '2022-03-14 17:44:47', '2022-03-14 17:44:47'),
(284, 71, 11, '2022-03-14 17:44:47', '2022-03-14 17:44:47'),
(285, 72, 1, '2022-03-14 17:44:47', '2022-03-14 17:44:47'),
(286, 72, 5, '2022-03-14 17:44:47', '2022-03-14 17:44:47'),
(287, 72, 11, '2022-03-14 17:44:47', '2022-03-14 17:44:47'),
(288, 72, 11, '2022-03-14 17:44:47', '2022-03-14 17:44:47'),
(289, 73, 1, '2022-03-14 17:44:47', '2022-03-14 17:44:47'),
(290, 73, 5, '2022-03-14 17:44:47', '2022-03-14 17:44:47'),
(291, 73, 11, '2022-03-14 17:44:47', '2022-03-14 17:44:47'),
(292, 73, 11, '2022-03-14 17:44:47', '2022-03-14 17:44:47'),
(293, 74, 1, '2022-03-14 17:44:47', '2022-03-14 17:44:47'),
(294, 74, 5, '2022-03-14 17:44:47', '2022-03-14 17:44:47'),
(295, 74, 11, '2022-03-14 17:44:47', '2022-03-14 17:44:47'),
(296, 74, 11, '2022-03-14 17:44:47', '2022-03-14 17:44:47'),
(297, 75, 1, '2022-03-14 17:44:47', '2022-03-14 17:44:47'),
(298, 75, 5, '2022-03-14 17:44:47', '2022-03-14 17:44:47'),
(299, 75, 11, '2022-03-14 17:44:47', '2022-03-14 17:44:47'),
(300, 75, 11, '2022-03-14 17:44:47', '2022-03-14 17:44:47'),
(301, 76, 1, '2022-03-14 17:44:47', '2022-03-14 17:44:47'),
(302, 76, 5, '2022-03-14 17:44:47', '2022-03-14 17:44:47'),
(303, 76, 11, '2022-03-14 17:44:47', '2022-03-14 17:44:47'),
(304, 76, 11, '2022-03-14 17:44:47', '2022-03-14 17:44:47'),
(305, 77, 1, '2022-03-14 17:44:47', '2022-03-14 17:44:47'),
(306, 77, 5, '2022-03-14 17:44:47', '2022-03-14 17:44:47'),
(307, 77, 11, '2022-03-14 17:44:47', '2022-03-14 17:44:47'),
(308, 77, 11, '2022-03-14 17:44:47', '2022-03-14 17:44:47'),
(309, 78, 1, '2022-03-14 17:44:47', '2022-03-14 17:44:47'),
(310, 78, 5, '2022-03-14 17:44:47', '2022-03-14 17:44:47'),
(311, 78, 11, '2022-03-14 17:44:47', '2022-03-14 17:44:47'),
(312, 78, 11, '2022-03-14 17:44:47', '2022-03-14 17:44:47'),
(313, 79, 1, '2022-03-14 17:44:47', '2022-03-14 17:44:47'),
(314, 79, 5, '2022-03-14 17:44:47', '2022-03-14 17:44:47'),
(315, 79, 11, '2022-03-14 17:44:47', '2022-03-14 17:44:47'),
(316, 79, 11, '2022-03-14 17:44:47', '2022-03-14 17:44:47'),
(317, 80, 1, '2022-03-14 17:44:47', '2022-03-14 17:44:47'),
(318, 80, 5, '2022-03-14 17:44:47', '2022-03-14 17:44:47'),
(319, 80, 11, '2022-03-14 17:44:47', '2022-03-14 17:44:47'),
(320, 80, 11, '2022-03-14 17:44:47', '2022-03-14 17:44:47'),
(321, 81, 1, '2022-03-14 17:44:47', '2022-03-14 17:44:47'),
(322, 81, 5, '2022-03-14 17:44:47', '2022-03-14 17:44:47'),
(323, 81, 11, '2022-03-14 17:44:47', '2022-03-14 17:44:47'),
(324, 81, 11, '2022-03-14 17:44:47', '2022-03-14 17:44:47'),
(325, 82, 1, '2022-03-14 17:44:47', '2022-03-14 17:44:47'),
(326, 82, 5, '2022-03-14 17:44:47', '2022-03-14 17:44:47'),
(327, 82, 11, '2022-03-14 17:44:47', '2022-03-14 17:44:47'),
(328, 82, 11, '2022-03-14 17:44:47', '2022-03-14 17:44:47'),
(329, 83, 1, '2022-03-14 17:44:47', '2022-03-14 17:44:47'),
(330, 83, 5, '2022-03-14 17:44:47', '2022-03-14 17:44:47'),
(331, 83, 11, '2022-03-14 17:44:47', '2022-03-14 17:44:47'),
(332, 83, 11, '2022-03-14 17:44:47', '2022-03-14 17:44:47'),
(333, 84, 1, '2022-03-14 17:44:47', '2022-03-14 17:44:47'),
(334, 84, 5, '2022-03-14 17:44:47', '2022-03-14 17:44:47'),
(335, 84, 11, '2022-03-14 17:44:47', '2022-03-14 17:44:47'),
(336, 84, 11, '2022-03-14 17:44:47', '2022-03-14 17:44:47'),
(337, 85, 1, '2022-03-14 17:44:47', '2022-03-14 17:44:47'),
(338, 85, 5, '2022-03-14 17:44:47', '2022-03-14 17:44:47'),
(339, 85, 11, '2022-03-14 17:44:47', '2022-03-14 17:44:47'),
(340, 85, 11, '2022-03-14 17:44:47', '2022-03-14 17:44:47'),
(341, 86, 1, '2022-03-14 17:44:47', '2022-03-14 17:44:47'),
(342, 86, 5, '2022-03-14 17:44:47', '2022-03-14 17:44:47'),
(343, 86, 11, '2022-03-14 17:44:47', '2022-03-14 17:44:47'),
(344, 86, 11, '2022-03-14 17:44:47', '2022-03-14 17:44:47'),
(345, 87, 1, '2022-03-14 17:44:47', '2022-03-14 17:44:47'),
(346, 87, 5, '2022-03-14 17:44:47', '2022-03-14 17:44:47'),
(347, 87, 11, '2022-03-14 17:44:47', '2022-03-14 17:44:47'),
(348, 87, 11, '2022-03-14 17:44:47', '2022-03-14 17:44:47'),
(349, 88, 1, '2022-03-14 17:44:47', '2022-03-14 17:44:47'),
(350, 88, 5, '2022-03-14 17:44:47', '2022-03-14 17:44:47'),
(351, 88, 11, '2022-03-14 17:44:47', '2022-03-14 17:44:47'),
(352, 88, 11, '2022-03-14 17:44:47', '2022-03-14 17:44:47'),
(353, 89, 1, '2022-03-14 17:44:47', '2022-03-14 17:44:47'),
(354, 89, 5, '2022-03-14 17:44:47', '2022-03-14 17:44:47'),
(355, 89, 11, '2022-03-14 17:44:47', '2022-03-14 17:44:47'),
(356, 89, 11, '2022-03-14 17:44:47', '2022-03-14 17:44:47'),
(357, 90, 1, '2022-03-14 17:44:47', '2022-03-14 17:44:47'),
(358, 90, 5, '2022-03-14 17:44:47', '2022-03-14 17:44:47'),
(359, 90, 11, '2022-03-14 17:44:47', '2022-03-14 17:44:47'),
(360, 90, 11, '2022-03-14 17:44:47', '2022-03-14 17:44:47'),
(361, 91, 1, '2022-03-14 17:44:47', '2022-03-14 17:44:47'),
(362, 91, 5, '2022-03-14 17:44:47', '2022-03-14 17:44:47'),
(363, 91, 11, '2022-03-14 17:44:47', '2022-03-14 17:44:47'),
(364, 91, 11, '2022-03-14 17:44:47', '2022-03-14 17:44:47'),
(365, 92, 1, '2022-03-14 17:44:47', '2022-03-14 17:44:47'),
(366, 92, 5, '2022-03-14 17:44:47', '2022-03-14 17:44:47'),
(367, 92, 11, '2022-03-14 17:44:47', '2022-03-14 17:44:47'),
(368, 92, 11, '2022-03-14 17:44:47', '2022-03-14 17:44:47'),
(369, 93, 1, '2022-03-14 17:44:47', '2022-03-14 17:44:47'),
(370, 93, 5, '2022-03-14 17:44:47', '2022-03-14 17:44:47'),
(371, 93, 11, '2022-03-14 17:44:47', '2022-03-14 17:44:47'),
(372, 93, 11, '2022-03-14 17:44:47', '2022-03-14 17:44:47'),
(373, 94, 1, '2022-03-14 17:44:47', '2022-03-14 17:44:47'),
(374, 94, 5, '2022-03-14 17:44:47', '2022-03-14 17:44:47'),
(375, 94, 11, '2022-03-14 17:44:47', '2022-03-14 17:44:47'),
(376, 94, 11, '2022-03-14 17:44:47', '2022-03-14 17:44:47'),
(377, 95, 1, '2022-03-14 17:44:47', '2022-03-14 17:44:47'),
(378, 95, 5, '2022-03-14 17:44:47', '2022-03-14 17:44:47'),
(379, 95, 11, '2022-03-14 17:44:47', '2022-03-14 17:44:47'),
(380, 95, 11, '2022-03-14 17:44:47', '2022-03-14 17:44:47'),
(381, 96, 1, '2022-03-14 17:44:47', '2022-03-14 17:44:47'),
(382, 96, 5, '2022-03-14 17:44:47', '2022-03-14 17:44:47'),
(383, 96, 11, '2022-03-14 17:44:47', '2022-03-14 17:44:47'),
(384, 96, 11, '2022-03-14 17:44:47', '2022-03-14 17:44:47'),
(385, 97, 1, '2022-03-14 17:44:47', '2022-03-14 17:44:47'),
(386, 97, 5, '2022-03-14 17:44:47', '2022-03-14 17:44:47'),
(387, 97, 11, '2022-03-14 17:44:47', '2022-03-14 17:44:47'),
(388, 97, 11, '2022-03-14 17:44:47', '2022-03-14 17:44:47'),
(389, 98, 1, '2022-03-14 17:44:47', '2022-03-14 17:44:47'),
(390, 98, 5, '2022-03-14 17:44:47', '2022-03-14 17:44:47'),
(391, 98, 11, '2022-03-14 17:44:47', '2022-03-14 17:44:47'),
(392, 98, 11, '2022-03-14 17:44:47', '2022-03-14 17:44:47'),
(393, 99, 1, '2022-03-14 17:44:47', '2022-03-14 17:44:47'),
(394, 99, 5, '2022-03-14 17:44:47', '2022-03-14 17:44:47'),
(395, 99, 11, '2022-03-14 17:44:47', '2022-03-14 17:44:47'),
(396, 99, 11, '2022-03-14 17:44:47', '2022-03-14 17:44:47'),
(397, 100, 1, '2022-03-14 17:44:47', '2022-03-14 17:44:47'),
(398, 100, 5, '2022-03-14 17:44:47', '2022-03-14 17:44:47'),
(399, 100, 11, '2022-03-14 17:44:47', '2022-03-14 17:44:47'),
(400, 100, 11, '2022-03-14 17:44:47', '2022-03-14 17:44:47'),
(401, 101, 1, '2022-03-14 17:44:47', '2022-03-14 17:44:47'),
(402, 101, 5, '2022-03-14 17:44:47', '2022-03-14 17:44:47'),
(403, 101, 11, '2022-03-14 17:44:47', '2022-03-14 17:44:47'),
(404, 101, 11, '2022-03-14 17:44:47', '2022-03-14 17:44:47'),
(405, 102, 1, '2022-03-14 17:44:47', '2022-03-14 17:44:47'),
(406, 102, 5, '2022-03-14 17:44:47', '2022-03-14 17:44:47'),
(407, 102, 11, '2022-03-14 17:44:47', '2022-03-14 17:44:47'),
(408, 102, 11, '2022-03-14 17:44:47', '2022-03-14 17:44:47'),
(409, 103, 1, '2022-03-14 17:44:47', '2022-03-14 17:44:47'),
(410, 103, 5, '2022-03-14 17:44:47', '2022-03-14 17:44:47'),
(411, 103, 11, '2022-03-14 17:44:47', '2022-03-14 17:44:47'),
(412, 103, 11, '2022-03-14 17:44:47', '2022-03-14 17:44:47'),
(413, 104, 1, '2022-03-14 17:44:47', '2022-03-14 17:44:47'),
(414, 104, 5, '2022-03-14 17:44:47', '2022-03-14 17:44:47'),
(415, 104, 11, '2022-03-14 17:44:47', '2022-03-14 17:44:47'),
(416, 104, 11, '2022-03-14 17:44:47', '2022-03-14 17:44:47'),
(417, 105, 1, '2022-03-14 17:44:47', '2022-03-14 17:44:47'),
(418, 105, 5, '2022-03-14 17:44:47', '2022-03-14 17:44:47'),
(419, 105, 11, '2022-03-14 17:44:47', '2022-03-14 17:44:47'),
(420, 105, 11, '2022-03-14 17:44:47', '2022-03-14 17:44:47'),
(421, 106, 1, '2022-03-14 17:44:47', '2022-03-14 17:44:47'),
(422, 106, 5, '2022-03-14 17:44:47', '2022-03-14 17:44:47'),
(423, 106, 11, '2022-03-14 17:44:47', '2022-03-14 17:44:47'),
(424, 106, 11, '2022-03-14 17:44:47', '2022-03-14 17:44:47'),
(425, 107, 1, '2022-03-14 17:44:47', '2022-03-14 17:44:47'),
(426, 107, 5, '2022-03-14 17:44:47', '2022-03-14 17:44:47'),
(427, 107, 11, '2022-03-14 17:44:47', '2022-03-14 17:44:47'),
(428, 107, 11, '2022-03-14 17:44:47', '2022-03-14 17:44:47'),
(429, 108, 1, '2022-03-14 17:44:47', '2022-03-14 17:44:47'),
(430, 108, 5, '2022-03-14 17:44:47', '2022-03-14 17:44:47'),
(431, 108, 11, '2022-03-14 17:44:47', '2022-03-14 17:44:47'),
(432, 108, 11, '2022-03-14 17:44:47', '2022-03-14 17:44:47'),
(433, 109, 1, '2022-03-14 17:44:47', '2022-03-14 17:44:47'),
(434, 109, 5, '2022-03-14 17:44:47', '2022-03-14 17:44:47'),
(435, 109, 11, '2022-03-14 17:44:47', '2022-03-14 17:44:47'),
(436, 109, 11, '2022-03-14 17:44:47', '2022-03-14 17:44:47'),
(437, 110, 1, '2022-03-14 17:44:47', '2022-03-14 17:44:47'),
(438, 110, 5, '2022-03-14 17:44:47', '2022-03-14 17:44:47'),
(439, 110, 11, '2022-03-14 17:44:47', '2022-03-14 17:44:47'),
(440, 110, 11, '2022-03-14 17:44:47', '2022-03-14 17:44:47'),
(441, 111, 1, '2022-03-14 17:44:47', '2022-03-14 17:44:47'),
(442, 111, 5, '2022-03-14 17:44:47', '2022-03-14 17:44:47'),
(443, 111, 11, '2022-03-14 17:44:47', '2022-03-14 17:44:47'),
(444, 111, 11, '2022-03-14 17:44:47', '2022-03-14 17:44:47'),
(445, 112, 1, '2022-03-14 17:44:47', '2022-03-14 17:44:47'),
(446, 112, 5, '2022-03-14 17:44:47', '2022-03-14 17:44:47'),
(447, 112, 11, '2022-03-14 17:44:47', '2022-03-14 17:44:47'),
(448, 112, 11, '2022-03-14 17:44:47', '2022-03-14 17:44:47'),
(449, 113, 1, '2022-03-14 17:44:47', '2022-03-14 17:44:47'),
(450, 113, 5, '2022-03-14 17:44:47', '2022-03-14 17:44:47'),
(451, 113, 11, '2022-03-14 17:44:47', '2022-03-14 17:44:47'),
(452, 113, 11, '2022-03-14 17:44:47', '2022-03-14 17:44:47'),
(453, 114, 1, '2022-03-14 17:44:47', '2022-03-14 17:44:47'),
(454, 114, 5, '2022-03-14 17:44:47', '2022-03-14 17:44:47'),
(455, 114, 11, '2022-03-14 17:44:47', '2022-03-14 17:44:47'),
(456, 114, 11, '2022-03-14 17:44:47', '2022-03-14 17:44:47'),
(457, 115, 1, '2022-03-14 17:44:47', '2022-03-14 17:44:47'),
(458, 115, 5, '2022-03-14 17:44:47', '2022-03-14 17:44:47'),
(459, 115, 11, '2022-03-14 17:44:47', '2022-03-14 17:44:47'),
(460, 115, 11, '2022-03-14 17:44:47', '2022-03-14 17:44:47'),
(461, 116, 1, '2022-03-14 17:44:47', '2022-03-14 17:44:47'),
(462, 116, 5, '2022-03-14 17:44:47', '2022-03-14 17:44:47'),
(463, 116, 11, '2022-03-14 17:44:47', '2022-03-14 17:44:47'),
(464, 116, 11, '2022-03-14 17:44:47', '2022-03-14 17:44:47'),
(465, 117, 1, '2022-03-14 17:44:47', '2022-03-14 17:44:47'),
(466, 117, 5, '2022-03-14 17:44:47', '2022-03-14 17:44:47'),
(467, 117, 11, '2022-03-14 17:44:47', '2022-03-14 17:44:47'),
(468, 117, 11, '2022-03-14 17:44:47', '2022-03-14 17:44:47'),
(469, 118, 1, '2022-03-14 17:44:47', '2022-03-14 17:44:47'),
(470, 118, 5, '2022-03-14 17:44:47', '2022-03-14 17:44:47'),
(471, 118, 11, '2022-03-14 17:44:47', '2022-03-14 17:44:47'),
(472, 118, 11, '2022-03-14 17:44:47', '2022-03-14 17:44:47'),
(473, 119, 1, '2022-03-14 17:44:47', '2022-03-14 17:44:47'),
(474, 119, 5, '2022-03-14 17:44:47', '2022-03-14 17:44:47'),
(475, 119, 11, '2022-03-14 17:44:47', '2022-03-14 17:44:47'),
(476, 119, 11, '2022-03-14 17:44:47', '2022-03-14 17:44:47'),
(477, 120, 1, '2022-03-14 17:44:47', '2022-03-14 17:44:47'),
(478, 120, 5, '2022-03-14 17:44:47', '2022-03-14 17:44:47'),
(479, 120, 11, '2022-03-14 17:44:47', '2022-03-14 17:44:47'),
(480, 120, 11, '2022-03-14 17:44:47', '2022-03-14 17:44:47'),
(481, 121, 1, '2022-03-14 17:44:47', '2022-03-14 17:44:47'),
(482, 121, 5, '2022-03-14 17:44:47', '2022-03-14 17:44:47'),
(483, 121, 11, '2022-03-14 17:44:47', '2022-03-14 17:44:47'),
(484, 121, 11, '2022-03-14 17:44:47', '2022-03-14 17:44:47'),
(485, 122, 1, '2022-03-14 17:44:47', '2022-03-14 17:44:47'),
(486, 122, 5, '2022-03-14 17:44:47', '2022-03-14 17:44:47'),
(487, 122, 11, '2022-03-14 17:44:47', '2022-03-14 17:44:47'),
(488, 122, 11, '2022-03-14 17:44:47', '2022-03-14 17:44:47'),
(489, 123, 1, '2022-03-14 17:44:47', '2022-03-14 17:44:47'),
(490, 123, 5, '2022-03-14 17:44:47', '2022-03-14 17:44:47'),
(491, 123, 11, '2022-03-14 17:44:47', '2022-03-14 17:44:47'),
(492, 123, 11, '2022-03-14 17:44:47', '2022-03-14 17:44:47'),
(493, 124, 1, '2022-03-14 17:44:47', '2022-03-14 17:44:47'),
(494, 124, 5, '2022-03-14 17:44:47', '2022-03-14 17:44:47'),
(495, 124, 11, '2022-03-14 17:44:47', '2022-03-14 17:44:47'),
(496, 124, 11, '2022-03-14 17:44:47', '2022-03-14 17:44:47'),
(497, 125, 1, '2022-03-14 17:44:47', '2022-03-14 17:44:47'),
(498, 125, 5, '2022-03-14 17:44:47', '2022-03-14 17:44:47'),
(499, 125, 11, '2022-03-14 17:44:47', '2022-03-14 17:44:47'),
(500, 125, 11, '2022-03-14 17:44:47', '2022-03-14 17:44:47'),
(501, 126, 1, '2022-03-14 17:44:47', '2022-03-14 17:44:47'),
(502, 126, 5, '2022-03-14 17:44:47', '2022-03-14 17:44:47'),
(503, 126, 11, '2022-03-14 17:44:47', '2022-03-14 17:44:47'),
(504, 126, 11, '2022-03-14 17:44:47', '2022-03-14 17:44:47'),
(505, 127, 1, '2022-03-14 17:44:47', '2022-03-14 17:44:47'),
(506, 127, 5, '2022-03-14 17:44:47', '2022-03-14 17:44:47'),
(507, 127, 11, '2022-03-14 17:44:47', '2022-03-14 17:44:47'),
(508, 127, 11, '2022-03-14 17:44:47', '2022-03-14 17:44:47'),
(509, 128, 1, '2022-03-14 17:44:47', '2022-03-14 17:44:47'),
(510, 128, 5, '2022-03-14 17:44:47', '2022-03-14 17:44:47'),
(511, 128, 11, '2022-03-14 17:44:47', '2022-03-14 17:44:47'),
(512, 128, 11, '2022-03-14 17:44:47', '2022-03-14 17:44:47'),
(513, 129, 1, '2022-03-14 17:44:47', '2022-03-14 17:44:47'),
(514, 129, 5, '2022-03-14 17:44:47', '2022-03-14 17:44:47'),
(515, 129, 11, '2022-03-14 17:44:47', '2022-03-14 17:44:47'),
(516, 129, 11, '2022-03-14 17:44:47', '2022-03-14 17:44:47'),
(517, 130, 1, '2022-03-14 17:44:47', '2022-03-14 17:44:47'),
(518, 130, 5, '2022-03-14 17:44:47', '2022-03-14 17:44:47'),
(519, 130, 11, '2022-03-14 17:44:47', '2022-03-14 17:44:47'),
(520, 130, 11, '2022-03-14 17:44:47', '2022-03-14 17:44:47'),
(521, 131, 1, '2022-03-14 17:44:47', '2022-03-14 17:44:47'),
(522, 131, 5, '2022-03-14 17:44:47', '2022-03-14 17:44:47'),
(523, 131, 11, '2022-03-14 17:44:47', '2022-03-14 17:44:47'),
(524, 131, 11, '2022-03-14 17:44:47', '2022-03-14 17:44:47'),
(525, 132, 1, '2022-03-14 17:44:47', '2022-03-14 17:44:47'),
(526, 132, 5, '2022-03-14 17:44:47', '2022-03-14 17:44:47'),
(527, 132, 11, '2022-03-14 17:44:47', '2022-03-14 17:44:47'),
(528, 132, 11, '2022-03-14 17:44:47', '2022-03-14 17:44:47'),
(529, 133, 1, '2022-03-14 17:44:47', '2022-03-14 17:44:47'),
(530, 133, 5, '2022-03-14 17:44:47', '2022-03-14 17:44:47'),
(531, 133, 11, '2022-03-14 17:44:47', '2022-03-14 17:44:47'),
(532, 133, 11, '2022-03-14 17:44:47', '2022-03-14 17:44:47'),
(533, 134, 1, '2022-03-14 17:44:47', '2022-03-14 17:44:47'),
(534, 134, 5, '2022-03-14 17:44:47', '2022-03-14 17:44:47'),
(535, 134, 11, '2022-03-14 17:44:47', '2022-03-14 17:44:47'),
(536, 134, 11, '2022-03-14 17:44:47', '2022-03-14 17:44:47'),
(537, 135, 1, '2022-03-14 17:44:47', '2022-03-14 17:44:47'),
(538, 135, 5, '2022-03-14 17:44:47', '2022-03-14 17:44:47'),
(539, 135, 11, '2022-03-14 17:44:47', '2022-03-14 17:44:47'),
(540, 135, 11, '2022-03-14 17:44:47', '2022-03-14 17:44:47'),
(541, 136, 1, '2022-03-14 17:44:47', '2022-03-14 17:44:47'),
(542, 136, 5, '2022-03-14 17:44:47', '2022-03-14 17:44:47'),
(543, 136, 11, '2022-03-14 17:44:47', '2022-03-14 17:44:47'),
(544, 136, 11, '2022-03-14 17:44:47', '2022-03-14 17:44:47'),
(545, 137, 1, '2022-03-14 17:44:47', '2022-03-14 17:44:47'),
(546, 137, 5, '2022-03-14 17:44:47', '2022-03-14 17:44:47'),
(547, 137, 11, '2022-03-14 17:44:47', '2022-03-14 17:44:47'),
(548, 137, 11, '2022-03-14 17:44:47', '2022-03-14 17:44:47'),
(549, 138, 1, '2022-03-14 17:44:47', '2022-03-14 17:44:47'),
(550, 138, 5, '2022-03-14 17:44:47', '2022-03-14 17:44:47'),
(551, 138, 11, '2022-03-14 17:44:47', '2022-03-14 17:44:47'),
(552, 138, 11, '2022-03-14 17:44:47', '2022-03-14 17:44:47'),
(553, 139, 1, '2022-03-14 17:44:47', '2022-03-14 17:44:47'),
(554, 139, 5, '2022-03-14 17:44:47', '2022-03-14 17:44:47'),
(555, 139, 11, '2022-03-14 17:44:47', '2022-03-14 17:44:47'),
(556, 139, 11, '2022-03-14 17:44:47', '2022-03-14 17:44:47'),
(557, 140, 1, '2022-03-14 17:44:47', '2022-03-14 17:44:47'),
(558, 140, 5, '2022-03-14 17:44:47', '2022-03-14 17:44:47'),
(559, 140, 11, '2022-03-14 17:44:47', '2022-03-14 17:44:47'),
(560, 140, 11, '2022-03-14 17:44:47', '2022-03-14 17:44:47'),
(561, 141, 1, '2022-03-14 17:44:47', '2022-03-14 17:44:47'),
(562, 141, 5, '2022-03-14 17:44:47', '2022-03-14 17:44:47'),
(563, 141, 11, '2022-03-14 17:44:47', '2022-03-14 17:44:47'),
(564, 141, 11, '2022-03-14 17:44:47', '2022-03-14 17:44:47'),
(565, 142, 1, '2022-03-14 17:44:47', '2022-03-14 17:44:47'),
(566, 142, 5, '2022-03-14 17:44:47', '2022-03-14 17:44:47'),
(567, 142, 11, '2022-03-14 17:44:47', '2022-03-14 17:44:47'),
(568, 142, 11, '2022-03-14 17:44:47', '2022-03-14 17:44:47'),
(569, 143, 1, '2022-03-14 17:44:47', '2022-03-14 17:44:47'),
(570, 143, 5, '2022-03-14 17:44:47', '2022-03-14 17:44:47'),
(571, 143, 11, '2022-03-14 17:44:47', '2022-03-14 17:44:47'),
(572, 143, 11, '2022-03-14 17:44:47', '2022-03-14 17:44:47'),
(573, 144, 1, '2022-03-14 17:44:47', '2022-03-14 17:44:47'),
(574, 144, 5, '2022-03-14 17:44:47', '2022-03-14 17:44:47'),
(575, 144, 11, '2022-03-14 17:44:47', '2022-03-14 17:44:47'),
(576, 144, 11, '2022-03-14 17:44:47', '2022-03-14 17:44:47'),
(577, 145, 1, '2022-03-14 17:44:47', '2022-03-14 17:44:47'),
(578, 145, 5, '2022-03-14 17:44:47', '2022-03-14 17:44:47'),
(579, 145, 11, '2022-03-14 17:44:47', '2022-03-14 17:44:47'),
(580, 145, 11, '2022-03-14 17:44:47', '2022-03-14 17:44:47'),
(581, 146, 1, '2022-03-14 17:44:47', '2022-03-14 17:44:47'),
(582, 146, 5, '2022-03-14 17:44:47', '2022-03-14 17:44:47'),
(583, 146, 11, '2022-03-14 17:44:47', '2022-03-14 17:44:47'),
(584, 146, 11, '2022-03-14 17:44:47', '2022-03-14 17:44:47'),
(585, 147, 1, '2022-03-14 17:44:47', '2022-03-14 17:44:47'),
(586, 147, 5, '2022-03-14 17:44:47', '2022-03-14 17:44:47'),
(587, 147, 11, '2022-03-14 17:44:47', '2022-03-14 17:44:47'),
(588, 147, 11, '2022-03-14 17:44:47', '2022-03-14 17:44:47'),
(589, 148, 1, '2022-03-14 17:44:47', '2022-03-14 17:44:47'),
(590, 148, 5, '2022-03-14 17:44:47', '2022-03-14 17:44:47'),
(591, 148, 11, '2022-03-14 17:44:47', '2022-03-14 17:44:47'),
(592, 148, 11, '2022-03-14 17:44:47', '2022-03-14 17:44:47'),
(593, 149, 1, '2022-03-14 17:44:47', '2022-03-14 17:44:47'),
(594, 149, 5, '2022-03-14 17:44:47', '2022-03-14 17:44:47'),
(595, 149, 11, '2022-03-14 17:44:47', '2022-03-14 17:44:47'),
(596, 149, 11, '2022-03-14 17:44:47', '2022-03-14 17:44:47'),
(597, 150, 1, '2022-03-14 17:44:47', '2022-03-14 17:44:47'),
(598, 150, 5, '2022-03-14 17:44:47', '2022-03-14 17:44:47'),
(599, 150, 11, '2022-03-14 17:44:47', '2022-03-14 17:44:47'),
(600, 150, 11, '2022-03-14 17:44:47', '2022-03-14 17:44:47'),
(601, 151, 1, '2022-03-14 17:44:47', '2022-03-14 17:44:47'),
(602, 151, 5, '2022-03-14 17:44:47', '2022-03-14 17:44:47'),
(603, 151, 11, '2022-03-14 17:44:47', '2022-03-14 17:44:47'),
(604, 151, 11, '2022-03-14 17:44:47', '2022-03-14 17:44:47'),
(605, 152, 1, '2022-03-14 17:44:47', '2022-03-14 17:44:47'),
(606, 152, 5, '2022-03-14 17:44:47', '2022-03-14 17:44:47'),
(607, 152, 11, '2022-03-14 17:44:47', '2022-03-14 17:44:47'),
(608, 152, 11, '2022-03-14 17:44:47', '2022-03-14 17:44:47'),
(609, 153, 1, '2022-03-14 17:44:47', '2022-03-14 17:44:47'),
(610, 153, 5, '2022-03-14 17:44:47', '2022-03-14 17:44:47'),
(611, 153, 11, '2022-03-14 17:44:47', '2022-03-14 17:44:47'),
(612, 153, 11, '2022-03-14 17:44:47', '2022-03-14 17:44:47'),
(613, 154, 1, '2022-03-14 17:44:47', '2022-03-14 17:44:47'),
(614, 154, 5, '2022-03-14 17:44:47', '2022-03-14 17:44:47'),
(615, 154, 11, '2022-03-14 17:44:47', '2022-03-14 17:44:47'),
(616, 154, 11, '2022-03-14 17:44:47', '2022-03-14 17:44:47'),
(617, 155, 1, '2022-03-14 17:44:47', '2022-03-14 17:44:47'),
(618, 155, 5, '2022-03-14 17:44:47', '2022-03-14 17:44:47'),
(619, 155, 11, '2022-03-14 17:44:47', '2022-03-14 17:44:47'),
(620, 155, 11, '2022-03-14 17:44:47', '2022-03-14 17:44:47'),
(621, 156, 1, '2022-03-14 17:44:47', '2022-03-14 17:44:47'),
(622, 156, 5, '2022-03-14 17:44:47', '2022-03-14 17:44:47'),
(623, 156, 11, '2022-03-14 17:44:47', '2022-03-14 17:44:47'),
(624, 156, 11, '2022-03-14 17:44:47', '2022-03-14 17:44:47'),
(625, 157, 1, '2022-03-14 17:44:47', '2022-03-14 17:44:47'),
(626, 157, 5, '2022-03-14 17:44:47', '2022-03-14 17:44:47'),
(627, 157, 11, '2022-03-14 17:44:47', '2022-03-14 17:44:47'),
(628, 157, 11, '2022-03-14 17:44:47', '2022-03-14 17:44:47'),
(629, 158, 1, '2022-03-14 17:44:47', '2022-03-14 17:44:47'),
(630, 158, 5, '2022-03-14 17:44:47', '2022-03-14 17:44:47'),
(631, 158, 11, '2022-03-14 17:44:47', '2022-03-14 17:44:47'),
(632, 158, 11, '2022-03-14 17:44:47', '2022-03-14 17:44:47'),
(633, 159, 1, '2022-03-14 17:44:47', '2022-03-14 17:44:47'),
(634, 159, 5, '2022-03-14 17:44:47', '2022-03-14 17:44:47'),
(635, 159, 11, '2022-03-14 17:44:47', '2022-03-14 17:44:47'),
(636, 159, 11, '2022-03-14 17:44:47', '2022-03-14 17:44:47'),
(637, 160, 1, '2022-03-14 17:44:47', '2022-03-14 17:44:47'),
(638, 160, 5, '2022-03-14 17:44:47', '2022-03-14 17:44:47'),
(639, 160, 11, '2022-03-14 17:44:47', '2022-03-14 17:44:47'),
(640, 160, 11, '2022-03-14 17:44:47', '2022-03-14 17:44:47'),
(641, 161, 1, '2022-03-14 17:44:47', '2022-03-14 17:44:47'),
(642, 161, 5, '2022-03-14 17:44:47', '2022-03-14 17:44:47'),
(643, 161, 11, '2022-03-14 17:44:47', '2022-03-14 17:44:47'),
(644, 161, 11, '2022-03-14 17:44:47', '2022-03-14 17:44:47'),
(645, 162, 1, '2022-03-14 17:44:47', '2022-03-14 17:44:47'),
(646, 162, 5, '2022-03-14 17:44:47', '2022-03-14 17:44:47'),
(647, 162, 11, '2022-03-14 17:44:47', '2022-03-14 17:44:47'),
(648, 162, 11, '2022-03-14 17:44:47', '2022-03-14 17:44:47'),
(649, 163, 1, '2022-03-14 17:44:47', '2022-03-14 17:44:47'),
(650, 163, 5, '2022-03-14 17:44:47', '2022-03-14 17:44:47'),
(651, 163, 11, '2022-03-14 17:44:47', '2022-03-14 17:44:47'),
(652, 163, 11, '2022-03-14 17:44:47', '2022-03-14 17:44:47'),
(653, 164, 1, '2022-03-14 17:44:47', '2022-03-14 17:44:47'),
(654, 164, 5, '2022-03-14 17:44:47', '2022-03-14 17:44:47'),
(655, 164, 11, '2022-03-14 17:44:47', '2022-03-14 17:44:47'),
(656, 164, 11, '2022-03-14 17:44:47', '2022-03-14 17:44:47'),
(657, 165, 1, '2022-03-14 17:44:47', '2022-03-14 17:44:47'),
(658, 165, 5, '2022-03-14 17:44:47', '2022-03-14 17:44:47'),
(659, 165, 11, '2022-03-14 17:44:47', '2022-03-14 17:44:47'),
(660, 165, 11, '2022-03-14 17:44:47', '2022-03-14 17:44:47'),
(661, 166, 1, '2022-03-14 17:44:47', '2022-03-14 17:44:47'),
(662, 166, 5, '2022-03-14 17:44:47', '2022-03-14 17:44:47'),
(663, 166, 11, '2022-03-14 17:44:47', '2022-03-14 17:44:47'),
(664, 166, 11, '2022-03-14 17:44:47', '2022-03-14 17:44:47'),
(665, 167, 1, '2022-03-14 17:44:47', '2022-03-14 17:44:47'),
(666, 167, 5, '2022-03-14 17:44:47', '2022-03-14 17:44:47'),
(667, 167, 11, '2022-03-14 17:44:47', '2022-03-14 17:44:47'),
(668, 167, 11, '2022-03-14 17:44:47', '2022-03-14 17:44:47'),
(669, 168, 1, '2022-03-14 17:44:47', '2022-03-14 17:44:47'),
(670, 168, 5, '2022-03-14 17:44:47', '2022-03-14 17:44:47'),
(671, 168, 11, '2022-03-14 17:44:47', '2022-03-14 17:44:47'),
(672, 168, 11, '2022-03-14 17:44:47', '2022-03-14 17:44:47'),
(673, 169, 1, '2022-03-14 17:44:47', '2022-03-14 17:44:47'),
(674, 169, 5, '2022-03-14 17:44:47', '2022-03-14 17:44:47'),
(675, 169, 11, '2022-03-14 17:44:47', '2022-03-14 17:44:47'),
(676, 169, 11, '2022-03-14 17:44:47', '2022-03-14 17:44:47'),
(677, 170, 1, '2022-03-14 17:44:47', '2022-03-14 17:44:47'),
(678, 170, 5, '2022-03-14 17:44:47', '2022-03-14 17:44:47'),
(679, 170, 11, '2022-03-14 17:44:47', '2022-03-14 17:44:47'),
(680, 170, 11, '2022-03-14 17:44:47', '2022-03-14 17:44:47'),
(681, 171, 1, '2022-03-14 17:44:47', '2022-03-14 17:44:47'),
(682, 171, 5, '2022-03-14 17:44:47', '2022-03-14 17:44:47'),
(683, 171, 11, '2022-03-14 17:44:47', '2022-03-14 17:44:47'),
(684, 171, 11, '2022-03-14 17:44:47', '2022-03-14 17:44:47'),
(685, 172, 1, '2022-03-14 17:44:47', '2022-03-14 17:44:47'),
(686, 172, 5, '2022-03-14 17:44:47', '2022-03-14 17:44:47'),
(687, 172, 11, '2022-03-14 17:44:47', '2022-03-14 17:44:47'),
(688, 172, 11, '2022-03-14 17:44:47', '2022-03-14 17:44:47'),
(689, 173, 1, '2022-03-14 17:44:47', '2022-03-14 17:44:47'),
(690, 173, 5, '2022-03-14 17:44:47', '2022-03-14 17:44:47'),
(691, 173, 11, '2022-03-14 17:44:47', '2022-03-14 17:44:47'),
(692, 173, 11, '2022-03-14 17:44:47', '2022-03-14 17:44:47'),
(693, 174, 1, '2022-03-14 17:44:47', '2022-03-14 17:44:47'),
(694, 174, 5, '2022-03-14 17:44:47', '2022-03-14 17:44:47'),
(695, 174, 11, '2022-03-14 17:44:47', '2022-03-14 17:44:47'),
(696, 174, 11, '2022-03-14 17:44:47', '2022-03-14 17:44:47'),
(697, 175, 1, '2022-03-14 17:44:47', '2022-03-14 17:44:47'),
(698, 175, 5, '2022-03-14 17:44:47', '2022-03-14 17:44:47'),
(699, 175, 11, '2022-03-14 17:44:47', '2022-03-14 17:44:47'),
(700, 175, 11, '2022-03-14 17:44:47', '2022-03-14 17:44:47'),
(701, 176, 1, '2022-03-14 17:44:47', '2022-03-14 17:44:47'),
(702, 176, 5, '2022-03-14 17:44:47', '2022-03-14 17:44:47'),
(703, 176, 11, '2022-03-14 17:44:47', '2022-03-14 17:44:47'),
(704, 176, 11, '2022-03-14 17:44:47', '2022-03-14 17:44:47'),
(705, 177, 1, '2022-03-14 17:44:47', '2022-03-14 17:44:47'),
(706, 177, 5, '2022-03-14 17:44:47', '2022-03-14 17:44:47'),
(707, 177, 11, '2022-03-14 17:44:47', '2022-03-14 17:44:47'),
(708, 177, 11, '2022-03-14 17:44:47', '2022-03-14 17:44:47'),
(709, 178, 1, '2022-03-14 17:44:47', '2022-03-14 17:44:47'),
(710, 178, 5, '2022-03-14 17:44:47', '2022-03-14 17:44:47'),
(711, 178, 11, '2022-03-14 17:44:47', '2022-03-14 17:44:47'),
(712, 178, 11, '2022-03-14 17:44:47', '2022-03-14 17:44:47'),
(713, 179, 1, '2022-03-14 17:44:47', '2022-03-14 17:44:47'),
(714, 179, 5, '2022-03-14 17:44:47', '2022-03-14 17:44:47'),
(715, 179, 11, '2022-03-14 17:44:47', '2022-03-14 17:44:47'),
(716, 179, 11, '2022-03-14 17:44:47', '2022-03-14 17:44:47'),
(717, 180, 1, '2022-03-14 17:44:47', '2022-03-14 17:44:47'),
(718, 180, 5, '2022-03-14 17:44:47', '2022-03-14 17:44:47'),
(719, 180, 11, '2022-03-14 17:44:47', '2022-03-14 17:44:47'),
(720, 180, 11, '2022-03-14 17:44:47', '2022-03-14 17:44:47'),
(721, 181, 1, '2022-03-14 17:44:47', '2022-03-14 17:44:47'),
(722, 181, 5, '2022-03-14 17:44:47', '2022-03-14 17:44:47'),
(723, 181, 11, '2022-03-14 17:44:47', '2022-03-14 17:44:47'),
(724, 181, 11, '2022-03-14 17:44:47', '2022-03-14 17:44:47'),
(725, 182, 1, '2022-03-14 17:44:47', '2022-03-14 17:44:47'),
(726, 182, 5, '2022-03-14 17:44:47', '2022-03-14 17:44:47'),
(727, 182, 11, '2022-03-14 17:44:47', '2022-03-14 17:44:47'),
(728, 182, 11, '2022-03-14 17:44:47', '2022-03-14 17:44:47'),
(729, 183, 1, '2022-03-14 17:44:47', '2022-03-14 17:44:47'),
(730, 183, 5, '2022-03-14 17:44:47', '2022-03-14 17:44:47'),
(731, 183, 11, '2022-03-14 17:44:47', '2022-03-14 17:44:47'),
(732, 183, 11, '2022-03-14 17:44:47', '2022-03-14 17:44:47'),
(733, 184, 1, '2022-03-14 17:44:47', '2022-03-14 17:44:47'),
(734, 184, 5, '2022-03-14 17:44:47', '2022-03-14 17:44:47'),
(735, 184, 11, '2022-03-14 17:44:47', '2022-03-14 17:44:47'),
(736, 184, 11, '2022-03-14 17:44:47', '2022-03-14 17:44:47'),
(737, 185, 1, '2022-03-14 17:44:47', '2022-03-14 17:44:47'),
(738, 185, 5, '2022-03-14 17:44:47', '2022-03-14 17:44:47'),
(739, 185, 11, '2022-03-14 17:44:47', '2022-03-14 17:44:47'),
(740, 185, 11, '2022-03-14 17:44:47', '2022-03-14 17:44:47'),
(741, 186, 1, '2022-03-14 17:44:47', '2022-03-14 17:44:47'),
(742, 186, 5, '2022-03-14 17:44:47', '2022-03-14 17:44:47'),
(743, 186, 11, '2022-03-14 17:44:47', '2022-03-14 17:44:47'),
(744, 186, 11, '2022-03-14 17:44:47', '2022-03-14 17:44:47'),
(745, 187, 1, '2022-03-14 17:44:47', '2022-03-14 17:44:47'),
(746, 187, 5, '2022-03-14 17:44:47', '2022-03-14 17:44:47'),
(747, 187, 11, '2022-03-14 17:44:47', '2022-03-14 17:44:47'),
(748, 187, 11, '2022-03-14 17:44:47', '2022-03-14 17:44:47'),
(749, 188, 1, '2022-03-14 17:44:47', '2022-03-14 17:44:47'),
(750, 188, 5, '2022-03-14 17:44:47', '2022-03-14 17:44:47'),
(751, 188, 11, '2022-03-14 17:44:47', '2022-03-14 17:44:47'),
(752, 188, 11, '2022-03-14 17:44:47', '2022-03-14 17:44:47'),
(753, 189, 1, '2022-03-14 17:44:47', '2022-03-14 17:44:47'),
(754, 189, 5, '2022-03-14 17:44:47', '2022-03-14 17:44:47'),
(755, 189, 11, '2022-03-14 17:44:47', '2022-03-14 17:44:47'),
(756, 189, 11, '2022-03-14 17:44:47', '2022-03-14 17:44:47'),
(757, 190, 1, '2022-03-14 17:44:47', '2022-03-14 17:44:47'),
(758, 190, 5, '2022-03-14 17:44:47', '2022-03-14 17:44:47'),
(759, 190, 11, '2022-03-14 17:44:47', '2022-03-14 17:44:47'),
(760, 190, 11, '2022-03-14 17:44:47', '2022-03-14 17:44:47'),
(761, 191, 1, '2022-03-14 17:44:47', '2022-03-14 17:44:47'),
(762, 191, 5, '2022-03-14 17:44:47', '2022-03-14 17:44:47'),
(763, 191, 11, '2022-03-14 17:44:47', '2022-03-14 17:44:47'),
(764, 191, 11, '2022-03-14 17:44:47', '2022-03-14 17:44:47'),
(765, 192, 1, '2022-03-14 17:44:47', '2022-03-14 17:44:47'),
(766, 192, 5, '2022-03-14 17:44:47', '2022-03-14 17:44:47'),
(767, 192, 11, '2022-03-14 17:44:47', '2022-03-14 17:44:47'),
(768, 192, 11, '2022-03-14 17:44:47', '2022-03-14 17:44:47'),
(769, 193, 1, '2022-03-14 17:44:47', '2022-03-14 17:44:47'),
(770, 193, 5, '2022-03-14 17:44:47', '2022-03-14 17:44:47'),
(771, 193, 11, '2022-03-14 17:44:47', '2022-03-14 17:44:47'),
(772, 193, 11, '2022-03-14 17:44:47', '2022-03-14 17:44:47'),
(773, 194, 1, '2022-03-14 17:44:47', '2022-03-14 17:44:47'),
(774, 194, 5, '2022-03-14 17:44:47', '2022-03-14 17:44:47'),
(775, 194, 11, '2022-03-14 17:44:47', '2022-03-14 17:44:47'),
(776, 194, 11, '2022-03-14 17:44:47', '2022-03-14 17:44:47'),
(777, 195, 1, '2022-03-14 17:44:47', '2022-03-14 17:44:47'),
(778, 195, 5, '2022-03-14 17:44:47', '2022-03-14 17:44:47'),
(779, 195, 11, '2022-03-14 17:44:47', '2022-03-14 17:44:47'),
(780, 195, 11, '2022-03-14 17:44:47', '2022-03-14 17:44:47'),
(781, 196, 1, '2022-03-14 17:44:47', '2022-03-14 17:44:47'),
(782, 196, 5, '2022-03-14 17:44:47', '2022-03-14 17:44:47'),
(783, 196, 11, '2022-03-14 17:44:47', '2022-03-14 17:44:47'),
(784, 196, 11, '2022-03-14 17:44:47', '2022-03-14 17:44:47'),
(785, 197, 1, '2022-03-14 17:44:47', '2022-03-14 17:44:47'),
(786, 197, 5, '2022-03-14 17:44:47', '2022-03-14 17:44:47'),
(787, 197, 11, '2022-03-14 17:44:47', '2022-03-14 17:44:47'),
(788, 197, 11, '2022-03-14 17:44:47', '2022-03-14 17:44:47'),
(789, 198, 1, '2022-03-14 17:44:47', '2022-03-14 17:44:47'),
(790, 198, 5, '2022-03-14 17:44:47', '2022-03-14 17:44:47'),
(791, 198, 11, '2022-03-14 17:44:47', '2022-03-14 17:44:47'),
(792, 198, 11, '2022-03-14 17:44:47', '2022-03-14 17:44:47'),
(793, 199, 1, '2022-03-14 17:44:47', '2022-03-14 17:44:47'),
(794, 199, 5, '2022-03-14 17:44:47', '2022-03-14 17:44:47'),
(795, 199, 11, '2022-03-14 17:44:47', '2022-03-14 17:44:47'),
(796, 199, 11, '2022-03-14 17:44:47', '2022-03-14 17:44:47'),
(797, 200, 1, '2022-03-14 17:44:47', '2022-03-14 17:44:47'),
(798, 200, 5, '2022-03-14 17:44:47', '2022-03-14 17:44:47'),
(799, 200, 11, '2022-03-14 17:44:47', '2022-03-14 17:44:47'),
(800, 200, 11, '2022-03-14 17:44:47', '2022-03-14 17:44:47'),
(801, 201, 1, '2022-03-14 17:44:47', '2022-03-14 17:44:47'),
(802, 201, 5, '2022-03-14 17:44:47', '2022-03-14 17:44:47'),
(803, 201, 11, '2022-03-14 17:44:47', '2022-03-14 17:44:47'),
(804, 201, 11, '2022-03-14 17:44:47', '2022-03-14 17:44:47'),
(805, 202, 1, '2022-03-14 17:44:47', '2022-03-14 17:44:47'),
(806, 202, 5, '2022-03-14 17:44:47', '2022-03-14 17:44:47'),
(807, 202, 11, '2022-03-14 17:44:47', '2022-03-14 17:44:47'),
(808, 202, 11, '2022-03-14 17:44:47', '2022-03-14 17:44:47'),
(809, 203, 1, '2022-03-14 17:44:47', '2022-03-14 17:44:47'),
(810, 203, 5, '2022-03-14 17:44:47', '2022-03-14 17:44:47'),
(811, 203, 11, '2022-03-14 17:44:47', '2022-03-14 17:44:47'),
(812, 203, 11, '2022-03-14 17:44:47', '2022-03-14 17:44:47'),
(813, 204, 1, '2022-03-14 17:44:47', '2022-03-14 17:44:47'),
(814, 204, 5, '2022-03-14 17:44:47', '2022-03-14 17:44:47'),
(815, 204, 11, '2022-03-14 17:44:47', '2022-03-14 17:44:47'),
(816, 204, 11, '2022-03-14 17:44:47', '2022-03-14 17:44:47'),
(817, 205, 1, '2022-03-14 17:44:47', '2022-03-14 17:44:47'),
(818, 205, 5, '2022-03-14 17:44:47', '2022-03-14 17:44:47'),
(819, 205, 11, '2022-03-14 17:44:47', '2022-03-14 17:44:47'),
(820, 205, 11, '2022-03-14 17:44:47', '2022-03-14 17:44:47'),
(821, 206, 1, '2022-03-14 17:44:47', '2022-03-14 17:44:47'),
(822, 206, 5, '2022-03-14 17:44:47', '2022-03-14 17:44:47'),
(823, 206, 11, '2022-03-14 17:44:47', '2022-03-14 17:44:47'),
(824, 206, 11, '2022-03-14 17:44:47', '2022-03-14 17:44:47'),
(825, 207, 1, '2022-03-14 17:44:47', '2022-03-14 17:44:47'),
(826, 207, 5, '2022-03-14 17:44:47', '2022-03-14 17:44:47'),
(827, 207, 11, '2022-03-14 17:44:47', '2022-03-14 17:44:47'),
(828, 207, 11, '2022-03-14 17:44:47', '2022-03-14 17:44:47'),
(829, 208, 1, '2022-03-14 17:44:47', '2022-03-14 17:44:47'),
(830, 208, 5, '2022-03-14 17:44:47', '2022-03-14 17:44:47'),
(831, 208, 11, '2022-03-14 17:44:47', '2022-03-14 17:44:47'),
(832, 208, 11, '2022-03-14 17:44:47', '2022-03-14 17:44:47'),
(833, 209, 1, '2022-03-14 17:44:47', '2022-03-14 17:44:47'),
(834, 209, 5, '2022-03-14 17:44:47', '2022-03-14 17:44:47'),
(835, 209, 11, '2022-03-14 17:44:47', '2022-03-14 17:44:47'),
(836, 209, 11, '2022-03-14 17:44:47', '2022-03-14 17:44:47'),
(837, 210, 1, '2022-03-14 17:44:47', '2022-03-14 17:44:47'),
(838, 210, 5, '2022-03-14 17:44:47', '2022-03-14 17:44:47'),
(839, 210, 11, '2022-03-14 17:44:47', '2022-03-14 17:44:47'),
(840, 210, 11, '2022-03-14 17:44:47', '2022-03-14 17:44:47'),
(841, 211, 1, '2022-03-14 17:44:47', '2022-03-14 17:44:47'),
(842, 211, 5, '2022-03-14 17:44:47', '2022-03-14 17:44:47'),
(843, 211, 11, '2022-03-14 17:44:47', '2022-03-14 17:44:47'),
(844, 211, 11, '2022-03-14 17:44:47', '2022-03-14 17:44:47'),
(845, 212, 1, '2022-03-14 17:44:47', '2022-03-14 17:44:47'),
(846, 212, 5, '2022-03-14 17:44:47', '2022-03-14 17:44:47'),
(847, 212, 11, '2022-03-14 17:44:47', '2022-03-14 17:44:47');
INSERT INTO `resuimpas` (`id`, `motiresu_id`, `impanive_id`, `created_at`, `updated_at`) VALUES
(848, 212, 11, '2022-03-14 17:44:47', '2022-03-14 17:44:47'),
(849, 213, 1, '2022-03-14 17:44:47', '2022-03-14 17:44:47'),
(850, 213, 5, '2022-03-14 17:44:47', '2022-03-14 17:44:47'),
(851, 213, 11, '2022-03-14 17:44:47', '2022-03-14 17:44:47'),
(852, 213, 11, '2022-03-14 17:44:47', '2022-03-14 17:44:47'),
(853, 214, 1, '2022-03-14 17:44:47', '2022-03-14 17:44:47'),
(854, 214, 5, '2022-03-14 17:44:47', '2022-03-14 17:44:47'),
(855, 214, 11, '2022-03-14 17:44:47', '2022-03-14 17:44:47'),
(856, 214, 11, '2022-03-14 17:44:47', '2022-03-14 17:44:47'),
(857, 215, 1, '2022-03-14 17:44:47', '2022-03-14 17:44:47'),
(858, 215, 5, '2022-03-14 17:44:47', '2022-03-14 17:44:47'),
(859, 215, 11, '2022-03-14 17:44:47', '2022-03-14 17:44:47'),
(860, 215, 11, '2022-03-14 17:44:47', '2022-03-14 17:44:47'),
(861, 216, 1, '2022-03-14 17:44:47', '2022-03-14 17:44:47'),
(862, 216, 5, '2022-03-14 17:44:47', '2022-03-14 17:44:47'),
(863, 216, 11, '2022-03-14 17:44:47', '2022-03-14 17:44:47'),
(864, 216, 11, '2022-03-14 17:44:47', '2022-03-14 17:44:47'),
(865, 217, 1, '2022-03-14 17:44:47', '2022-03-14 17:44:47'),
(866, 217, 5, '2022-03-14 17:44:47', '2022-03-14 17:44:47'),
(867, 217, 11, '2022-03-14 17:44:47', '2022-03-14 17:44:47'),
(868, 217, 11, '2022-03-14 17:44:47', '2022-03-14 17:44:47'),
(869, 218, 1, '2022-03-14 17:44:47', '2022-03-14 17:44:47'),
(870, 218, 5, '2022-03-14 17:44:47', '2022-03-14 17:44:47'),
(871, 218, 11, '2022-03-14 17:44:47', '2022-03-14 17:44:47'),
(872, 218, 11, '2022-03-14 17:44:47', '2022-03-14 17:44:47'),
(873, 219, 1, '2022-03-14 17:44:47', '2022-03-14 17:44:47'),
(874, 219, 5, '2022-03-14 17:44:47', '2022-03-14 17:44:47'),
(875, 219, 11, '2022-03-14 17:44:47', '2022-03-14 17:44:47'),
(876, 219, 11, '2022-03-14 17:44:47', '2022-03-14 17:44:47'),
(877, 220, 1, '2022-03-14 17:44:47', '2022-03-14 17:44:47'),
(878, 220, 5, '2022-03-14 17:44:47', '2022-03-14 17:44:47'),
(879, 220, 11, '2022-03-14 17:44:47', '2022-03-14 17:44:47'),
(880, 220, 11, '2022-03-14 17:44:47', '2022-03-14 17:44:47'),
(881, 221, 1, '2022-03-14 17:44:47', '2022-03-14 17:44:47'),
(882, 221, 5, '2022-03-14 17:44:47', '2022-03-14 17:44:47'),
(883, 221, 11, '2022-03-14 17:44:47', '2022-03-14 17:44:47'),
(884, 221, 11, '2022-03-14 17:44:47', '2022-03-14 17:44:47'),
(885, 222, 1, '2022-03-14 17:44:47', '2022-03-14 17:44:47'),
(886, 222, 5, '2022-03-14 17:44:47', '2022-03-14 17:44:47'),
(887, 222, 11, '2022-03-14 17:44:47', '2022-03-14 17:44:47'),
(888, 222, 11, '2022-03-14 17:44:47', '2022-03-14 17:44:47'),
(889, 223, 1, '2022-03-14 17:44:47', '2022-03-14 17:44:47'),
(890, 223, 5, '2022-03-14 17:44:47', '2022-03-14 17:44:47'),
(891, 223, 11, '2022-03-14 17:44:47', '2022-03-14 17:44:47'),
(892, 223, 11, '2022-03-14 17:44:47', '2022-03-14 17:44:47'),
(893, 224, 1, '2022-03-14 17:44:47', '2022-03-14 17:44:47'),
(894, 224, 5, '2022-03-14 17:44:47', '2022-03-14 17:44:47'),
(895, 224, 11, '2022-03-14 17:44:47', '2022-03-14 17:44:47'),
(896, 224, 11, '2022-03-14 17:44:47', '2022-03-14 17:44:47'),
(897, 225, 1, '2022-03-14 17:44:47', '2022-03-14 17:44:47'),
(898, 225, 5, '2022-03-14 17:44:47', '2022-03-14 17:44:47'),
(899, 225, 11, '2022-03-14 17:44:47', '2022-03-14 17:44:47'),
(900, 225, 11, '2022-03-14 17:44:47', '2022-03-14 17:44:47'),
(901, 226, 1, '2022-03-14 17:44:47', '2022-03-14 17:44:47'),
(902, 226, 5, '2022-03-14 17:44:47', '2022-03-14 17:44:47'),
(903, 226, 11, '2022-03-14 17:44:47', '2022-03-14 17:44:47'),
(904, 226, 11, '2022-03-14 17:44:47', '2022-03-14 17:44:47'),
(905, 227, 1, '2022-03-14 17:44:47', '2022-03-14 17:44:47'),
(906, 227, 5, '2022-03-14 17:44:47', '2022-03-14 17:44:47'),
(907, 227, 11, '2022-03-14 17:44:47', '2022-03-14 17:44:47'),
(908, 227, 11, '2022-03-14 17:44:47', '2022-03-14 17:44:47'),
(909, 228, 1, '2022-03-14 17:44:47', '2022-03-14 17:44:47'),
(910, 228, 5, '2022-03-14 17:44:47', '2022-03-14 17:44:47'),
(911, 228, 11, '2022-03-14 17:44:47', '2022-03-14 17:44:47'),
(912, 228, 11, '2022-03-14 17:44:47', '2022-03-14 17:44:47'),
(913, 229, 1, '2022-03-14 17:44:47', '2022-03-14 17:44:47'),
(914, 229, 5, '2022-03-14 17:44:47', '2022-03-14 17:44:47'),
(915, 229, 11, '2022-03-14 17:44:47', '2022-03-14 17:44:47'),
(916, 229, 11, '2022-03-14 17:44:47', '2022-03-14 17:44:47'),
(917, 230, 1, '2022-03-14 17:44:47', '2022-03-14 17:44:47'),
(918, 230, 5, '2022-03-14 17:44:47', '2022-03-14 17:44:47'),
(919, 230, 11, '2022-03-14 17:44:47', '2022-03-14 17:44:47'),
(920, 230, 11, '2022-03-14 17:44:47', '2022-03-14 17:44:47'),
(921, 231, 1, '2022-03-14 17:44:47', '2022-03-14 17:44:47'),
(922, 231, 5, '2022-03-14 17:44:47', '2022-03-14 17:44:47'),
(923, 231, 11, '2022-03-14 17:44:47', '2022-03-14 17:44:47'),
(924, 231, 11, '2022-03-14 17:44:48', '2022-03-14 17:44:48'),
(925, 232, 1, '2022-03-14 17:44:48', '2022-03-14 17:44:48'),
(926, 232, 5, '2022-03-14 17:44:48', '2022-03-14 17:44:48'),
(927, 232, 11, '2022-03-14 17:44:48', '2022-03-14 17:44:48'),
(928, 232, 11, '2022-03-14 17:44:48', '2022-03-14 17:44:48'),
(929, 233, 1, '2022-03-14 17:44:48', '2022-03-14 17:44:48'),
(930, 233, 5, '2022-03-14 17:44:48', '2022-03-14 17:44:48'),
(931, 233, 11, '2022-03-14 17:44:48', '2022-03-14 17:44:48'),
(932, 233, 11, '2022-03-14 17:44:48', '2022-03-14 17:44:48'),
(933, 234, 1, '2022-03-14 17:44:48', '2022-03-14 17:44:48'),
(934, 234, 5, '2022-03-14 17:44:48', '2022-03-14 17:44:48'),
(935, 234, 11, '2022-03-14 17:44:48', '2022-03-14 17:44:48'),
(936, 234, 11, '2022-03-14 17:44:48', '2022-03-14 17:44:48'),
(937, 235, 1, '2022-03-14 17:44:48', '2022-03-14 17:44:48'),
(938, 235, 5, '2022-03-14 17:44:48', '2022-03-14 17:44:48'),
(939, 235, 11, '2022-03-14 17:44:48', '2022-03-14 17:44:48'),
(940, 235, 11, '2022-03-14 17:44:48', '2022-03-14 17:44:48'),
(941, 236, 1, '2022-03-14 17:44:48', '2022-03-14 17:44:48'),
(942, 236, 5, '2022-03-14 17:44:48', '2022-03-14 17:44:48'),
(943, 236, 11, '2022-03-14 17:44:48', '2022-03-14 17:44:48'),
(944, 236, 11, '2022-03-14 17:44:48', '2022-03-14 17:44:48'),
(945, 237, 1, '2022-03-14 17:44:48', '2022-03-14 17:44:48'),
(946, 237, 5, '2022-03-14 17:44:48', '2022-03-14 17:44:48'),
(947, 237, 11, '2022-03-14 17:44:48', '2022-03-14 17:44:48'),
(948, 237, 11, '2022-03-14 17:44:48', '2022-03-14 17:44:48'),
(949, 238, 1, '2022-03-14 17:44:48', '2022-03-14 17:44:48'),
(950, 238, 5, '2022-03-14 17:44:48', '2022-03-14 17:44:48'),
(951, 238, 11, '2022-03-14 17:44:48', '2022-03-14 17:44:48'),
(952, 238, 11, '2022-03-14 17:44:48', '2022-03-14 17:44:48'),
(953, 239, 1, '2022-03-14 17:44:48', '2022-03-14 17:44:48'),
(954, 239, 5, '2022-03-14 17:44:48', '2022-03-14 17:44:48'),
(955, 239, 11, '2022-03-14 17:44:48', '2022-03-14 17:44:48'),
(956, 239, 11, '2022-03-14 17:44:48', '2022-03-14 17:44:48'),
(957, 240, 1, '2022-03-14 17:44:48', '2022-03-14 17:44:48'),
(958, 240, 5, '2022-03-14 17:44:48', '2022-03-14 17:44:48'),
(959, 240, 11, '2022-03-14 17:44:48', '2022-03-14 17:44:48'),
(960, 240, 11, '2022-03-14 17:44:48', '2022-03-14 17:44:48'),
(961, 241, 1, '2022-03-14 17:44:48', '2022-03-14 17:44:48'),
(962, 241, 5, '2022-03-14 17:44:48', '2022-03-14 17:44:48'),
(963, 241, 11, '2022-03-14 17:44:48', '2022-03-14 17:44:48'),
(964, 241, 11, '2022-03-14 17:44:48', '2022-03-14 17:44:48'),
(965, 242, 1, '2022-03-14 17:44:48', '2022-03-14 17:44:48'),
(966, 242, 5, '2022-03-14 17:44:48', '2022-03-14 17:44:48'),
(967, 242, 11, '2022-03-14 17:44:48', '2022-03-14 17:44:48'),
(968, 242, 11, '2022-03-14 17:44:48', '2022-03-14 17:44:48'),
(969, 243, 1, '2022-03-14 17:44:48', '2022-03-14 17:44:48'),
(970, 243, 5, '2022-03-14 17:44:48', '2022-03-14 17:44:48'),
(971, 243, 11, '2022-03-14 17:44:48', '2022-03-14 17:44:48'),
(972, 243, 11, '2022-03-14 17:44:48', '2022-03-14 17:44:48'),
(973, 244, 1, '2022-03-14 17:44:48', '2022-03-14 17:44:48'),
(974, 244, 5, '2022-03-14 17:44:48', '2022-03-14 17:44:48'),
(975, 244, 11, '2022-03-14 17:44:48', '2022-03-14 17:44:48'),
(976, 244, 11, '2022-03-14 17:44:48', '2022-03-14 17:44:48'),
(977, 245, 1, '2022-03-14 17:44:48', '2022-03-14 17:44:48'),
(978, 245, 5, '2022-03-14 17:44:48', '2022-03-14 17:44:48'),
(979, 245, 11, '2022-03-14 17:44:48', '2022-03-14 17:44:48'),
(980, 245, 11, '2022-03-14 17:44:48', '2022-03-14 17:44:48'),
(981, 246, 1, '2022-03-14 17:44:48', '2022-03-14 17:44:48'),
(982, 246, 5, '2022-03-14 17:44:48', '2022-03-14 17:44:48'),
(983, 246, 11, '2022-03-14 17:44:48', '2022-03-14 17:44:48'),
(984, 246, 11, '2022-03-14 17:44:48', '2022-03-14 17:44:48'),
(985, 247, 1, '2022-03-14 17:44:48', '2022-03-14 17:44:48'),
(986, 247, 5, '2022-03-14 17:44:48', '2022-03-14 17:44:48'),
(987, 247, 11, '2022-03-14 17:44:48', '2022-03-14 17:44:48'),
(988, 247, 11, '2022-03-14 17:44:48', '2022-03-14 17:44:48'),
(989, 248, 1, '2022-03-14 17:44:48', '2022-03-14 17:44:48'),
(990, 248, 5, '2022-03-14 17:44:48', '2022-03-14 17:44:48'),
(991, 248, 11, '2022-03-14 17:44:48', '2022-03-14 17:44:48'),
(992, 248, 11, '2022-03-14 17:44:48', '2022-03-14 17:44:48'),
(993, 249, 1, '2022-03-14 17:44:48', '2022-03-14 17:44:48'),
(994, 249, 5, '2022-03-14 17:44:48', '2022-03-14 17:44:48'),
(995, 249, 11, '2022-03-14 17:44:48', '2022-03-14 17:44:48'),
(996, 249, 11, '2022-03-14 17:44:48', '2022-03-14 17:44:48'),
(997, 250, 1, '2022-03-14 17:44:48', '2022-03-14 17:44:48'),
(998, 250, 5, '2022-03-14 17:44:48', '2022-03-14 17:44:48'),
(999, 250, 11, '2022-03-14 17:44:48', '2022-03-14 17:44:48'),
(1000, 250, 11, '2022-03-14 17:44:48', '2022-03-14 17:44:48'),
(1001, 251, 1, '2022-03-14 17:44:48', '2022-03-14 17:44:48'),
(1002, 251, 5, '2022-03-14 17:44:48', '2022-03-14 17:44:48'),
(1003, 251, 11, '2022-03-14 17:44:48', '2022-03-14 17:44:48'),
(1004, 251, 11, '2022-03-14 17:44:48', '2022-03-14 17:44:48'),
(1005, 252, 1, '2022-03-14 17:44:48', '2022-03-14 17:44:48'),
(1006, 252, 5, '2022-03-14 17:44:48', '2022-03-14 17:44:48'),
(1007, 252, 11, '2022-03-14 17:44:48', '2022-03-14 17:44:48'),
(1008, 252, 11, '2022-03-14 17:44:48', '2022-03-14 17:44:48'),
(1009, 253, 1, '2022-03-14 17:44:48', '2022-03-14 17:44:48'),
(1010, 253, 5, '2022-03-14 17:44:48', '2022-03-14 17:44:48'),
(1011, 253, 11, '2022-03-14 17:44:48', '2022-03-14 17:44:48'),
(1012, 253, 11, '2022-03-14 17:44:48', '2022-03-14 17:44:48'),
(1013, 254, 1, '2022-03-14 17:44:48', '2022-03-14 17:44:48'),
(1014, 254, 5, '2022-03-14 17:44:48', '2022-03-14 17:44:48'),
(1015, 254, 11, '2022-03-14 17:44:48', '2022-03-14 17:44:48'),
(1016, 254, 11, '2022-03-14 17:44:48', '2022-03-14 17:44:48'),
(1017, 255, 1, '2022-03-14 17:44:48', '2022-03-14 17:44:48'),
(1018, 255, 5, '2022-03-14 17:44:48', '2022-03-14 17:44:48'),
(1019, 255, 11, '2022-03-14 17:44:48', '2022-03-14 17:44:48'),
(1020, 255, 11, '2022-03-14 17:44:48', '2022-03-14 17:44:48'),
(1021, 256, 1, '2022-03-14 17:44:48', '2022-03-14 17:44:48'),
(1022, 256, 5, '2022-03-14 17:44:48', '2022-03-14 17:44:48'),
(1023, 256, 11, '2022-03-14 17:44:48', '2022-03-14 17:44:48'),
(1024, 256, 11, '2022-03-14 17:44:48', '2022-03-14 17:44:48'),
(1025, 257, 1, '2022-03-14 17:44:48', '2022-03-14 17:44:48'),
(1026, 257, 5, '2022-03-14 17:44:48', '2022-03-14 17:44:48'),
(1027, 257, 11, '2022-03-14 17:44:48', '2022-03-14 17:44:48'),
(1028, 257, 11, '2022-03-14 17:44:48', '2022-03-14 17:44:48'),
(1029, 258, 1, '2022-03-14 17:44:48', '2022-03-14 17:44:48'),
(1030, 258, 5, '2022-03-14 17:44:48', '2022-03-14 17:44:48'),
(1031, 258, 11, '2022-03-14 17:44:48', '2022-03-14 17:44:48'),
(1032, 258, 11, '2022-03-14 17:44:48', '2022-03-14 17:44:48'),
(1033, 259, 1, '2022-03-14 17:44:48', '2022-03-14 17:44:48'),
(1034, 259, 5, '2022-03-14 17:44:48', '2022-03-14 17:44:48'),
(1035, 259, 11, '2022-03-14 17:44:48', '2022-03-14 17:44:48'),
(1036, 259, 11, '2022-03-14 17:44:48', '2022-03-14 17:44:48'),
(1037, 260, 1, '2022-03-14 17:44:48', '2022-03-14 17:44:48'),
(1038, 260, 5, '2022-03-14 17:44:48', '2022-03-14 17:44:48'),
(1039, 260, 11, '2022-03-14 17:44:48', '2022-03-14 17:44:48'),
(1040, 260, 11, '2022-03-14 17:44:48', '2022-03-14 17:44:48'),
(1041, 261, 1, '2022-03-14 17:44:48', '2022-03-14 17:44:48'),
(1042, 261, 5, '2022-03-14 17:44:48', '2022-03-14 17:44:48'),
(1043, 261, 11, '2022-03-14 17:44:48', '2022-03-14 17:44:48'),
(1044, 261, 11, '2022-03-14 17:44:48', '2022-03-14 17:44:48'),
(1045, 262, 1, '2022-03-14 17:44:48', '2022-03-14 17:44:48'),
(1046, 262, 5, '2022-03-14 17:44:48', '2022-03-14 17:44:48'),
(1047, 262, 11, '2022-03-14 17:44:48', '2022-03-14 17:44:48'),
(1048, 262, 11, '2022-03-14 17:44:48', '2022-03-14 17:44:48'),
(1049, 263, 1, '2022-03-14 17:44:48', '2022-03-14 17:44:48'),
(1050, 263, 5, '2022-03-14 17:44:48', '2022-03-14 17:44:48'),
(1051, 263, 11, '2022-03-14 17:44:48', '2022-03-14 17:44:48'),
(1052, 263, 11, '2022-03-14 17:44:48', '2022-03-14 17:44:48'),
(1053, 264, 1, '2022-03-14 17:44:48', '2022-03-14 17:44:48'),
(1054, 264, 5, '2022-03-14 17:44:48', '2022-03-14 17:44:48'),
(1055, 264, 11, '2022-03-14 17:44:48', '2022-03-14 17:44:48'),
(1056, 264, 11, '2022-03-14 17:44:48', '2022-03-14 17:44:48'),
(1057, 265, 1, '2022-03-14 17:44:48', '2022-03-14 17:44:48'),
(1058, 265, 5, '2022-03-14 17:44:48', '2022-03-14 17:44:48'),
(1059, 265, 11, '2022-03-14 17:44:48', '2022-03-14 17:44:48'),
(1060, 265, 11, '2022-03-14 17:44:48', '2022-03-14 17:44:48'),
(1061, 266, 1, '2022-03-14 17:44:48', '2022-03-14 17:44:48'),
(1062, 266, 5, '2022-03-14 17:44:48', '2022-03-14 17:44:48'),
(1063, 266, 11, '2022-03-14 17:44:48', '2022-03-14 17:44:48'),
(1064, 266, 11, '2022-03-14 17:44:48', '2022-03-14 17:44:48'),
(1065, 267, 1, '2022-03-14 17:44:48', '2022-03-14 17:44:48'),
(1066, 267, 5, '2022-03-14 17:44:48', '2022-03-14 17:44:48'),
(1067, 267, 11, '2022-03-14 17:44:48', '2022-03-14 17:44:48'),
(1068, 267, 11, '2022-03-14 17:44:48', '2022-03-14 17:44:48'),
(1069, 268, 1, '2022-03-14 17:44:48', '2022-03-14 17:44:48'),
(1070, 268, 5, '2022-03-14 17:44:48', '2022-03-14 17:44:48'),
(1071, 268, 11, '2022-03-14 17:44:48', '2022-03-14 17:44:48'),
(1072, 268, 11, '2022-03-14 17:44:48', '2022-03-14 17:44:48'),
(1073, 269, 1, '2022-03-14 17:44:48', '2022-03-14 17:44:48'),
(1074, 269, 5, '2022-03-14 17:44:48', '2022-03-14 17:44:48'),
(1075, 269, 11, '2022-03-14 17:44:48', '2022-03-14 17:44:48'),
(1076, 269, 11, '2022-03-14 17:44:48', '2022-03-14 17:44:48'),
(1077, 270, 1, '2022-03-14 17:44:48', '2022-03-14 17:44:48'),
(1078, 270, 5, '2022-03-14 17:44:48', '2022-03-14 17:44:48'),
(1079, 270, 11, '2022-03-14 17:44:48', '2022-03-14 17:44:48'),
(1080, 270, 11, '2022-03-14 17:44:48', '2022-03-14 17:44:48'),
(1081, 271, 1, '2022-03-14 17:44:48', '2022-03-14 17:44:48'),
(1082, 271, 5, '2022-03-14 17:44:48', '2022-03-14 17:44:48'),
(1083, 271, 11, '2022-03-14 17:44:48', '2022-03-14 17:44:48'),
(1084, 271, 11, '2022-03-14 17:44:48', '2022-03-14 17:44:48'),
(1085, 272, 1, '2022-03-14 17:44:48', '2022-03-14 17:44:48'),
(1086, 272, 5, '2022-03-14 17:44:48', '2022-03-14 17:44:48'),
(1087, 272, 11, '2022-03-14 17:44:48', '2022-03-14 17:44:48'),
(1088, 272, 11, '2022-03-14 17:44:48', '2022-03-14 17:44:48'),
(1089, 273, 1, '2022-03-14 17:44:48', '2022-03-14 17:44:48'),
(1090, 273, 5, '2022-03-14 17:44:48', '2022-03-14 17:44:48'),
(1091, 273, 11, '2022-03-14 17:44:48', '2022-03-14 17:44:48'),
(1092, 273, 11, '2022-03-14 17:44:48', '2022-03-14 17:44:48'),
(1093, 274, 1, '2022-03-14 17:44:48', '2022-03-14 17:44:48'),
(1094, 274, 5, '2022-03-14 17:44:48', '2022-03-14 17:44:48'),
(1095, 274, 11, '2022-03-14 17:44:48', '2022-03-14 17:44:48'),
(1096, 274, 11, '2022-03-14 17:44:48', '2022-03-14 17:44:48'),
(1097, 275, 1, '2022-03-14 17:44:48', '2022-03-14 17:44:48'),
(1098, 275, 5, '2022-03-14 17:44:48', '2022-03-14 17:44:48'),
(1099, 275, 11, '2022-03-14 17:44:48', '2022-03-14 17:44:48'),
(1100, 275, 11, '2022-03-14 17:44:48', '2022-03-14 17:44:48'),
(1101, 276, 1, '2022-03-14 17:44:48', '2022-03-14 17:44:48'),
(1102, 276, 5, '2022-03-14 17:44:48', '2022-03-14 17:44:48'),
(1103, 276, 11, '2022-03-14 17:44:48', '2022-03-14 17:44:48'),
(1104, 276, 11, '2022-03-14 17:44:48', '2022-03-14 17:44:48'),
(1105, 277, 1, '2022-03-14 17:44:48', '2022-03-14 17:44:48'),
(1106, 277, 5, '2022-03-14 17:44:48', '2022-03-14 17:44:48'),
(1107, 277, 11, '2022-03-14 17:44:48', '2022-03-14 17:44:48'),
(1108, 277, 11, '2022-03-14 17:44:48', '2022-03-14 17:44:48'),
(1109, 278, 1, '2022-03-14 17:44:48', '2022-03-14 17:44:48'),
(1110, 278, 5, '2022-03-14 17:44:48', '2022-03-14 17:44:48'),
(1111, 278, 11, '2022-03-14 17:44:48', '2022-03-14 17:44:48'),
(1112, 278, 11, '2022-03-14 17:44:48', '2022-03-14 17:44:48'),
(1113, 279, 1, '2022-03-14 17:44:48', '2022-03-14 17:44:48'),
(1114, 279, 5, '2022-03-14 17:44:48', '2022-03-14 17:44:48'),
(1115, 279, 11, '2022-03-14 17:44:48', '2022-03-14 17:44:48'),
(1116, 279, 11, '2022-03-14 17:44:48', '2022-03-14 17:44:48'),
(1117, 280, 1, '2022-03-14 17:44:48', '2022-03-14 17:44:48'),
(1118, 280, 5, '2022-03-14 17:44:48', '2022-03-14 17:44:48'),
(1119, 280, 11, '2022-03-14 17:44:48', '2022-03-14 17:44:48'),
(1120, 280, 11, '2022-03-14 17:44:48', '2022-03-14 17:44:48'),
(1121, 281, 1, '2022-03-14 17:44:48', '2022-03-14 17:44:48'),
(1122, 281, 5, '2022-03-14 17:44:48', '2022-03-14 17:44:48'),
(1123, 281, 11, '2022-03-14 17:44:48', '2022-03-14 17:44:48'),
(1124, 281, 11, '2022-03-14 17:44:48', '2022-03-14 17:44:48'),
(1125, 282, 1, '2022-03-14 17:44:48', '2022-03-14 17:44:48'),
(1126, 282, 5, '2022-03-14 17:44:48', '2022-03-14 17:44:48'),
(1127, 282, 11, '2022-03-14 17:44:48', '2022-03-14 17:44:48'),
(1128, 282, 11, '2022-03-14 17:44:48', '2022-03-14 17:44:48'),
(1129, 283, 1, '2022-03-14 17:44:48', '2022-03-14 17:44:48'),
(1130, 283, 5, '2022-03-14 17:44:48', '2022-03-14 17:44:48'),
(1131, 283, 11, '2022-03-14 17:44:48', '2022-03-14 17:44:48'),
(1132, 283, 11, '2022-03-14 17:44:48', '2022-03-14 17:44:48'),
(1133, 284, 1, '2022-03-14 17:44:48', '2022-03-14 17:44:48'),
(1134, 284, 5, '2022-03-14 17:44:48', '2022-03-14 17:44:48'),
(1135, 284, 11, '2022-03-14 17:44:48', '2022-03-14 17:44:48'),
(1136, 284, 11, '2022-03-14 17:44:48', '2022-03-14 17:44:48'),
(1137, 285, 1, '2022-03-14 17:44:48', '2022-03-14 17:44:48'),
(1138, 285, 5, '2022-03-14 17:44:48', '2022-03-14 17:44:48'),
(1139, 285, 11, '2022-03-14 17:44:48', '2022-03-14 17:44:48'),
(1140, 285, 11, '2022-03-14 17:44:48', '2022-03-14 17:44:48'),
(1141, 286, 1, '2022-03-14 17:44:48', '2022-03-14 17:44:48'),
(1142, 286, 5, '2022-03-14 17:44:48', '2022-03-14 17:44:48'),
(1143, 286, 11, '2022-03-14 17:44:48', '2022-03-14 17:44:48'),
(1144, 286, 11, '2022-03-14 17:44:48', '2022-03-14 17:44:48'),
(1145, 287, 1, '2022-03-14 17:44:48', '2022-03-14 17:44:48'),
(1146, 287, 5, '2022-03-14 17:44:48', '2022-03-14 17:44:48'),
(1147, 287, 11, '2022-03-14 17:44:48', '2022-03-14 17:44:48'),
(1148, 287, 11, '2022-03-14 17:44:48', '2022-03-14 17:44:48'),
(1149, 288, 1, '2022-03-14 17:44:48', '2022-03-14 17:44:48'),
(1150, 288, 5, '2022-03-14 17:44:48', '2022-03-14 17:44:48'),
(1151, 288, 11, '2022-03-14 17:44:48', '2022-03-14 17:44:48'),
(1152, 288, 11, '2022-03-14 17:44:48', '2022-03-14 17:44:48'),
(1153, 289, 1, '2022-03-14 17:44:48', '2022-03-14 17:44:48'),
(1154, 289, 5, '2022-03-14 17:44:48', '2022-03-14 17:44:48'),
(1155, 289, 11, '2022-03-14 17:44:48', '2022-03-14 17:44:48'),
(1156, 289, 11, '2022-03-14 17:44:48', '2022-03-14 17:44:48'),
(1157, 290, 1, '2022-03-14 17:44:48', '2022-03-14 17:44:48'),
(1158, 290, 5, '2022-03-14 17:44:48', '2022-03-14 17:44:48'),
(1159, 290, 11, '2022-03-14 17:44:48', '2022-03-14 17:44:48'),
(1160, 290, 11, '2022-03-14 17:44:48', '2022-03-14 17:44:48'),
(1161, 291, 1, '2022-03-14 17:44:48', '2022-03-14 17:44:48'),
(1162, 291, 5, '2022-03-14 17:44:48', '2022-03-14 17:44:48'),
(1163, 291, 11, '2022-03-14 17:44:48', '2022-03-14 17:44:48'),
(1164, 291, 11, '2022-03-14 17:44:48', '2022-03-14 17:44:48'),
(1165, 292, 1, '2022-03-14 17:44:48', '2022-03-14 17:44:48'),
(1166, 292, 5, '2022-03-14 17:44:48', '2022-03-14 17:44:48'),
(1167, 292, 11, '2022-03-14 17:44:48', '2022-03-14 17:44:48'),
(1168, 292, 11, '2022-03-14 17:44:48', '2022-03-14 17:44:48'),
(1169, 293, 1, '2022-03-14 17:44:48', '2022-03-14 17:44:48'),
(1170, 293, 5, '2022-03-14 17:44:48', '2022-03-14 17:44:48'),
(1171, 293, 11, '2022-03-14 17:44:48', '2022-03-14 17:44:48'),
(1172, 293, 11, '2022-03-14 17:44:48', '2022-03-14 17:44:48'),
(1173, 294, 1, '2022-03-14 17:44:48', '2022-03-14 17:44:48'),
(1174, 294, 5, '2022-03-14 17:44:48', '2022-03-14 17:44:48'),
(1175, 294, 11, '2022-03-14 17:44:48', '2022-03-14 17:44:48'),
(1176, 294, 11, '2022-03-14 17:44:48', '2022-03-14 17:44:48'),
(1177, 295, 1, '2022-03-14 17:44:48', '2022-03-14 17:44:48'),
(1178, 295, 5, '2022-03-14 17:44:48', '2022-03-14 17:44:48'),
(1179, 295, 11, '2022-03-14 17:44:48', '2022-03-14 17:44:48'),
(1180, 295, 11, '2022-03-14 17:44:48', '2022-03-14 17:44:48'),
(1181, 296, 1, '2022-03-14 17:44:48', '2022-03-14 17:44:48'),
(1182, 296, 5, '2022-03-14 17:44:48', '2022-03-14 17:44:48'),
(1183, 296, 11, '2022-03-14 17:44:48', '2022-03-14 17:44:48'),
(1184, 296, 11, '2022-03-14 17:44:48', '2022-03-14 17:44:48'),
(1185, 297, 1, '2022-03-14 17:44:48', '2022-03-14 17:44:48'),
(1186, 297, 5, '2022-03-14 17:44:48', '2022-03-14 17:44:48'),
(1187, 297, 11, '2022-03-14 17:44:48', '2022-03-14 17:44:48'),
(1188, 297, 11, '2022-03-14 17:44:48', '2022-03-14 17:44:48'),
(1189, 298, 1, '2022-03-14 17:44:48', '2022-03-14 17:44:48'),
(1190, 298, 5, '2022-03-14 17:44:48', '2022-03-14 17:44:48'),
(1191, 298, 11, '2022-03-14 17:44:48', '2022-03-14 17:44:48'),
(1192, 298, 11, '2022-03-14 17:44:48', '2022-03-14 17:44:48'),
(1193, 299, 1, '2022-03-14 17:44:48', '2022-03-14 17:44:48'),
(1194, 299, 5, '2022-03-14 17:44:48', '2022-03-14 17:44:48'),
(1195, 299, 11, '2022-03-14 17:44:48', '2022-03-14 17:44:48'),
(1196, 299, 11, '2022-03-14 17:44:48', '2022-03-14 17:44:48'),
(1197, 300, 1, '2022-03-14 17:44:48', '2022-03-14 17:44:48'),
(1198, 300, 5, '2022-03-14 17:44:48', '2022-03-14 17:44:48'),
(1199, 300, 11, '2022-03-14 17:44:48', '2022-03-14 17:44:48'),
(1200, 300, 11, '2022-03-14 17:44:48', '2022-03-14 17:44:48'),
(1201, 301, 1, '2022-03-14 17:44:48', '2022-03-14 17:44:48'),
(1202, 301, 5, '2022-03-14 17:44:48', '2022-03-14 17:44:48'),
(1203, 301, 11, '2022-03-14 17:44:48', '2022-03-14 17:44:48'),
(1204, 301, 11, '2022-03-14 17:44:48', '2022-03-14 17:44:48'),
(1205, 302, 1, '2022-03-14 17:44:48', '2022-03-14 17:44:48'),
(1206, 302, 5, '2022-03-14 17:44:48', '2022-03-14 17:44:48'),
(1207, 302, 11, '2022-03-14 17:44:48', '2022-03-14 17:44:48'),
(1208, 302, 11, '2022-03-14 17:44:48', '2022-03-14 17:44:48'),
(1209, 303, 1, '2022-03-14 17:44:48', '2022-03-14 17:44:48'),
(1210, 303, 5, '2022-03-14 17:44:48', '2022-03-14 17:44:48'),
(1211, 303, 11, '2022-03-14 17:44:48', '2022-03-14 17:44:48'),
(1212, 303, 11, '2022-03-14 17:44:48', '2022-03-14 17:44:48'),
(1213, 304, 1, '2022-03-14 17:44:48', '2022-03-14 17:44:48'),
(1214, 304, 5, '2022-03-14 17:44:48', '2022-03-14 17:44:48'),
(1215, 304, 11, '2022-03-14 17:44:48', '2022-03-14 17:44:48'),
(1216, 304, 11, '2022-03-14 17:44:48', '2022-03-14 17:44:48'),
(1217, 305, 1, '2022-03-14 17:44:48', '2022-03-14 17:44:48'),
(1218, 305, 5, '2022-03-14 17:44:48', '2022-03-14 17:44:48'),
(1219, 305, 11, '2022-03-14 17:44:48', '2022-03-14 17:44:48'),
(1220, 305, 11, '2022-03-14 17:44:48', '2022-03-14 17:44:48'),
(1221, 306, 1, '2022-03-14 17:44:48', '2022-03-14 17:44:48'),
(1222, 306, 5, '2022-03-14 17:44:48', '2022-03-14 17:44:48'),
(1223, 306, 11, '2022-03-14 17:44:48', '2022-03-14 17:44:48'),
(1224, 306, 11, '2022-03-14 17:44:48', '2022-03-14 17:44:48'),
(1225, 307, 1, '2022-03-14 17:44:48', '2022-03-14 17:44:48'),
(1226, 307, 5, '2022-03-14 17:44:48', '2022-03-14 17:44:48'),
(1227, 307, 11, '2022-03-14 17:44:48', '2022-03-14 17:44:48'),
(1228, 307, 11, '2022-03-14 17:44:48', '2022-03-14 17:44:48'),
(1229, 308, 1, '2022-03-14 17:44:48', '2022-03-14 17:44:48'),
(1230, 308, 5, '2022-03-14 17:44:48', '2022-03-14 17:44:48'),
(1231, 308, 11, '2022-03-14 17:44:48', '2022-03-14 17:44:48'),
(1232, 308, 11, '2022-03-14 17:44:48', '2022-03-14 17:44:48'),
(1233, 309, 1, '2022-03-14 17:44:48', '2022-03-14 17:44:48'),
(1234, 309, 5, '2022-03-14 17:44:48', '2022-03-14 17:44:48'),
(1235, 309, 11, '2022-03-14 17:44:48', '2022-03-14 17:44:48'),
(1236, 309, 11, '2022-03-14 17:44:48', '2022-03-14 17:44:48'),
(1237, 310, 1, '2022-03-14 17:44:48', '2022-03-14 17:44:48'),
(1238, 310, 5, '2022-03-14 17:44:48', '2022-03-14 17:44:48'),
(1239, 310, 11, '2022-03-14 17:44:48', '2022-03-14 17:44:48'),
(1240, 310, 11, '2022-03-14 17:44:48', '2022-03-14 17:44:48'),
(1241, 311, 1, '2022-03-14 17:44:48', '2022-03-14 17:44:48'),
(1242, 311, 5, '2022-03-14 17:44:48', '2022-03-14 17:44:48'),
(1243, 311, 11, '2022-03-14 17:44:48', '2022-03-14 17:44:48'),
(1244, 311, 11, '2022-03-14 17:44:48', '2022-03-14 17:44:48'),
(1245, 312, 1, '2022-03-14 17:44:48', '2022-03-14 17:44:48'),
(1246, 312, 5, '2022-03-14 17:44:48', '2022-03-14 17:44:48'),
(1247, 312, 11, '2022-03-14 17:44:48', '2022-03-14 17:44:48'),
(1248, 312, 11, '2022-03-14 17:44:48', '2022-03-14 17:44:48'),
(1249, 313, 1, '2022-03-14 17:44:48', '2022-03-14 17:44:48'),
(1250, 313, 5, '2022-03-14 17:44:48', '2022-03-14 17:44:48'),
(1251, 313, 11, '2022-03-14 17:44:48', '2022-03-14 17:44:48'),
(1252, 313, 11, '2022-03-14 17:44:48', '2022-03-14 17:44:48'),
(1253, 314, 1, '2022-03-14 17:44:48', '2022-03-14 17:44:48'),
(1254, 314, 5, '2022-03-14 17:44:48', '2022-03-14 17:44:48'),
(1255, 314, 11, '2022-03-14 17:44:48', '2022-03-14 17:44:48'),
(1256, 314, 11, '2022-03-14 17:44:48', '2022-03-14 17:44:48'),
(1257, 315, 1, '2022-03-14 17:44:48', '2022-03-14 17:44:48'),
(1258, 315, 5, '2022-03-14 17:44:48', '2022-03-14 17:44:48'),
(1259, 315, 11, '2022-03-14 17:44:48', '2022-03-14 17:44:48'),
(1260, 315, 11, '2022-03-14 17:44:48', '2022-03-14 17:44:48'),
(1261, 316, 1, '2022-03-14 17:44:48', '2022-03-14 17:44:48'),
(1262, 316, 5, '2022-03-14 17:44:48', '2022-03-14 17:44:48'),
(1263, 316, 11, '2022-03-14 17:44:48', '2022-03-14 17:44:48'),
(1264, 316, 11, '2022-03-14 17:44:48', '2022-03-14 17:44:48'),
(1265, 317, 1, '2022-03-14 17:44:48', '2022-03-14 17:44:48'),
(1266, 317, 5, '2022-03-14 17:44:48', '2022-03-14 17:44:48'),
(1267, 317, 11, '2022-03-14 17:44:48', '2022-03-14 17:44:48'),
(1268, 317, 11, '2022-03-14 17:44:48', '2022-03-14 17:44:48'),
(1269, 318, 1, '2022-03-14 17:44:48', '2022-03-14 17:44:48'),
(1270, 318, 5, '2022-03-14 17:44:48', '2022-03-14 17:44:48'),
(1271, 318, 11, '2022-03-14 17:44:48', '2022-03-14 17:44:48'),
(1272, 318, 11, '2022-03-14 17:44:48', '2022-03-14 17:44:48'),
(1273, 319, 1, '2022-03-14 17:44:48', '2022-03-14 17:44:48'),
(1274, 319, 5, '2022-03-14 17:44:48', '2022-03-14 17:44:48'),
(1275, 319, 11, '2022-03-14 17:44:48', '2022-03-14 17:44:48'),
(1276, 319, 11, '2022-03-14 17:44:48', '2022-03-14 17:44:48'),
(1277, 320, 1, '2022-03-14 17:44:48', '2022-03-14 17:44:48'),
(1278, 320, 5, '2022-03-14 17:44:48', '2022-03-14 17:44:48'),
(1279, 320, 11, '2022-03-14 17:44:48', '2022-03-14 17:44:48'),
(1280, 320, 11, '2022-03-14 17:44:48', '2022-03-14 17:44:48'),
(1281, 321, 1, '2022-03-14 17:44:48', '2022-03-14 17:44:48'),
(1282, 321, 5, '2022-03-14 17:44:48', '2022-03-14 17:44:48'),
(1283, 321, 11, '2022-03-14 17:44:48', '2022-03-14 17:44:48'),
(1284, 321, 11, '2022-03-14 17:44:48', '2022-03-14 17:44:48'),
(1285, 322, 1, '2022-03-14 17:44:48', '2022-03-14 17:44:48'),
(1286, 322, 5, '2022-03-14 17:44:48', '2022-03-14 17:44:48'),
(1287, 322, 11, '2022-03-14 17:44:48', '2022-03-14 17:44:48'),
(1288, 322, 11, '2022-03-14 17:44:48', '2022-03-14 17:44:48'),
(1289, 323, 1, '2022-03-14 17:44:48', '2022-03-14 17:44:48'),
(1290, 323, 5, '2022-03-14 17:44:48', '2022-03-14 17:44:48'),
(1291, 323, 11, '2022-03-14 17:44:48', '2022-03-14 17:44:48'),
(1292, 323, 11, '2022-03-14 17:44:48', '2022-03-14 17:44:48'),
(1293, 324, 1, '2022-03-14 17:44:48', '2022-03-14 17:44:48'),
(1294, 324, 5, '2022-03-14 17:44:48', '2022-03-14 17:44:48'),
(1295, 324, 11, '2022-03-14 17:44:48', '2022-03-14 17:44:48'),
(1296, 324, 11, '2022-03-14 17:44:48', '2022-03-14 17:44:48'),
(1297, 325, 1, '2022-03-14 17:44:48', '2022-03-14 17:44:48'),
(1298, 325, 5, '2022-03-14 17:44:48', '2022-03-14 17:44:48'),
(1299, 325, 11, '2022-03-14 17:44:48', '2022-03-14 17:44:48'),
(1300, 325, 11, '2022-03-14 17:44:48', '2022-03-14 17:44:48'),
(1301, 326, 1, '2022-03-14 17:44:48', '2022-03-14 17:44:48'),
(1302, 326, 5, '2022-03-14 17:44:48', '2022-03-14 17:44:48'),
(1303, 326, 11, '2022-03-14 17:44:48', '2022-03-14 17:44:48'),
(1304, 326, 11, '2022-03-14 17:44:48', '2022-03-14 17:44:48'),
(1305, 327, 1, '2022-03-14 17:44:48', '2022-03-14 17:44:48'),
(1306, 327, 5, '2022-03-14 17:44:48', '2022-03-14 17:44:48'),
(1307, 327, 11, '2022-03-14 17:44:48', '2022-03-14 17:44:48'),
(1308, 327, 11, '2022-03-14 17:44:48', '2022-03-14 17:44:48'),
(1309, 328, 1, '2022-03-14 17:44:48', '2022-03-14 17:44:48'),
(1310, 328, 5, '2022-03-14 17:44:48', '2022-03-14 17:44:48'),
(1311, 328, 11, '2022-03-14 17:44:48', '2022-03-14 17:44:48'),
(1312, 328, 11, '2022-03-14 17:44:48', '2022-03-14 17:44:48'),
(1313, 329, 1, '2022-03-14 17:44:48', '2022-03-14 17:44:48'),
(1314, 329, 5, '2022-03-14 17:44:48', '2022-03-14 17:44:48'),
(1315, 329, 11, '2022-03-14 17:44:48', '2022-03-14 17:44:48'),
(1316, 329, 11, '2022-03-14 17:44:48', '2022-03-14 17:44:48'),
(1317, 330, 1, '2022-03-14 17:44:48', '2022-03-14 17:44:48'),
(1318, 330, 5, '2022-03-14 17:44:48', '2022-03-14 17:44:48'),
(1319, 330, 11, '2022-03-14 17:44:48', '2022-03-14 17:44:48'),
(1320, 330, 11, '2022-03-14 17:44:48', '2022-03-14 17:44:48'),
(1321, 331, 1, '2022-03-14 17:44:48', '2022-03-14 17:44:48'),
(1322, 331, 5, '2022-03-14 17:44:48', '2022-03-14 17:44:48'),
(1323, 331, 11, '2022-03-14 17:44:48', '2022-03-14 17:44:48'),
(1324, 331, 11, '2022-03-14 17:44:48', '2022-03-14 17:44:48'),
(1325, 332, 1, '2022-03-14 17:44:48', '2022-03-14 17:44:48'),
(1326, 332, 5, '2022-03-14 17:44:48', '2022-03-14 17:44:48'),
(1327, 332, 11, '2022-03-14 17:44:48', '2022-03-14 17:44:48'),
(1328, 332, 11, '2022-03-14 17:44:48', '2022-03-14 17:44:48'),
(1329, 333, 1, '2022-03-14 17:44:48', '2022-03-14 17:44:48'),
(1330, 333, 5, '2022-03-14 17:44:48', '2022-03-14 17:44:48'),
(1331, 333, 11, '2022-03-14 17:44:48', '2022-03-14 17:44:48'),
(1332, 333, 11, '2022-03-14 17:44:48', '2022-03-14 17:44:48'),
(1333, 334, 1, '2022-03-14 17:44:48', '2022-03-14 17:44:48'),
(1334, 334, 5, '2022-03-14 17:44:48', '2022-03-14 17:44:48'),
(1335, 334, 11, '2022-03-14 17:44:48', '2022-03-14 17:44:48'),
(1336, 334, 11, '2022-03-14 17:44:48', '2022-03-14 17:44:48'),
(1337, 335, 1, '2022-03-14 17:44:48', '2022-03-14 17:44:48'),
(1338, 335, 5, '2022-03-14 17:44:48', '2022-03-14 17:44:48'),
(1339, 335, 11, '2022-03-14 17:44:48', '2022-03-14 17:44:48'),
(1340, 335, 11, '2022-03-14 17:44:48', '2022-03-14 17:44:48'),
(1341, 336, 1, '2022-03-14 17:44:48', '2022-03-14 17:44:48'),
(1342, 336, 5, '2022-03-14 17:44:48', '2022-03-14 17:44:48'),
(1343, 336, 11, '2022-03-14 17:44:48', '2022-03-14 17:44:48'),
(1344, 336, 11, '2022-03-14 17:44:48', '2022-03-14 17:44:48'),
(1345, 337, 1, '2022-03-14 17:44:48', '2022-03-14 17:44:48'),
(1346, 337, 5, '2022-03-14 17:44:48', '2022-03-14 17:44:48'),
(1347, 337, 11, '2022-03-14 17:44:48', '2022-03-14 17:44:48'),
(1348, 337, 11, '2022-03-14 17:44:48', '2022-03-14 17:44:48'),
(1349, 338, 1, '2022-03-14 17:44:48', '2022-03-14 17:44:48'),
(1350, 338, 5, '2022-03-14 17:44:48', '2022-03-14 17:44:48'),
(1351, 338, 11, '2022-03-14 17:44:48', '2022-03-14 17:44:48'),
(1352, 338, 11, '2022-03-14 17:44:48', '2022-03-14 17:44:48'),
(1353, 339, 1, '2022-03-14 17:44:48', '2022-03-14 17:44:48'),
(1354, 339, 5, '2022-03-14 17:44:48', '2022-03-14 17:44:48'),
(1355, 339, 11, '2022-03-14 17:44:48', '2022-03-14 17:44:48'),
(1356, 339, 11, '2022-03-14 17:44:48', '2022-03-14 17:44:48'),
(1357, 340, 1, '2022-03-14 17:44:48', '2022-03-14 17:44:48'),
(1358, 340, 5, '2022-03-14 17:44:48', '2022-03-14 17:44:48'),
(1359, 340, 11, '2022-03-14 17:44:48', '2022-03-14 17:44:48'),
(1360, 340, 11, '2022-03-14 17:44:48', '2022-03-14 17:44:48'),
(1361, 341, 1, '2022-03-14 17:44:48', '2022-03-14 17:44:48'),
(1362, 341, 5, '2022-03-14 17:44:48', '2022-03-14 17:44:48'),
(1363, 341, 11, '2022-03-14 17:44:48', '2022-03-14 17:44:48'),
(1364, 341, 11, '2022-03-14 17:44:48', '2022-03-14 17:44:48'),
(1365, 342, 1, '2022-03-14 17:44:48', '2022-03-14 17:44:48'),
(1366, 342, 5, '2022-03-14 17:44:48', '2022-03-14 17:44:48'),
(1367, 342, 11, '2022-03-14 17:44:48', '2022-03-14 17:44:48'),
(1368, 342, 11, '2022-03-14 17:44:48', '2022-03-14 17:44:48'),
(1369, 343, 1, '2022-03-14 17:44:48', '2022-03-14 17:44:48'),
(1370, 343, 5, '2022-03-14 17:44:48', '2022-03-14 17:44:48'),
(1371, 343, 11, '2022-03-14 17:44:48', '2022-03-14 17:44:48'),
(1372, 343, 11, '2022-03-14 17:44:48', '2022-03-14 17:44:48'),
(1373, 344, 1, '2022-03-14 17:44:48', '2022-03-14 17:44:48'),
(1374, 344, 5, '2022-03-14 17:44:48', '2022-03-14 17:44:48'),
(1375, 344, 11, '2022-03-14 17:44:48', '2022-03-14 17:44:48'),
(1376, 344, 11, '2022-03-14 17:44:48', '2022-03-14 17:44:48'),
(1377, 345, 1, '2022-03-14 17:44:48', '2022-03-14 17:44:48'),
(1378, 345, 5, '2022-03-14 17:44:48', '2022-03-14 17:44:48'),
(1379, 345, 11, '2022-03-14 17:44:48', '2022-03-14 17:44:48'),
(1380, 345, 11, '2022-03-14 17:44:48', '2022-03-14 17:44:48'),
(1381, 346, 1, '2022-03-14 17:44:48', '2022-03-14 17:44:48'),
(1382, 346, 5, '2022-03-14 17:44:48', '2022-03-14 17:44:48'),
(1383, 346, 11, '2022-03-14 17:44:48', '2022-03-14 17:44:48'),
(1384, 346, 11, '2022-03-14 17:44:48', '2022-03-14 17:44:48'),
(1385, 347, 1, '2022-03-14 17:44:48', '2022-03-14 17:44:48'),
(1386, 347, 5, '2022-03-14 17:44:48', '2022-03-14 17:44:48'),
(1387, 347, 11, '2022-03-14 17:44:48', '2022-03-14 17:44:48'),
(1388, 347, 11, '2022-03-14 17:44:48', '2022-03-14 17:44:48'),
(1389, 348, 1, '2022-03-14 17:44:48', '2022-03-14 17:44:48'),
(1390, 348, 5, '2022-03-14 17:44:48', '2022-03-14 17:44:48'),
(1391, 348, 11, '2022-03-14 17:44:48', '2022-03-14 17:44:48'),
(1392, 348, 11, '2022-03-14 17:44:48', '2022-03-14 17:44:48'),
(1393, 349, 1, '2022-03-14 17:44:48', '2022-03-14 17:44:48'),
(1394, 349, 5, '2022-03-14 17:44:48', '2022-03-14 17:44:48'),
(1395, 349, 11, '2022-03-14 17:44:48', '2022-03-14 17:44:48'),
(1396, 349, 11, '2022-03-14 17:44:48', '2022-03-14 17:44:48'),
(1397, 350, 1, '2022-03-14 17:44:48', '2022-03-14 17:44:48'),
(1398, 350, 5, '2022-03-14 17:44:48', '2022-03-14 17:44:48'),
(1399, 350, 11, '2022-03-14 17:44:48', '2022-03-14 17:44:48'),
(1400, 350, 11, '2022-03-14 17:44:48', '2022-03-14 17:44:48'),
(1401, 351, 1, '2022-03-14 17:44:48', '2022-03-14 17:44:48'),
(1402, 351, 5, '2022-03-14 17:44:48', '2022-03-14 17:44:48'),
(1403, 351, 11, '2022-03-14 17:44:48', '2022-03-14 17:44:48'),
(1404, 351, 11, '2022-03-14 17:44:48', '2022-03-14 17:44:48'),
(1405, 352, 1, '2022-03-14 17:44:48', '2022-03-14 17:44:48'),
(1406, 352, 5, '2022-03-14 17:44:48', '2022-03-14 17:44:48'),
(1407, 352, 11, '2022-03-14 17:44:48', '2022-03-14 17:44:48'),
(1408, 352, 11, '2022-03-14 17:44:48', '2022-03-14 17:44:48'),
(1409, 353, 1, '2022-03-14 17:44:48', '2022-03-14 17:44:48'),
(1410, 353, 5, '2022-03-14 17:44:48', '2022-03-14 17:44:48'),
(1411, 353, 11, '2022-03-14 17:44:48', '2022-03-14 17:44:48'),
(1412, 353, 11, '2022-03-14 17:44:48', '2022-03-14 17:44:48'),
(1413, 354, 1, '2022-03-14 17:44:48', '2022-03-14 17:44:48'),
(1414, 354, 5, '2022-03-14 17:44:48', '2022-03-14 17:44:48'),
(1415, 354, 11, '2022-03-14 17:44:48', '2022-03-14 17:44:48'),
(1416, 354, 11, '2022-03-14 17:44:48', '2022-03-14 17:44:48'),
(1417, 355, 1, '2022-03-14 17:44:48', '2022-03-14 17:44:48'),
(1418, 355, 5, '2022-03-14 17:44:48', '2022-03-14 17:44:48'),
(1419, 355, 11, '2022-03-14 17:44:48', '2022-03-14 17:44:48'),
(1420, 355, 11, '2022-03-14 17:44:48', '2022-03-14 17:44:48'),
(1421, 356, 1, '2022-03-14 17:44:48', '2022-03-14 17:44:48'),
(1422, 356, 5, '2022-03-14 17:44:48', '2022-03-14 17:44:48'),
(1423, 356, 11, '2022-03-14 17:44:48', '2022-03-14 17:44:48'),
(1424, 356, 11, '2022-03-14 17:44:48', '2022-03-14 17:44:48'),
(1425, 357, 1, '2022-03-14 17:44:48', '2022-03-14 17:44:48'),
(1426, 357, 5, '2022-03-14 17:44:48', '2022-03-14 17:44:48'),
(1427, 357, 11, '2022-03-14 17:44:48', '2022-03-14 17:44:48'),
(1428, 357, 11, '2022-03-14 17:44:48', '2022-03-14 17:44:48'),
(1429, 358, 1, '2022-03-14 17:44:48', '2022-03-14 17:44:48'),
(1430, 358, 5, '2022-03-14 17:44:48', '2022-03-14 17:44:48'),
(1431, 358, 11, '2022-03-14 17:44:48', '2022-03-14 17:44:48'),
(1432, 358, 11, '2022-03-14 17:44:48', '2022-03-14 17:44:48'),
(1433, 359, 1, '2022-03-14 17:44:48', '2022-03-14 17:44:48'),
(1434, 359, 5, '2022-03-14 17:44:48', '2022-03-14 17:44:48'),
(1435, 359, 11, '2022-03-14 17:44:48', '2022-03-14 17:44:48'),
(1436, 359, 11, '2022-03-14 17:44:48', '2022-03-14 17:44:48'),
(1437, 360, 1, '2022-03-14 17:44:48', '2022-03-14 17:44:48'),
(1438, 360, 5, '2022-03-14 17:44:48', '2022-03-14 17:44:48'),
(1439, 360, 11, '2022-03-14 17:44:48', '2022-03-14 17:44:48'),
(1440, 360, 11, '2022-03-14 17:44:48', '2022-03-14 17:44:48'),
(1441, 361, 1, '2022-03-14 17:44:48', '2022-03-14 17:44:48'),
(1442, 361, 5, '2022-03-14 17:44:48', '2022-03-14 17:44:48'),
(1443, 361, 11, '2022-03-14 17:44:48', '2022-03-14 17:44:48'),
(1444, 361, 11, '2022-03-14 17:44:48', '2022-03-14 17:44:48'),
(1445, 362, 1, '2022-03-14 17:44:48', '2022-03-14 17:44:48'),
(1446, 362, 5, '2022-03-14 17:44:48', '2022-03-14 17:44:48'),
(1447, 362, 11, '2022-03-14 17:44:48', '2022-03-14 17:44:48'),
(1448, 362, 11, '2022-03-14 17:44:48', '2022-03-14 17:44:48'),
(1449, 363, 1, '2022-03-14 17:44:48', '2022-03-14 17:44:48'),
(1450, 363, 5, '2022-03-14 17:44:48', '2022-03-14 17:44:48'),
(1451, 363, 11, '2022-03-14 17:44:48', '2022-03-14 17:44:48'),
(1452, 363, 11, '2022-03-14 17:44:48', '2022-03-14 17:44:48'),
(1453, 364, 1, '2022-03-14 17:44:48', '2022-03-14 17:44:48'),
(1454, 364, 5, '2022-03-14 17:44:48', '2022-03-14 17:44:48'),
(1455, 364, 11, '2022-03-14 17:44:48', '2022-03-14 17:44:48'),
(1456, 364, 11, '2022-03-14 17:44:48', '2022-03-14 17:44:48'),
(1457, 365, 1, '2022-03-14 17:44:48', '2022-03-14 17:44:48'),
(1458, 365, 5, '2022-03-14 17:44:48', '2022-03-14 17:44:48'),
(1459, 365, 11, '2022-03-14 17:44:48', '2022-03-14 17:44:48'),
(1460, 365, 11, '2022-03-14 17:44:48', '2022-03-14 17:44:48'),
(1461, 366, 1, '2022-03-14 17:44:48', '2022-03-14 17:44:48'),
(1462, 366, 5, '2022-03-14 17:44:48', '2022-03-14 17:44:48'),
(1463, 366, 11, '2022-03-14 17:44:48', '2022-03-14 17:44:48'),
(1464, 366, 11, '2022-03-14 17:44:48', '2022-03-14 17:44:48'),
(1465, 367, 1, '2022-03-14 17:44:48', '2022-03-14 17:44:48'),
(1466, 367, 5, '2022-03-14 17:44:48', '2022-03-14 17:44:48'),
(1467, 367, 11, '2022-03-14 17:44:48', '2022-03-14 17:44:48'),
(1468, 367, 11, '2022-03-14 17:44:48', '2022-03-14 17:44:48'),
(1469, 368, 1, '2022-03-14 17:44:48', '2022-03-14 17:44:48'),
(1470, 368, 5, '2022-03-14 17:44:48', '2022-03-14 17:44:48'),
(1471, 368, 11, '2022-03-14 17:44:48', '2022-03-14 17:44:48'),
(1472, 368, 11, '2022-03-14 17:44:48', '2022-03-14 17:44:48'),
(1473, 369, 1, '2022-03-14 17:44:48', '2022-03-14 17:44:48'),
(1474, 369, 5, '2022-03-14 17:44:48', '2022-03-14 17:44:48'),
(1475, 369, 11, '2022-03-14 17:44:48', '2022-03-14 17:44:48'),
(1476, 369, 11, '2022-03-14 17:44:48', '2022-03-14 17:44:48'),
(1477, 370, 1, '2022-03-14 17:44:48', '2022-03-14 17:44:48'),
(1478, 370, 5, '2022-03-14 17:44:48', '2022-03-14 17:44:48'),
(1479, 370, 11, '2022-03-14 17:44:48', '2022-03-14 17:44:48'),
(1480, 370, 11, '2022-03-14 17:44:48', '2022-03-14 17:44:48'),
(1481, 371, 1, '2022-03-14 17:44:48', '2022-03-14 17:44:48'),
(1482, 371, 5, '2022-03-14 17:44:48', '2022-03-14 17:44:48'),
(1483, 371, 11, '2022-03-14 17:44:48', '2022-03-14 17:44:48'),
(1484, 371, 11, '2022-03-14 17:44:48', '2022-03-14 17:44:48'),
(1485, 372, 1, '2022-03-14 17:44:48', '2022-03-14 17:44:48'),
(1486, 372, 5, '2022-03-14 17:44:48', '2022-03-14 17:44:48'),
(1487, 372, 11, '2022-03-14 17:44:48', '2022-03-14 17:44:48'),
(1488, 372, 11, '2022-03-14 17:44:48', '2022-03-14 17:44:48'),
(1489, 373, 1, '2022-03-14 17:44:48', '2022-03-14 17:44:48'),
(1490, 373, 5, '2022-03-14 17:44:48', '2022-03-14 17:44:48'),
(1491, 373, 11, '2022-03-14 17:44:48', '2022-03-14 17:44:48'),
(1492, 373, 11, '2022-03-14 17:44:48', '2022-03-14 17:44:48'),
(1493, 374, 1, '2022-03-14 17:44:48', '2022-03-14 17:44:48'),
(1494, 374, 5, '2022-03-14 17:44:48', '2022-03-14 17:44:48'),
(1495, 374, 11, '2022-03-14 17:44:48', '2022-03-14 17:44:48'),
(1496, 374, 11, '2022-03-14 17:44:48', '2022-03-14 17:44:48'),
(1497, 375, 1, '2022-03-14 17:44:48', '2022-03-14 17:44:48'),
(1498, 375, 5, '2022-03-14 17:44:48', '2022-03-14 17:44:48'),
(1499, 375, 11, '2022-03-14 17:44:48', '2022-03-14 17:44:48'),
(1500, 375, 11, '2022-03-14 17:44:48', '2022-03-14 17:44:48'),
(1501, 376, 1, '2022-03-14 17:44:48', '2022-03-14 17:44:48'),
(1502, 376, 5, '2022-03-14 17:44:48', '2022-03-14 17:44:48'),
(1503, 376, 11, '2022-03-14 17:44:48', '2022-03-14 17:44:48'),
(1504, 376, 11, '2022-03-14 17:44:48', '2022-03-14 17:44:48'),
(1505, 377, 1, '2022-03-14 17:44:48', '2022-03-14 17:44:48'),
(1506, 377, 5, '2022-03-14 17:44:48', '2022-03-14 17:44:48'),
(1507, 377, 11, '2022-03-14 17:44:48', '2022-03-14 17:44:48'),
(1508, 377, 11, '2022-03-14 17:44:48', '2022-03-14 17:44:48'),
(1509, 378, 1, '2022-03-14 17:44:48', '2022-03-14 17:44:48'),
(1510, 378, 5, '2022-03-14 17:44:48', '2022-03-14 17:44:48'),
(1511, 378, 11, '2022-03-14 17:44:48', '2022-03-14 17:44:48'),
(1512, 378, 11, '2022-03-14 17:44:48', '2022-03-14 17:44:48'),
(1513, 379, 1, '2022-03-14 17:44:48', '2022-03-14 17:44:48'),
(1514, 379, 5, '2022-03-14 17:44:48', '2022-03-14 17:44:48'),
(1515, 379, 11, '2022-03-14 17:44:48', '2022-03-14 17:44:48'),
(1516, 379, 11, '2022-03-14 17:44:48', '2022-03-14 17:44:48'),
(1517, 380, 1, '2022-03-14 17:44:48', '2022-03-14 17:44:48'),
(1518, 380, 5, '2022-03-14 17:44:48', '2022-03-14 17:44:48'),
(1519, 380, 11, '2022-03-14 17:44:48', '2022-03-14 17:44:48'),
(1520, 380, 11, '2022-03-14 17:44:48', '2022-03-14 17:44:48'),
(1521, 381, 1, '2022-03-14 17:44:48', '2022-03-14 17:44:48'),
(1522, 381, 5, '2022-03-14 17:44:48', '2022-03-14 17:44:48'),
(1523, 381, 11, '2022-03-14 17:44:48', '2022-03-14 17:44:48'),
(1524, 381, 11, '2022-03-14 17:44:48', '2022-03-14 17:44:48'),
(1525, 382, 1, '2022-03-14 17:44:48', '2022-03-14 17:44:48'),
(1526, 382, 5, '2022-03-14 17:44:48', '2022-03-14 17:44:48'),
(1527, 382, 11, '2022-03-14 17:44:48', '2022-03-14 17:44:48'),
(1528, 382, 11, '2022-03-14 17:44:48', '2022-03-14 17:44:48'),
(1529, 383, 1, '2022-03-14 17:44:48', '2022-03-14 17:44:48'),
(1530, 383, 5, '2022-03-14 17:44:48', '2022-03-14 17:44:48'),
(1531, 383, 11, '2022-03-14 17:44:48', '2022-03-14 17:44:48'),
(1532, 383, 11, '2022-03-14 17:44:48', '2022-03-14 17:44:48'),
(1533, 384, 1, '2022-03-14 17:44:48', '2022-03-14 17:44:48'),
(1534, 384, 5, '2022-03-14 17:44:48', '2022-03-14 17:44:48'),
(1535, 384, 11, '2022-03-14 17:44:48', '2022-03-14 17:44:48'),
(1536, 384, 11, '2022-03-14 17:44:48', '2022-03-14 17:44:48'),
(1537, 385, 1, '2022-03-14 17:44:48', '2022-03-14 17:44:48'),
(1538, 385, 5, '2022-03-14 17:44:48', '2022-03-14 17:44:48'),
(1539, 385, 11, '2022-03-14 17:44:48', '2022-03-14 17:44:48'),
(1540, 385, 11, '2022-03-14 17:44:48', '2022-03-14 17:44:48'),
(1541, 386, 1, '2022-03-14 17:44:48', '2022-03-14 17:44:48'),
(1542, 386, 5, '2022-03-14 17:44:48', '2022-03-14 17:44:48'),
(1543, 386, 11, '2022-03-14 17:44:48', '2022-03-14 17:44:48'),
(1544, 386, 11, '2022-03-14 17:44:48', '2022-03-14 17:44:48'),
(1545, 387, 1, '2022-03-14 17:44:48', '2022-03-14 17:44:48'),
(1546, 387, 5, '2022-03-14 17:44:48', '2022-03-14 17:44:48'),
(1547, 387, 11, '2022-03-14 17:44:48', '2022-03-14 17:44:48'),
(1548, 387, 11, '2022-03-14 17:44:48', '2022-03-14 17:44:48'),
(1549, 388, 1, '2022-03-14 17:44:48', '2022-03-14 17:44:48'),
(1550, 388, 5, '2022-03-14 17:44:48', '2022-03-14 17:44:48'),
(1551, 388, 11, '2022-03-14 17:44:48', '2022-03-14 17:44:48'),
(1552, 388, 11, '2022-03-14 17:44:48', '2022-03-14 17:44:48'),
(1553, 389, 1, '2022-03-14 17:44:48', '2022-03-14 17:44:48'),
(1554, 389, 5, '2022-03-14 17:44:48', '2022-03-14 17:44:48'),
(1555, 389, 11, '2022-03-14 17:44:48', '2022-03-14 17:44:48'),
(1556, 389, 11, '2022-03-14 17:44:48', '2022-03-14 17:44:48'),
(1557, 390, 1, '2022-03-14 17:44:48', '2022-03-14 17:44:48'),
(1558, 390, 5, '2022-03-14 17:44:48', '2022-03-14 17:44:48'),
(1559, 390, 11, '2022-03-14 17:44:48', '2022-03-14 17:44:48'),
(1560, 390, 11, '2022-03-14 17:44:48', '2022-03-14 17:44:48'),
(1561, 391, 1, '2022-03-14 17:44:48', '2022-03-14 17:44:48'),
(1562, 391, 5, '2022-03-14 17:44:48', '2022-03-14 17:44:48'),
(1563, 391, 11, '2022-03-14 17:44:48', '2022-03-14 17:44:48'),
(1564, 391, 11, '2022-03-14 17:44:48', '2022-03-14 17:44:48'),
(1565, 392, 1, '2022-03-14 17:44:48', '2022-03-14 17:44:48'),
(1566, 392, 5, '2022-03-14 17:44:48', '2022-03-14 17:44:48'),
(1567, 392, 11, '2022-03-14 17:44:48', '2022-03-14 17:44:48'),
(1568, 392, 11, '2022-03-14 17:44:48', '2022-03-14 17:44:48'),
(1569, 393, 1, '2022-03-14 17:44:48', '2022-03-14 17:44:48'),
(1570, 393, 5, '2022-03-14 17:44:48', '2022-03-14 17:44:48'),
(1571, 393, 11, '2022-03-14 17:44:48', '2022-03-14 17:44:48'),
(1572, 393, 11, '2022-03-14 17:44:48', '2022-03-14 17:44:48'),
(1573, 394, 1, '2022-03-14 17:44:48', '2022-03-14 17:44:48'),
(1574, 394, 5, '2022-03-14 17:44:48', '2022-03-14 17:44:48'),
(1575, 394, 11, '2022-03-14 17:44:48', '2022-03-14 17:44:48'),
(1576, 394, 11, '2022-03-14 17:44:48', '2022-03-14 17:44:48'),
(1577, 395, 1, '2022-03-14 17:44:48', '2022-03-14 17:44:48'),
(1578, 395, 5, '2022-03-14 17:44:48', '2022-03-14 17:44:48'),
(1579, 395, 11, '2022-03-14 17:44:48', '2022-03-14 17:44:48'),
(1580, 395, 11, '2022-03-14 17:44:48', '2022-03-14 17:44:48'),
(1581, 396, 1, '2022-03-14 17:44:48', '2022-03-14 17:44:48'),
(1582, 396, 5, '2022-03-14 17:44:48', '2022-03-14 17:44:48'),
(1583, 396, 11, '2022-03-14 17:44:48', '2022-03-14 17:44:48'),
(1584, 396, 11, '2022-03-14 17:44:48', '2022-03-14 17:44:48'),
(1585, 397, 1, '2022-03-14 17:44:48', '2022-03-14 17:44:48'),
(1586, 397, 5, '2022-03-14 17:44:48', '2022-03-14 17:44:48'),
(1587, 397, 11, '2022-03-14 17:44:48', '2022-03-14 17:44:48'),
(1588, 397, 11, '2022-03-14 17:44:48', '2022-03-14 17:44:48'),
(1589, 398, 1, '2022-03-14 17:44:48', '2022-03-14 17:44:48'),
(1590, 398, 5, '2022-03-14 17:44:48', '2022-03-14 17:44:48'),
(1591, 398, 11, '2022-03-14 17:44:48', '2022-03-14 17:44:48'),
(1592, 398, 11, '2022-03-14 17:44:48', '2022-03-14 17:44:48'),
(1593, 399, 1, '2022-03-14 17:44:48', '2022-03-14 17:44:48'),
(1594, 399, 5, '2022-03-14 17:44:48', '2022-03-14 17:44:48'),
(1595, 399, 11, '2022-03-14 17:44:48', '2022-03-14 17:44:48'),
(1596, 399, 11, '2022-03-14 17:44:48', '2022-03-14 17:44:48'),
(1597, 400, 1, '2022-03-14 17:44:48', '2022-03-14 17:44:48'),
(1598, 400, 5, '2022-03-14 17:44:48', '2022-03-14 17:44:48'),
(1599, 400, 11, '2022-03-14 17:44:48', '2022-03-14 17:44:48'),
(1600, 400, 11, '2022-03-14 17:44:48', '2022-03-14 17:44:48'),
(1601, 401, 1, '2022-03-14 17:44:48', '2022-03-14 17:44:48'),
(1602, 401, 5, '2022-03-14 17:44:48', '2022-03-14 17:44:48'),
(1603, 401, 11, '2022-03-14 17:44:48', '2022-03-14 17:44:48'),
(1604, 401, 11, '2022-03-14 17:44:48', '2022-03-14 17:44:48'),
(1605, 402, 1, '2022-03-14 17:44:48', '2022-03-14 17:44:48'),
(1606, 402, 5, '2022-03-14 17:44:48', '2022-03-14 17:44:48'),
(1607, 402, 11, '2022-03-14 17:44:48', '2022-03-14 17:44:48'),
(1608, 402, 11, '2022-03-14 17:44:48', '2022-03-14 17:44:48'),
(1609, 403, 1, '2022-03-14 17:44:48', '2022-03-14 17:44:48'),
(1610, 403, 5, '2022-03-14 17:44:48', '2022-03-14 17:44:48'),
(1611, 403, 11, '2022-03-14 17:44:48', '2022-03-14 17:44:48'),
(1612, 403, 11, '2022-03-14 17:44:48', '2022-03-14 17:44:48'),
(1613, 404, 1, '2022-03-14 17:44:48', '2022-03-14 17:44:48'),
(1614, 404, 5, '2022-03-14 17:44:48', '2022-03-14 17:44:48'),
(1615, 404, 11, '2022-03-14 17:44:48', '2022-03-14 17:44:48'),
(1616, 404, 11, '2022-03-14 17:44:48', '2022-03-14 17:44:48'),
(1617, 405, 1, '2022-03-14 17:44:48', '2022-03-14 17:44:48'),
(1618, 405, 5, '2022-03-14 17:44:48', '2022-03-14 17:44:48'),
(1619, 405, 11, '2022-03-14 17:44:48', '2022-03-14 17:44:48'),
(1620, 405, 11, '2022-03-14 17:44:48', '2022-03-14 17:44:48'),
(1621, 406, 1, '2022-03-14 17:44:48', '2022-03-14 17:44:48'),
(1622, 406, 5, '2022-03-14 17:44:48', '2022-03-14 17:44:48'),
(1623, 406, 11, '2022-03-14 17:44:48', '2022-03-14 17:44:48'),
(1624, 406, 11, '2022-03-14 17:44:48', '2022-03-14 17:44:48'),
(1625, 407, 1, '2022-03-14 17:44:48', '2022-03-14 17:44:48'),
(1626, 407, 5, '2022-03-14 17:44:48', '2022-03-14 17:44:48'),
(1627, 407, 11, '2022-03-14 17:44:48', '2022-03-14 17:44:48'),
(1628, 407, 11, '2022-03-14 17:44:48', '2022-03-14 17:44:48'),
(1629, 408, 1, '2022-03-14 17:44:48', '2022-03-14 17:44:48'),
(1630, 408, 5, '2022-03-14 17:44:48', '2022-03-14 17:44:48'),
(1631, 408, 11, '2022-03-14 17:44:48', '2022-03-14 17:44:48'),
(1632, 408, 11, '2022-03-14 17:44:48', '2022-03-14 17:44:48'),
(1633, 409, 1, '2022-03-14 17:44:48', '2022-03-14 17:44:48'),
(1634, 409, 5, '2022-03-14 17:44:48', '2022-03-14 17:44:48'),
(1635, 409, 11, '2022-03-14 17:44:48', '2022-03-14 17:44:48'),
(1636, 409, 11, '2022-03-14 17:44:48', '2022-03-14 17:44:48'),
(1637, 410, 1, '2022-03-14 17:44:48', '2022-03-14 17:44:48'),
(1638, 410, 5, '2022-03-14 17:44:48', '2022-03-14 17:44:48'),
(1639, 410, 11, '2022-03-14 17:44:48', '2022-03-14 17:44:48'),
(1640, 410, 11, '2022-03-14 17:44:48', '2022-03-14 17:44:48'),
(1641, 411, 1, '2022-03-14 17:44:48', '2022-03-14 17:44:48'),
(1642, 411, 5, '2022-03-14 17:44:48', '2022-03-14 17:44:48'),
(1643, 411, 11, '2022-03-14 17:44:48', '2022-03-14 17:44:48'),
(1644, 411, 11, '2022-03-14 17:44:48', '2022-03-14 17:44:48'),
(1645, 412, 1, '2022-03-14 17:44:48', '2022-03-14 17:44:48'),
(1646, 412, 5, '2022-03-14 17:44:48', '2022-03-14 17:44:48'),
(1647, 412, 11, '2022-03-14 17:44:48', '2022-03-14 17:44:48'),
(1648, 412, 11, '2022-03-14 17:44:48', '2022-03-14 17:44:48'),
(1649, 413, 1, '2022-03-14 17:44:48', '2022-03-14 17:44:48'),
(1650, 413, 5, '2022-03-14 17:44:48', '2022-03-14 17:44:48'),
(1651, 413, 11, '2022-03-14 17:44:48', '2022-03-14 17:44:48'),
(1652, 413, 11, '2022-03-14 17:44:48', '2022-03-14 17:44:48'),
(1653, 414, 1, '2022-03-14 17:44:48', '2022-03-14 17:44:48'),
(1654, 414, 5, '2022-03-14 17:44:48', '2022-03-14 17:44:48'),
(1655, 414, 11, '2022-03-14 17:44:48', '2022-03-14 17:44:48'),
(1656, 414, 11, '2022-03-14 17:44:48', '2022-03-14 17:44:48'),
(1657, 415, 1, '2022-03-14 17:44:48', '2022-03-14 17:44:48'),
(1658, 415, 5, '2022-03-14 17:44:48', '2022-03-14 17:44:48'),
(1659, 415, 11, '2022-03-14 17:44:48', '2022-03-14 17:44:48'),
(1660, 415, 11, '2022-03-14 17:44:48', '2022-03-14 17:44:48'),
(1661, 416, 1, '2022-03-14 17:44:48', '2022-03-14 17:44:48'),
(1662, 416, 5, '2022-03-14 17:44:48', '2022-03-14 17:44:48'),
(1663, 416, 11, '2022-03-14 17:44:48', '2022-03-14 17:44:48'),
(1664, 416, 11, '2022-03-14 17:44:48', '2022-03-14 17:44:48'),
(1665, 417, 1, '2022-03-14 17:44:48', '2022-03-14 17:44:48'),
(1666, 417, 5, '2022-03-14 17:44:48', '2022-03-14 17:44:48'),
(1667, 417, 11, '2022-03-14 17:44:48', '2022-03-14 17:44:48'),
(1668, 417, 11, '2022-03-14 17:44:48', '2022-03-14 17:44:48'),
(1669, 418, 1, '2022-03-14 17:44:48', '2022-03-14 17:44:48'),
(1670, 418, 5, '2022-03-14 17:44:48', '2022-03-14 17:44:48'),
(1671, 418, 11, '2022-03-14 17:44:48', '2022-03-14 17:44:48'),
(1672, 418, 11, '2022-03-14 17:44:48', '2022-03-14 17:44:48'),
(1673, 419, 1, '2022-03-14 17:44:48', '2022-03-14 17:44:48'),
(1674, 419, 5, '2022-03-14 17:44:48', '2022-03-14 17:44:48');
INSERT INTO `resuimpas` (`id`, `motiresu_id`, `impanive_id`, `created_at`, `updated_at`) VALUES
(1675, 419, 11, '2022-03-14 17:44:48', '2022-03-14 17:44:48'),
(1676, 419, 11, '2022-03-14 17:44:48', '2022-03-14 17:44:48'),
(1677, 420, 1, '2022-03-14 17:44:48', '2022-03-14 17:44:48'),
(1678, 420, 5, '2022-03-14 17:44:48', '2022-03-14 17:44:48'),
(1679, 420, 11, '2022-03-14 17:44:48', '2022-03-14 17:44:48'),
(1680, 420, 11, '2022-03-14 17:44:48', '2022-03-14 17:44:48'),
(1681, 421, 1, '2022-03-14 17:44:48', '2022-03-14 17:44:48'),
(1682, 421, 5, '2022-03-14 17:44:48', '2022-03-14 17:44:48'),
(1683, 421, 11, '2022-03-14 17:44:48', '2022-03-14 17:44:48'),
(1684, 421, 11, '2022-03-14 17:44:48', '2022-03-14 17:44:48'),
(1685, 422, 1, '2022-03-14 17:44:48', '2022-03-14 17:44:48'),
(1686, 422, 5, '2022-03-14 17:44:48', '2022-03-14 17:44:48'),
(1687, 422, 11, '2022-03-14 17:44:48', '2022-03-14 17:44:48'),
(1688, 422, 11, '2022-03-14 17:44:48', '2022-03-14 17:44:48'),
(1689, 423, 1, '2022-03-14 17:44:48', '2022-03-14 17:44:48'),
(1690, 423, 5, '2022-03-14 17:44:48', '2022-03-14 17:44:48'),
(1691, 423, 11, '2022-03-14 17:44:48', '2022-03-14 17:44:48'),
(1692, 423, 11, '2022-03-14 17:44:48', '2022-03-14 17:44:48'),
(1693, 424, 1, '2022-03-14 17:44:48', '2022-03-14 17:44:48'),
(1694, 424, 5, '2022-03-14 17:44:48', '2022-03-14 17:44:48'),
(1695, 424, 11, '2022-03-14 17:44:48', '2022-03-14 17:44:48'),
(1696, 424, 11, '2022-03-14 17:44:48', '2022-03-14 17:44:48'),
(1697, 425, 1, '2022-03-14 17:44:48', '2022-03-14 17:44:48'),
(1698, 425, 5, '2022-03-14 17:44:48', '2022-03-14 17:44:48'),
(1699, 425, 11, '2022-03-14 17:44:48', '2022-03-14 17:44:48'),
(1700, 425, 11, '2022-03-14 17:44:48', '2022-03-14 17:44:48'),
(1701, 426, 1, '2022-03-14 17:44:48', '2022-03-14 17:44:48'),
(1702, 426, 5, '2022-03-14 17:44:48', '2022-03-14 17:44:48'),
(1703, 426, 11, '2022-03-14 17:44:48', '2022-03-14 17:44:48'),
(1704, 426, 11, '2022-03-14 17:44:48', '2022-03-14 17:44:48'),
(1705, 427, 1, '2022-03-14 17:44:48', '2022-03-14 17:44:48'),
(1706, 427, 5, '2022-03-14 17:44:48', '2022-03-14 17:44:48'),
(1707, 427, 11, '2022-03-14 17:44:48', '2022-03-14 17:44:48'),
(1708, 427, 11, '2022-03-14 17:44:48', '2022-03-14 17:44:48'),
(1709, 428, 1, '2022-03-14 17:44:48', '2022-03-14 17:44:48'),
(1710, 428, 5, '2022-03-14 17:44:48', '2022-03-14 17:44:48'),
(1711, 428, 11, '2022-03-14 17:44:48', '2022-03-14 17:44:48'),
(1712, 428, 11, '2022-03-14 17:44:48', '2022-03-14 17:44:48'),
(1713, 429, 1, '2022-03-14 17:44:48', '2022-03-14 17:44:48'),
(1714, 429, 5, '2022-03-14 17:44:48', '2022-03-14 17:44:48'),
(1715, 429, 11, '2022-03-14 17:44:48', '2022-03-14 17:44:48'),
(1716, 429, 11, '2022-03-14 17:44:48', '2022-03-14 17:44:48'),
(1717, 430, 1, '2022-03-14 17:44:48', '2022-03-14 17:44:48'),
(1718, 430, 5, '2022-03-14 17:44:48', '2022-03-14 17:44:48'),
(1719, 430, 11, '2022-03-14 17:44:48', '2022-03-14 17:44:48'),
(1720, 430, 11, '2022-03-14 17:44:48', '2022-03-14 17:44:48'),
(1721, 431, 1, '2022-03-14 17:44:48', '2022-03-14 17:44:48'),
(1722, 431, 5, '2022-03-14 17:44:48', '2022-03-14 17:44:48'),
(1723, 431, 11, '2022-03-14 17:44:48', '2022-03-14 17:44:48'),
(1724, 431, 11, '2022-03-14 17:44:48', '2022-03-14 17:44:48'),
(1725, 432, 1, '2022-03-14 17:44:48', '2022-03-14 17:44:48'),
(1726, 432, 5, '2022-03-14 17:44:48', '2022-03-14 17:44:48'),
(1727, 432, 11, '2022-03-14 17:44:48', '2022-03-14 17:44:48'),
(1728, 432, 11, '2022-03-14 17:44:48', '2022-03-14 17:44:48'),
(1729, 433, 1, '2022-03-14 17:44:48', '2022-03-14 17:44:48'),
(1730, 433, 5, '2022-03-14 17:44:48', '2022-03-14 17:44:48'),
(1731, 433, 11, '2022-03-14 17:44:48', '2022-03-14 17:44:48'),
(1732, 433, 11, '2022-03-14 17:44:48', '2022-03-14 17:44:48'),
(1733, 434, 1, '2022-03-14 17:44:48', '2022-03-14 17:44:48'),
(1734, 434, 5, '2022-03-14 17:44:48', '2022-03-14 17:44:48'),
(1735, 434, 11, '2022-03-14 17:44:48', '2022-03-14 17:44:48'),
(1736, 434, 11, '2022-03-14 17:44:48', '2022-03-14 17:44:48'),
(1737, 435, 1, '2022-03-14 17:44:48', '2022-03-14 17:44:48'),
(1738, 435, 5, '2022-03-14 17:44:48', '2022-03-14 17:44:48'),
(1739, 435, 11, '2022-03-14 17:44:48', '2022-03-14 17:44:48'),
(1740, 435, 11, '2022-03-14 17:44:48', '2022-03-14 17:44:48'),
(1741, 436, 1, '2022-03-14 17:44:48', '2022-03-14 17:44:48'),
(1742, 436, 5, '2022-03-14 17:44:48', '2022-03-14 17:44:48'),
(1743, 436, 11, '2022-03-14 17:44:48', '2022-03-14 17:44:48'),
(1744, 436, 11, '2022-03-14 17:44:48', '2022-03-14 17:44:48'),
(1745, 437, 1, '2022-03-14 17:44:48', '2022-03-14 17:44:48'),
(1746, 437, 5, '2022-03-14 17:44:48', '2022-03-14 17:44:48'),
(1747, 437, 11, '2022-03-14 17:44:48', '2022-03-14 17:44:48'),
(1748, 437, 11, '2022-03-14 17:44:48', '2022-03-14 17:44:48'),
(1749, 438, 1, '2022-03-14 17:44:48', '2022-03-14 17:44:48'),
(1750, 438, 5, '2022-03-14 17:44:48', '2022-03-14 17:44:48'),
(1751, 438, 11, '2022-03-14 17:44:48', '2022-03-14 17:44:48'),
(1752, 438, 11, '2022-03-14 17:44:48', '2022-03-14 17:44:48'),
(1753, 439, 1, '2022-03-14 17:44:48', '2022-03-14 17:44:48'),
(1754, 439, 5, '2022-03-14 17:44:48', '2022-03-14 17:44:48'),
(1755, 439, 11, '2022-03-14 17:44:48', '2022-03-14 17:44:48'),
(1756, 439, 11, '2022-03-14 17:44:48', '2022-03-14 17:44:48'),
(1757, 440, 1, '2022-03-14 17:44:48', '2022-03-14 17:44:48'),
(1758, 440, 5, '2022-03-14 17:44:48', '2022-03-14 17:44:48'),
(1759, 440, 11, '2022-03-14 17:44:48', '2022-03-14 17:44:48'),
(1760, 440, 11, '2022-03-14 17:44:48', '2022-03-14 17:44:48'),
(1761, 441, 1, '2022-03-14 17:44:48', '2022-03-14 17:44:48'),
(1762, 441, 5, '2022-03-14 17:44:48', '2022-03-14 17:44:48'),
(1763, 441, 11, '2022-03-14 17:44:48', '2022-03-14 17:44:48'),
(1764, 441, 11, '2022-03-14 17:44:48', '2022-03-14 17:44:48'),
(1765, 442, 1, '2022-03-14 17:44:48', '2022-03-14 17:44:48'),
(1766, 442, 5, '2022-03-14 17:44:48', '2022-03-14 17:44:48'),
(1767, 442, 11, '2022-03-14 17:44:48', '2022-03-14 17:44:48'),
(1768, 442, 11, '2022-03-14 17:44:48', '2022-03-14 17:44:48'),
(1769, 443, 1, '2022-03-14 17:44:48', '2022-03-14 17:44:48'),
(1770, 443, 5, '2022-03-14 17:44:48', '2022-03-14 17:44:48'),
(1771, 443, 11, '2022-03-14 17:44:48', '2022-03-14 17:44:48'),
(1772, 443, 11, '2022-03-14 17:44:48', '2022-03-14 17:44:48'),
(1773, 444, 1, '2022-03-14 17:44:48', '2022-03-14 17:44:48'),
(1774, 444, 5, '2022-03-14 17:44:48', '2022-03-14 17:44:48'),
(1775, 444, 11, '2022-03-14 17:44:48', '2022-03-14 17:44:48'),
(1776, 444, 11, '2022-03-14 17:44:48', '2022-03-14 17:44:48'),
(1777, 445, 1, '2022-03-14 17:44:48', '2022-03-14 17:44:48'),
(1778, 445, 5, '2022-03-14 17:44:48', '2022-03-14 17:44:48'),
(1779, 445, 11, '2022-03-14 17:44:48', '2022-03-14 17:44:48'),
(1780, 445, 11, '2022-03-14 17:44:48', '2022-03-14 17:44:48'),
(1781, 446, 1, '2022-03-14 17:44:48', '2022-03-14 17:44:48'),
(1782, 446, 5, '2022-03-14 17:44:48', '2022-03-14 17:44:48'),
(1783, 446, 11, '2022-03-14 17:44:48', '2022-03-14 17:44:48'),
(1784, 446, 11, '2022-03-14 17:44:48', '2022-03-14 17:44:48'),
(1785, 447, 1, '2022-03-14 17:44:48', '2022-03-14 17:44:48'),
(1786, 447, 5, '2022-03-14 17:44:48', '2022-03-14 17:44:48'),
(1787, 447, 11, '2022-03-14 17:44:48', '2022-03-14 17:44:48'),
(1788, 447, 11, '2022-03-14 17:44:48', '2022-03-14 17:44:48'),
(1789, 448, 1, '2022-03-14 17:44:48', '2022-03-14 17:44:48'),
(1790, 448, 5, '2022-03-14 17:44:48', '2022-03-14 17:44:48'),
(1791, 448, 11, '2022-03-14 17:44:48', '2022-03-14 17:44:48'),
(1792, 448, 11, '2022-03-14 17:44:48', '2022-03-14 17:44:48'),
(1793, 449, 1, '2022-03-14 17:44:48', '2022-03-14 17:44:48'),
(1794, 449, 5, '2022-03-14 17:44:48', '2022-03-14 17:44:48'),
(1795, 449, 11, '2022-03-14 17:44:48', '2022-03-14 17:44:48'),
(1796, 449, 11, '2022-03-14 17:44:48', '2022-03-14 17:44:48'),
(1797, 450, 1, '2022-03-14 17:44:48', '2022-03-14 17:44:48'),
(1798, 450, 5, '2022-03-14 17:44:48', '2022-03-14 17:44:48'),
(1799, 450, 11, '2022-03-14 17:44:48', '2022-03-14 17:44:48'),
(1800, 450, 11, '2022-03-14 17:44:48', '2022-03-14 17:44:48'),
(1801, 451, 1, '2022-03-14 17:44:48', '2022-03-14 17:44:48'),
(1802, 451, 5, '2022-03-14 17:44:48', '2022-03-14 17:44:48'),
(1803, 451, 11, '2022-03-14 17:44:48', '2022-03-14 17:44:48'),
(1804, 451, 11, '2022-03-14 17:44:48', '2022-03-14 17:44:48'),
(1805, 452, 1, '2022-03-14 17:44:48', '2022-03-14 17:44:48'),
(1806, 452, 5, '2022-03-14 17:44:48', '2022-03-14 17:44:48'),
(1807, 452, 11, '2022-03-14 17:44:48', '2022-03-14 17:44:48'),
(1808, 452, 11, '2022-03-14 17:44:48', '2022-03-14 17:44:48'),
(1809, 453, 1, '2022-03-14 17:44:48', '2022-03-14 17:44:48'),
(1810, 453, 5, '2022-03-14 17:44:48', '2022-03-14 17:44:48'),
(1811, 453, 11, '2022-03-14 17:44:48', '2022-03-14 17:44:48'),
(1812, 453, 11, '2022-03-14 17:44:48', '2022-03-14 17:44:48'),
(1813, 454, 1, '2022-03-14 17:44:48', '2022-03-14 17:44:48'),
(1814, 454, 5, '2022-03-14 17:44:48', '2022-03-14 17:44:48'),
(1815, 454, 11, '2022-03-14 17:44:48', '2022-03-14 17:44:48'),
(1816, 454, 11, '2022-03-14 17:44:48', '2022-03-14 17:44:48'),
(1817, 455, 1, '2022-03-14 17:44:48', '2022-03-14 17:44:48'),
(1818, 455, 5, '2022-03-14 17:44:48', '2022-03-14 17:44:48'),
(1819, 455, 11, '2022-03-14 17:44:48', '2022-03-14 17:44:48'),
(1820, 455, 11, '2022-03-14 17:44:48', '2022-03-14 17:44:48'),
(1821, 456, 1, '2022-03-14 17:44:48', '2022-03-14 17:44:48'),
(1822, 456, 5, '2022-03-14 17:44:48', '2022-03-14 17:44:48'),
(1823, 456, 11, '2022-03-14 17:44:48', '2022-03-14 17:44:48'),
(1824, 456, 11, '2022-03-14 17:44:48', '2022-03-14 17:44:48'),
(1825, 457, 1, '2022-03-14 17:44:48', '2022-03-14 17:44:48'),
(1826, 457, 5, '2022-03-14 17:44:48', '2022-03-14 17:44:48'),
(1827, 457, 11, '2022-03-14 17:44:48', '2022-03-14 17:44:48'),
(1828, 457, 11, '2022-03-14 17:44:48', '2022-03-14 17:44:48'),
(1829, 458, 1, '2022-03-14 17:44:48', '2022-03-14 17:44:48'),
(1830, 458, 5, '2022-03-14 17:44:48', '2022-03-14 17:44:48'),
(1831, 458, 11, '2022-03-14 17:44:48', '2022-03-14 17:44:48'),
(1832, 458, 11, '2022-03-14 17:44:48', '2022-03-14 17:44:48'),
(1833, 459, 1, '2022-03-14 17:44:48', '2022-03-14 17:44:48'),
(1834, 459, 5, '2022-03-14 17:44:48', '2022-03-14 17:44:48'),
(1835, 459, 11, '2022-03-14 17:44:48', '2022-03-14 17:44:48'),
(1836, 459, 11, '2022-03-14 17:44:48', '2022-03-14 17:44:48'),
(1837, 460, 1, '2022-03-14 17:44:48', '2022-03-14 17:44:48'),
(1838, 460, 5, '2022-03-14 17:44:48', '2022-03-14 17:44:48'),
(1839, 460, 11, '2022-03-14 17:44:48', '2022-03-14 17:44:48'),
(1840, 460, 11, '2022-03-14 17:44:48', '2022-03-14 17:44:48'),
(1841, 461, 1, '2022-03-14 17:44:48', '2022-03-14 17:44:48'),
(1842, 461, 5, '2022-03-14 17:44:48', '2022-03-14 17:44:48'),
(1843, 461, 11, '2022-03-14 17:44:48', '2022-03-14 17:44:48'),
(1844, 461, 11, '2022-03-14 17:44:48', '2022-03-14 17:44:48'),
(1845, 462, 1, '2022-03-14 17:44:48', '2022-03-14 17:44:48'),
(1846, 462, 5, '2022-03-14 17:44:48', '2022-03-14 17:44:48'),
(1847, 462, 11, '2022-03-14 17:44:48', '2022-03-14 17:44:48'),
(1848, 462, 11, '2022-03-14 17:44:48', '2022-03-14 17:44:48'),
(1849, 463, 1, '2022-03-14 17:44:48', '2022-03-14 17:44:48'),
(1850, 463, 5, '2022-03-14 17:44:48', '2022-03-14 17:44:48'),
(1851, 463, 11, '2022-03-14 17:44:48', '2022-03-14 17:44:48'),
(1852, 463, 11, '2022-03-14 17:44:48', '2022-03-14 17:44:48'),
(1853, 464, 1, '2022-03-14 17:44:48', '2022-03-14 17:44:48'),
(1854, 464, 5, '2022-03-14 17:44:48', '2022-03-14 17:44:48'),
(1855, 464, 11, '2022-03-14 17:44:48', '2022-03-14 17:44:48'),
(1856, 464, 11, '2022-03-14 17:44:48', '2022-03-14 17:44:48'),
(1857, 465, 1, '2022-03-14 17:44:48', '2022-03-14 17:44:48'),
(1858, 465, 5, '2022-03-14 17:44:48', '2022-03-14 17:44:48'),
(1859, 465, 11, '2022-03-14 17:44:48', '2022-03-14 17:44:48'),
(1860, 465, 11, '2022-03-14 17:44:48', '2022-03-14 17:44:48'),
(1861, 466, 1, '2022-03-14 17:44:48', '2022-03-14 17:44:48'),
(1862, 466, 5, '2022-03-14 17:44:48', '2022-03-14 17:44:48'),
(1863, 466, 11, '2022-03-14 17:44:48', '2022-03-14 17:44:48'),
(1864, 466, 11, '2022-03-14 17:44:48', '2022-03-14 17:44:48'),
(1865, 467, 1, '2022-03-14 17:44:48', '2022-03-14 17:44:48'),
(1866, 467, 5, '2022-03-14 17:44:48', '2022-03-14 17:44:48'),
(1867, 467, 11, '2022-03-14 17:44:48', '2022-03-14 17:44:48'),
(1868, 467, 11, '2022-03-14 17:44:48', '2022-03-14 17:44:48'),
(1869, 468, 1, '2022-03-14 17:44:48', '2022-03-14 17:44:48'),
(1870, 468, 5, '2022-03-14 17:44:48', '2022-03-14 17:44:48'),
(1871, 468, 11, '2022-03-14 17:44:48', '2022-03-14 17:44:48'),
(1872, 468, 11, '2022-03-14 17:44:48', '2022-03-14 17:44:48'),
(1873, 469, 1, '2022-03-14 17:44:48', '2022-03-14 17:44:48'),
(1874, 469, 5, '2022-03-14 17:44:48', '2022-03-14 17:44:48'),
(1875, 469, 11, '2022-03-14 17:44:48', '2022-03-14 17:44:48'),
(1876, 469, 11, '2022-03-14 17:44:48', '2022-03-14 17:44:48'),
(1877, 470, 1, '2022-03-14 17:44:48', '2022-03-14 17:44:48'),
(1878, 470, 5, '2022-03-14 17:44:48', '2022-03-14 17:44:48'),
(1879, 470, 11, '2022-03-14 17:44:48', '2022-03-14 17:44:48'),
(1880, 470, 11, '2022-03-14 17:44:48', '2022-03-14 17:44:48'),
(1881, 471, 1, '2022-03-14 17:44:48', '2022-03-14 17:44:48'),
(1882, 471, 5, '2022-03-14 17:44:48', '2022-03-14 17:44:48'),
(1883, 471, 11, '2022-03-14 17:44:48', '2022-03-14 17:44:48'),
(1884, 471, 11, '2022-03-14 17:44:48', '2022-03-14 17:44:48'),
(1885, 472, 1, '2022-03-14 17:44:48', '2022-03-14 17:44:48'),
(1886, 472, 5, '2022-03-14 17:44:48', '2022-03-14 17:44:48'),
(1887, 472, 11, '2022-03-14 17:44:48', '2022-03-14 17:44:48'),
(1888, 472, 11, '2022-03-14 17:44:48', '2022-03-14 17:44:48'),
(1889, 473, 1, '2022-03-14 17:44:48', '2022-03-14 17:44:48'),
(1890, 473, 5, '2022-03-14 17:44:48', '2022-03-14 17:44:48'),
(1891, 473, 11, '2022-03-14 17:44:48', '2022-03-14 17:44:48'),
(1892, 473, 11, '2022-03-14 17:44:48', '2022-03-14 17:44:48'),
(1893, 474, 1, '2022-03-14 17:44:48', '2022-03-14 17:44:48'),
(1894, 474, 5, '2022-03-14 17:44:48', '2022-03-14 17:44:48'),
(1895, 474, 11, '2022-03-14 17:44:48', '2022-03-14 17:44:48'),
(1896, 474, 11, '2022-03-14 17:44:48', '2022-03-14 17:44:48'),
(1897, 475, 1, '2022-03-14 17:44:48', '2022-03-14 17:44:48'),
(1898, 475, 5, '2022-03-14 17:44:48', '2022-03-14 17:44:48'),
(1899, 475, 11, '2022-03-14 17:44:48', '2022-03-14 17:44:48'),
(1900, 475, 11, '2022-03-14 17:44:48', '2022-03-14 17:44:48'),
(1901, 476, 1, '2022-03-14 17:44:48', '2022-03-14 17:44:48'),
(1902, 476, 5, '2022-03-14 17:44:48', '2022-03-14 17:44:48'),
(1903, 476, 11, '2022-03-14 17:44:48', '2022-03-14 17:44:48'),
(1904, 476, 11, '2022-03-14 17:44:48', '2022-03-14 17:44:48'),
(1905, 477, 1, '2022-03-14 17:44:48', '2022-03-14 17:44:48'),
(1906, 477, 5, '2022-03-14 17:44:48', '2022-03-14 17:44:48'),
(1907, 477, 11, '2022-03-14 17:44:48', '2022-03-14 17:44:48'),
(1908, 477, 11, '2022-03-14 17:44:48', '2022-03-14 17:44:48'),
(1909, 478, 1, '2022-03-14 17:44:48', '2022-03-14 17:44:48'),
(1910, 478, 5, '2022-03-14 17:44:48', '2022-03-14 17:44:48'),
(1911, 478, 11, '2022-03-14 17:44:48', '2022-03-14 17:44:48'),
(1912, 478, 11, '2022-03-14 17:44:48', '2022-03-14 17:44:48'),
(1913, 479, 1, '2022-03-14 17:44:48', '2022-03-14 17:44:48'),
(1914, 479, 5, '2022-03-14 17:44:48', '2022-03-14 17:44:48'),
(1915, 479, 11, '2022-03-14 17:44:48', '2022-03-14 17:44:48'),
(1916, 479, 11, '2022-03-14 17:44:48', '2022-03-14 17:44:48'),
(1917, 480, 1, '2022-03-14 17:44:48', '2022-03-14 17:44:48'),
(1918, 480, 5, '2022-03-14 17:44:48', '2022-03-14 17:44:48'),
(1919, 480, 11, '2022-03-14 17:44:48', '2022-03-14 17:44:48'),
(1920, 480, 11, '2022-03-14 17:44:48', '2022-03-14 17:44:48'),
(1921, 481, 1, '2022-03-14 17:44:48', '2022-03-14 17:44:48'),
(1922, 481, 5, '2022-03-14 17:44:48', '2022-03-14 17:44:48'),
(1923, 481, 11, '2022-03-14 17:44:48', '2022-03-14 17:44:48'),
(1924, 481, 11, '2022-03-14 17:44:48', '2022-03-14 17:44:48'),
(1925, 482, 1, '2022-03-14 17:44:48', '2022-03-14 17:44:48'),
(1926, 482, 5, '2022-03-14 17:44:48', '2022-03-14 17:44:48'),
(1927, 482, 11, '2022-03-14 17:44:48', '2022-03-14 17:44:48'),
(1928, 482, 11, '2022-03-14 17:44:48', '2022-03-14 17:44:48'),
(1929, 483, 1, '2022-03-14 17:44:48', '2022-03-14 17:44:48'),
(1930, 483, 5, '2022-03-14 17:44:48', '2022-03-14 17:44:48'),
(1931, 483, 11, '2022-03-14 17:44:48', '2022-03-14 17:44:48'),
(1932, 483, 11, '2022-03-14 17:44:48', '2022-03-14 17:44:48'),
(1933, 484, 1, '2022-03-14 17:44:48', '2022-03-14 17:44:48'),
(1934, 484, 5, '2022-03-14 17:44:48', '2022-03-14 17:44:48'),
(1935, 484, 11, '2022-03-14 17:44:48', '2022-03-14 17:44:48'),
(1936, 484, 11, '2022-03-14 17:44:48', '2022-03-14 17:44:48'),
(1937, 485, 1, '2022-03-14 17:44:48', '2022-03-14 17:44:48'),
(1938, 485, 5, '2022-03-14 17:44:48', '2022-03-14 17:44:48'),
(1939, 485, 11, '2022-03-14 17:44:48', '2022-03-14 17:44:48'),
(1940, 485, 11, '2022-03-14 17:44:48', '2022-03-14 17:44:48'),
(1941, 486, 1, '2022-03-14 17:44:48', '2022-03-14 17:44:48'),
(1942, 486, 5, '2022-03-14 17:44:48', '2022-03-14 17:44:48'),
(1943, 486, 11, '2022-03-14 17:44:48', '2022-03-14 17:44:48'),
(1944, 486, 11, '2022-03-14 17:44:48', '2022-03-14 17:44:48'),
(1945, 487, 1, '2022-03-14 17:44:48', '2022-03-14 17:44:48'),
(1946, 487, 5, '2022-03-14 17:44:48', '2022-03-14 17:44:48'),
(1947, 487, 11, '2022-03-14 17:44:48', '2022-03-14 17:44:48'),
(1948, 487, 11, '2022-03-14 17:44:48', '2022-03-14 17:44:48'),
(1949, 488, 1, '2022-03-14 17:44:48', '2022-03-14 17:44:48'),
(1950, 488, 5, '2022-03-14 17:44:48', '2022-03-14 17:44:48'),
(1951, 488, 11, '2022-03-14 17:44:48', '2022-03-14 17:44:48'),
(1952, 488, 11, '2022-03-14 17:44:48', '2022-03-14 17:44:48'),
(1953, 489, 1, '2022-03-14 17:44:48', '2022-03-14 17:44:48'),
(1954, 489, 5, '2022-03-14 17:44:48', '2022-03-14 17:44:48'),
(1955, 489, 11, '2022-03-14 17:44:48', '2022-03-14 17:44:48'),
(1956, 489, 11, '2022-03-14 17:44:48', '2022-03-14 17:44:48'),
(1957, 490, 1, '2022-03-14 17:44:48', '2022-03-14 17:44:48'),
(1958, 490, 5, '2022-03-14 17:44:48', '2022-03-14 17:44:48'),
(1959, 490, 11, '2022-03-14 17:44:48', '2022-03-14 17:44:48'),
(1960, 490, 11, '2022-03-14 17:44:48', '2022-03-14 17:44:48'),
(1961, 491, 1, '2022-03-14 17:44:48', '2022-03-14 17:44:48'),
(1962, 491, 5, '2022-03-14 17:44:48', '2022-03-14 17:44:48'),
(1963, 491, 11, '2022-03-14 17:44:48', '2022-03-14 17:44:48'),
(1964, 491, 11, '2022-03-14 17:44:48', '2022-03-14 17:44:48'),
(1965, 492, 1, '2022-03-14 17:44:48', '2022-03-14 17:44:48'),
(1966, 492, 5, '2022-03-14 17:44:48', '2022-03-14 17:44:48'),
(1967, 492, 11, '2022-03-14 17:44:48', '2022-03-14 17:44:48'),
(1968, 492, 11, '2022-03-14 17:44:48', '2022-03-14 17:44:48'),
(1969, 493, 1, '2022-03-14 17:44:48', '2022-03-14 17:44:48'),
(1970, 493, 5, '2022-03-14 17:44:48', '2022-03-14 17:44:48'),
(1971, 493, 11, '2022-03-14 17:44:48', '2022-03-14 17:44:48'),
(1972, 493, 11, '2022-03-14 17:44:48', '2022-03-14 17:44:48'),
(1973, 494, 1, '2022-03-14 17:44:48', '2022-03-14 17:44:48'),
(1974, 494, 5, '2022-03-14 17:44:48', '2022-03-14 17:44:48'),
(1975, 494, 11, '2022-03-14 17:44:48', '2022-03-14 17:44:48'),
(1976, 494, 11, '2022-03-14 17:44:48', '2022-03-14 17:44:48'),
(1977, 495, 1, '2022-03-14 17:44:48', '2022-03-14 17:44:48'),
(1978, 495, 5, '2022-03-14 17:44:48', '2022-03-14 17:44:48'),
(1979, 495, 11, '2022-03-14 17:44:48', '2022-03-14 17:44:48'),
(1980, 495, 11, '2022-03-14 17:44:48', '2022-03-14 17:44:48'),
(1981, 496, 1, '2022-03-14 17:44:48', '2022-03-14 17:44:48'),
(1982, 496, 5, '2022-03-14 17:44:48', '2022-03-14 17:44:48'),
(1983, 496, 11, '2022-03-14 17:44:48', '2022-03-14 17:44:48'),
(1984, 496, 11, '2022-03-14 17:44:48', '2022-03-14 17:44:48'),
(1985, 497, 1, '2022-03-14 17:44:48', '2022-03-14 17:44:48'),
(1986, 497, 5, '2022-03-14 17:44:48', '2022-03-14 17:44:48'),
(1987, 497, 11, '2022-03-14 17:44:48', '2022-03-14 17:44:48'),
(1988, 497, 11, '2022-03-14 17:44:48', '2022-03-14 17:44:48'),
(1989, 498, 1, '2022-03-14 17:44:48', '2022-03-14 17:44:48'),
(1990, 498, 5, '2022-03-14 17:44:48', '2022-03-14 17:44:48'),
(1991, 498, 11, '2022-03-14 17:44:48', '2022-03-14 17:44:48'),
(1992, 498, 11, '2022-03-14 17:44:48', '2022-03-14 17:44:48'),
(1993, 499, 1, '2022-03-14 17:44:48', '2022-03-14 17:44:48'),
(1994, 499, 5, '2022-03-14 17:44:48', '2022-03-14 17:44:48'),
(1995, 499, 11, '2022-03-14 17:44:48', '2022-03-14 17:44:48'),
(1996, 499, 11, '2022-03-14 17:44:48', '2022-03-14 17:44:48'),
(1997, 500, 1, '2022-03-14 17:44:48', '2022-03-14 17:44:48'),
(1998, 500, 5, '2022-03-14 17:44:48', '2022-03-14 17:44:48'),
(1999, 500, 11, '2022-03-14 17:44:48', '2022-03-14 17:44:48'),
(2000, 500, 11, '2022-03-14 17:44:48', '2022-03-14 17:44:48'),
(2001, 501, 1, '2022-03-14 17:44:48', '2022-03-14 17:44:48'),
(2002, 501, 5, '2022-03-14 17:44:48', '2022-03-14 17:44:48'),
(2003, 501, 11, '2022-03-14 17:44:48', '2022-03-14 17:44:48'),
(2004, 501, 11, '2022-03-14 17:44:48', '2022-03-14 17:44:48'),
(2005, 502, 1, '2022-03-14 17:44:48', '2022-03-14 17:44:48'),
(2006, 502, 5, '2022-03-14 17:44:48', '2022-03-14 17:44:48'),
(2007, 502, 11, '2022-03-14 17:44:48', '2022-03-14 17:44:48'),
(2008, 502, 11, '2022-03-14 17:44:48', '2022-03-14 17:44:48'),
(2009, 503, 1, '2022-03-14 17:44:48', '2022-03-14 17:44:48'),
(2010, 503, 5, '2022-03-14 17:44:48', '2022-03-14 17:44:48'),
(2011, 503, 11, '2022-03-14 17:44:48', '2022-03-14 17:44:48'),
(2012, 503, 11, '2022-03-14 17:44:48', '2022-03-14 17:44:48'),
(2013, 504, 1, '2022-03-14 17:44:48', '2022-03-14 17:44:48'),
(2014, 504, 5, '2022-03-14 17:44:48', '2022-03-14 17:44:48'),
(2015, 504, 11, '2022-03-14 17:44:48', '2022-03-14 17:44:48'),
(2016, 504, 11, '2022-03-14 17:44:48', '2022-03-14 17:44:48'),
(2017, 505, 1, '2022-03-14 17:44:48', '2022-03-14 17:44:48'),
(2018, 505, 5, '2022-03-14 17:44:48', '2022-03-14 17:44:48'),
(2019, 505, 11, '2022-03-14 17:44:48', '2022-03-14 17:44:48'),
(2020, 505, 11, '2022-03-14 17:44:48', '2022-03-14 17:44:48'),
(2021, 506, 1, '2022-03-14 17:44:48', '2022-03-14 17:44:48'),
(2022, 506, 5, '2022-03-14 17:44:48', '2022-03-14 17:44:48'),
(2023, 506, 11, '2022-03-14 17:44:48', '2022-03-14 17:44:48'),
(2024, 506, 11, '2022-03-14 17:44:48', '2022-03-14 17:44:48'),
(2025, 507, 1, '2022-03-14 17:44:48', '2022-03-14 17:44:48'),
(2026, 507, 5, '2022-03-14 17:44:48', '2022-03-14 17:44:48'),
(2027, 507, 11, '2022-03-14 17:44:48', '2022-03-14 17:44:48'),
(2028, 507, 11, '2022-03-14 17:44:48', '2022-03-14 17:44:48'),
(2029, 508, 1, '2022-03-14 17:44:48', '2022-03-14 17:44:48'),
(2030, 508, 5, '2022-03-14 17:44:48', '2022-03-14 17:44:48'),
(2031, 508, 11, '2022-03-14 17:44:48', '2022-03-14 17:44:48'),
(2032, 508, 11, '2022-03-14 17:44:48', '2022-03-14 17:44:48'),
(2033, 509, 1, '2022-03-14 17:44:48', '2022-03-14 17:44:48'),
(2034, 509, 5, '2022-03-14 17:44:48', '2022-03-14 17:44:48'),
(2035, 509, 11, '2022-03-14 17:44:48', '2022-03-14 17:44:48'),
(2036, 509, 11, '2022-03-14 17:44:48', '2022-03-14 17:44:48'),
(2037, 510, 1, '2022-03-14 17:44:48', '2022-03-14 17:44:48'),
(2038, 510, 5, '2022-03-14 17:44:48', '2022-03-14 17:44:48'),
(2039, 510, 11, '2022-03-14 17:44:48', '2022-03-14 17:44:48'),
(2040, 510, 11, '2022-03-14 17:44:48', '2022-03-14 17:44:48'),
(2041, 511, 1, '2022-03-14 17:44:48', '2022-03-14 17:44:48'),
(2042, 511, 5, '2022-03-14 17:44:48', '2022-03-14 17:44:48'),
(2043, 511, 11, '2022-03-14 17:44:48', '2022-03-14 17:44:48'),
(2044, 511, 11, '2022-03-14 17:44:48', '2022-03-14 17:44:48'),
(2045, 512, 1, '2022-03-14 17:44:48', '2022-03-14 17:44:48'),
(2046, 512, 5, '2022-03-14 17:44:48', '2022-03-14 17:44:48'),
(2047, 512, 11, '2022-03-14 17:44:48', '2022-03-14 17:44:48'),
(2048, 512, 11, '2022-03-14 17:44:48', '2022-03-14 17:44:48'),
(2049, 513, 1, '2022-03-14 17:44:48', '2022-03-14 17:44:48'),
(2050, 513, 5, '2022-03-14 17:44:48', '2022-03-14 17:44:48'),
(2051, 513, 11, '2022-03-14 17:44:48', '2022-03-14 17:44:48'),
(2052, 513, 11, '2022-03-14 17:44:48', '2022-03-14 17:44:48'),
(2053, 514, 1, '2022-03-14 17:44:48', '2022-03-14 17:44:48'),
(2054, 514, 5, '2022-03-14 17:44:48', '2022-03-14 17:44:48'),
(2055, 514, 11, '2022-03-14 17:44:48', '2022-03-14 17:44:48'),
(2056, 514, 11, '2022-03-14 17:44:48', '2022-03-14 17:44:48'),
(2057, 515, 1, '2022-03-14 17:44:48', '2022-03-14 17:44:48'),
(2058, 515, 5, '2022-03-14 17:44:48', '2022-03-14 17:44:48'),
(2059, 515, 11, '2022-03-14 17:44:48', '2022-03-14 17:44:48'),
(2060, 515, 11, '2022-03-14 17:44:48', '2022-03-14 17:44:48'),
(2061, 516, 1, '2022-03-14 17:44:48', '2022-03-14 17:44:48'),
(2062, 516, 5, '2022-03-14 17:44:48', '2022-03-14 17:44:48'),
(2063, 516, 11, '2022-03-14 17:44:48', '2022-03-14 17:44:48'),
(2064, 516, 11, '2022-03-14 17:44:48', '2022-03-14 17:44:48'),
(2065, 517, 1, '2022-03-14 17:44:48', '2022-03-14 17:44:48'),
(2066, 517, 5, '2022-03-14 17:44:48', '2022-03-14 17:44:48'),
(2067, 517, 11, '2022-03-14 17:44:48', '2022-03-14 17:44:48'),
(2068, 517, 11, '2022-03-14 17:44:48', '2022-03-14 17:44:48'),
(2069, 518, 1, '2022-03-14 17:44:48', '2022-03-14 17:44:48'),
(2070, 518, 5, '2022-03-14 17:44:48', '2022-03-14 17:44:48'),
(2071, 518, 11, '2022-03-14 17:44:48', '2022-03-14 17:44:48'),
(2072, 518, 11, '2022-03-14 17:44:48', '2022-03-14 17:44:48'),
(2073, 519, 1, '2022-03-14 17:44:48', '2022-03-14 17:44:48'),
(2074, 519, 5, '2022-03-14 17:44:48', '2022-03-14 17:44:48'),
(2075, 519, 11, '2022-03-14 17:44:48', '2022-03-14 17:44:48'),
(2076, 519, 11, '2022-03-14 17:44:48', '2022-03-14 17:44:48'),
(2077, 520, 1, '2022-03-14 17:44:48', '2022-03-14 17:44:48'),
(2078, 520, 5, '2022-03-14 17:44:48', '2022-03-14 17:44:48'),
(2079, 520, 11, '2022-03-14 17:44:48', '2022-03-14 17:44:48'),
(2080, 520, 11, '2022-03-14 17:44:48', '2022-03-14 17:44:48'),
(2081, 521, 1, '2022-03-14 17:44:48', '2022-03-14 17:44:48'),
(2082, 521, 5, '2022-03-14 17:44:48', '2022-03-14 17:44:48'),
(2083, 521, 11, '2022-03-14 17:44:48', '2022-03-14 17:44:48'),
(2084, 521, 11, '2022-03-14 17:44:48', '2022-03-14 17:44:48'),
(2085, 522, 1, '2022-03-14 17:44:48', '2022-03-14 17:44:48'),
(2086, 522, 5, '2022-03-14 17:44:48', '2022-03-14 17:44:48'),
(2087, 522, 11, '2022-03-14 17:44:48', '2022-03-14 17:44:48'),
(2088, 522, 11, '2022-03-14 17:44:48', '2022-03-14 17:44:48'),
(2089, 523, 1, '2022-03-14 17:44:48', '2022-03-14 17:44:48'),
(2090, 523, 5, '2022-03-14 17:44:48', '2022-03-14 17:44:48'),
(2091, 523, 11, '2022-03-14 17:44:48', '2022-03-14 17:44:48'),
(2092, 523, 11, '2022-03-14 17:44:48', '2022-03-14 17:44:48'),
(2093, 524, 1, '2022-03-14 17:44:48', '2022-03-14 17:44:48'),
(2094, 524, 5, '2022-03-14 17:44:48', '2022-03-14 17:44:48'),
(2095, 524, 11, '2022-03-14 17:44:48', '2022-03-14 17:44:48'),
(2096, 524, 11, '2022-03-14 17:44:48', '2022-03-14 17:44:48'),
(2097, 525, 1, '2022-03-14 17:44:48', '2022-03-14 17:44:48'),
(2098, 525, 5, '2022-03-14 17:44:48', '2022-03-14 17:44:48'),
(2099, 525, 11, '2022-03-14 17:44:48', '2022-03-14 17:44:48'),
(2100, 525, 11, '2022-03-14 17:44:48', '2022-03-14 17:44:48'),
(2101, 526, 1, '2022-03-14 17:44:48', '2022-03-14 17:44:48'),
(2102, 526, 5, '2022-03-14 17:44:48', '2022-03-14 17:44:48'),
(2103, 526, 11, '2022-03-14 17:44:48', '2022-03-14 17:44:48'),
(2104, 526, 11, '2022-03-14 17:44:48', '2022-03-14 17:44:48'),
(2105, 527, 1, '2022-03-14 17:44:48', '2022-03-14 17:44:48'),
(2106, 527, 5, '2022-03-14 17:44:48', '2022-03-14 17:44:48'),
(2107, 527, 11, '2022-03-14 17:44:48', '2022-03-14 17:44:48'),
(2108, 527, 11, '2022-03-14 17:44:48', '2022-03-14 17:44:48'),
(2109, 528, 1, '2022-03-14 17:44:48', '2022-03-14 17:44:48'),
(2110, 528, 5, '2022-03-14 17:44:48', '2022-03-14 17:44:48'),
(2111, 528, 11, '2022-03-14 17:44:48', '2022-03-14 17:44:48'),
(2112, 528, 11, '2022-03-14 17:44:48', '2022-03-14 17:44:48'),
(2113, 529, 1, '2022-03-14 17:44:48', '2022-03-14 17:44:48'),
(2114, 529, 5, '2022-03-14 17:44:48', '2022-03-14 17:44:48'),
(2115, 529, 11, '2022-03-14 17:44:48', '2022-03-14 17:44:48'),
(2116, 529, 11, '2022-03-14 17:44:48', '2022-03-14 17:44:48'),
(2117, 530, 1, '2022-03-14 17:44:48', '2022-03-14 17:44:48'),
(2118, 530, 5, '2022-03-14 17:44:48', '2022-03-14 17:44:48'),
(2119, 530, 11, '2022-03-14 17:44:48', '2022-03-14 17:44:48'),
(2120, 530, 11, '2022-03-14 17:44:48', '2022-03-14 17:44:48'),
(2121, 531, 1, '2022-03-14 17:44:48', '2022-03-14 17:44:48'),
(2122, 531, 5, '2022-03-14 17:44:48', '2022-03-14 17:44:48'),
(2123, 531, 11, '2022-03-14 17:44:48', '2022-03-14 17:44:48'),
(2124, 531, 11, '2022-03-14 17:44:48', '2022-03-14 17:44:48'),
(2125, 532, 1, '2022-03-14 17:44:48', '2022-03-14 17:44:48'),
(2126, 532, 5, '2022-03-14 17:44:48', '2022-03-14 17:44:48'),
(2127, 532, 11, '2022-03-14 17:44:48', '2022-03-14 17:44:48'),
(2128, 532, 11, '2022-03-14 17:44:48', '2022-03-14 17:44:48'),
(2129, 533, 1, '2022-03-14 17:44:48', '2022-03-14 17:44:48'),
(2130, 533, 5, '2022-03-14 17:44:48', '2022-03-14 17:44:48'),
(2131, 533, 11, '2022-03-14 17:44:48', '2022-03-14 17:44:48'),
(2132, 533, 11, '2022-03-14 17:44:48', '2022-03-14 17:44:48'),
(2133, 534, 1, '2022-03-14 17:44:48', '2022-03-14 17:44:48'),
(2134, 534, 5, '2022-03-14 17:44:48', '2022-03-14 17:44:48'),
(2135, 534, 11, '2022-03-14 17:44:48', '2022-03-14 17:44:48'),
(2136, 534, 11, '2022-03-14 17:44:48', '2022-03-14 17:44:48'),
(2137, 535, 1, '2022-03-14 17:44:48', '2022-03-14 17:44:48'),
(2138, 535, 5, '2022-03-14 17:44:48', '2022-03-14 17:44:48'),
(2139, 535, 11, '2022-03-14 17:44:48', '2022-03-14 17:44:48'),
(2140, 535, 11, '2022-03-14 17:44:48', '2022-03-14 17:44:48'),
(2141, 536, 1, '2022-03-14 17:44:48', '2022-03-14 17:44:48'),
(2142, 536, 5, '2022-03-14 17:44:48', '2022-03-14 17:44:48'),
(2143, 536, 11, '2022-03-14 17:44:48', '2022-03-14 17:44:48'),
(2144, 536, 11, '2022-03-14 17:44:48', '2022-03-14 17:44:48'),
(2145, 537, 1, '2022-03-14 17:44:48', '2022-03-14 17:44:48'),
(2146, 537, 5, '2022-03-14 17:44:48', '2022-03-14 17:44:48'),
(2147, 537, 11, '2022-03-14 17:44:48', '2022-03-14 17:44:48'),
(2148, 537, 11, '2022-03-14 17:44:48', '2022-03-14 17:44:48'),
(2149, 538, 1, '2022-03-14 17:44:48', '2022-03-14 17:44:48'),
(2150, 538, 5, '2022-03-14 17:44:48', '2022-03-14 17:44:48'),
(2151, 538, 11, '2022-03-14 17:44:48', '2022-03-14 17:44:48'),
(2152, 538, 11, '2022-03-14 17:44:48', '2022-03-14 17:44:48'),
(2153, 539, 1, '2022-03-14 17:44:48', '2022-03-14 17:44:48'),
(2154, 539, 5, '2022-03-14 17:44:48', '2022-03-14 17:44:48'),
(2155, 539, 11, '2022-03-14 17:44:48', '2022-03-14 17:44:48'),
(2156, 539, 11, '2022-03-14 17:44:48', '2022-03-14 17:44:48'),
(2157, 540, 1, '2022-03-14 17:44:48', '2022-03-14 17:44:48'),
(2158, 540, 5, '2022-03-14 17:44:48', '2022-03-14 17:44:48'),
(2159, 540, 11, '2022-03-14 17:44:48', '2022-03-14 17:44:48'),
(2160, 540, 11, '2022-03-14 17:44:48', '2022-03-14 17:44:48'),
(2161, 541, 1, '2022-03-14 17:44:48', '2022-03-14 17:44:48'),
(2162, 541, 5, '2022-03-14 17:44:48', '2022-03-14 17:44:48'),
(2163, 541, 11, '2022-03-14 17:44:48', '2022-03-14 17:44:48'),
(2164, 541, 11, '2022-03-14 17:44:48', '2022-03-14 17:44:48'),
(2165, 542, 1, '2022-03-14 17:44:48', '2022-03-14 17:44:48'),
(2166, 542, 5, '2022-03-14 17:44:48', '2022-03-14 17:44:48'),
(2167, 542, 11, '2022-03-14 17:44:48', '2022-03-14 17:44:48'),
(2168, 542, 11, '2022-03-14 17:44:48', '2022-03-14 17:44:48'),
(2169, 543, 1, '2022-03-14 17:44:48', '2022-03-14 17:44:48'),
(2170, 543, 5, '2022-03-14 17:44:48', '2022-03-14 17:44:48'),
(2171, 543, 11, '2022-03-14 17:44:48', '2022-03-14 17:44:48'),
(2172, 543, 11, '2022-03-14 17:44:48', '2022-03-14 17:44:48'),
(2173, 544, 1, '2022-03-14 17:44:48', '2022-03-14 17:44:48'),
(2174, 544, 5, '2022-03-14 17:44:48', '2022-03-14 17:44:48'),
(2175, 544, 11, '2022-03-14 17:44:48', '2022-03-14 17:44:48'),
(2176, 544, 11, '2022-03-14 17:44:48', '2022-03-14 17:44:48'),
(2177, 545, 1, '2022-03-14 17:44:48', '2022-03-14 17:44:48'),
(2178, 545, 5, '2022-03-14 17:44:48', '2022-03-14 17:44:48'),
(2179, 545, 11, '2022-03-14 17:44:48', '2022-03-14 17:44:48'),
(2180, 545, 11, '2022-03-14 17:44:48', '2022-03-14 17:44:48'),
(2181, 546, 1, '2022-03-14 17:44:48', '2022-03-14 17:44:48'),
(2182, 546, 5, '2022-03-14 17:44:48', '2022-03-14 17:44:48'),
(2183, 546, 11, '2022-03-14 17:44:48', '2022-03-14 17:44:48'),
(2184, 546, 11, '2022-03-14 17:44:48', '2022-03-14 17:44:48'),
(2185, 547, 1, '2022-03-14 17:44:48', '2022-03-14 17:44:48'),
(2186, 547, 5, '2022-03-14 17:44:48', '2022-03-14 17:44:48'),
(2187, 547, 11, '2022-03-14 17:44:48', '2022-03-14 17:44:48'),
(2188, 547, 11, '2022-03-14 17:44:48', '2022-03-14 17:44:48'),
(2189, 548, 1, '2022-03-14 17:44:48', '2022-03-14 17:44:48'),
(2190, 548, 5, '2022-03-14 17:44:48', '2022-03-14 17:44:48'),
(2191, 548, 11, '2022-03-14 17:44:48', '2022-03-14 17:44:48'),
(2192, 548, 11, '2022-03-14 17:44:48', '2022-03-14 17:44:48'),
(2193, 549, 1, '2022-03-14 17:44:48', '2022-03-14 17:44:48'),
(2194, 549, 5, '2022-03-14 17:44:48', '2022-03-14 17:44:48'),
(2195, 549, 11, '2022-03-14 17:44:48', '2022-03-14 17:44:48'),
(2196, 549, 11, '2022-03-14 17:44:48', '2022-03-14 17:44:48'),
(2197, 550, 1, '2022-03-14 17:44:48', '2022-03-14 17:44:48'),
(2198, 550, 5, '2022-03-14 17:44:48', '2022-03-14 17:44:48'),
(2199, 550, 11, '2022-03-14 17:44:48', '2022-03-14 17:44:48'),
(2200, 550, 11, '2022-03-14 17:44:48', '2022-03-14 17:44:48'),
(2201, 551, 1, '2022-03-14 17:44:48', '2022-03-14 17:44:48'),
(2202, 551, 5, '2022-03-14 17:44:48', '2022-03-14 17:44:48'),
(2203, 551, 11, '2022-03-14 17:44:48', '2022-03-14 17:44:48'),
(2204, 551, 11, '2022-03-14 17:44:48', '2022-03-14 17:44:48'),
(2205, 552, 1, '2022-03-14 17:44:48', '2022-03-14 17:44:48'),
(2206, 552, 5, '2022-03-14 17:44:48', '2022-03-14 17:44:48'),
(2207, 552, 11, '2022-03-14 17:44:48', '2022-03-14 17:44:48'),
(2208, 552, 11, '2022-03-14 17:44:48', '2022-03-14 17:44:48'),
(2209, 553, 1, '2022-03-14 17:44:48', '2022-03-14 17:44:48'),
(2210, 553, 5, '2022-03-14 17:44:48', '2022-03-14 17:44:48'),
(2211, 553, 11, '2022-03-14 17:44:48', '2022-03-14 17:44:48'),
(2212, 553, 11, '2022-03-14 17:44:48', '2022-03-14 17:44:48'),
(2213, 554, 1, '2022-03-14 17:44:48', '2022-03-14 17:44:48'),
(2214, 554, 5, '2022-03-14 17:44:48', '2022-03-14 17:44:48'),
(2215, 554, 11, '2022-03-14 17:44:48', '2022-03-14 17:44:48'),
(2216, 554, 11, '2022-03-14 17:44:48', '2022-03-14 17:44:48'),
(2217, 555, 1, '2022-03-14 17:44:48', '2022-03-14 17:44:48'),
(2218, 555, 5, '2022-03-14 17:44:48', '2022-03-14 17:44:48'),
(2219, 555, 11, '2022-03-14 17:44:48', '2022-03-14 17:44:48'),
(2220, 555, 11, '2022-03-14 17:44:48', '2022-03-14 17:44:48'),
(2221, 556, 1, '2022-03-14 17:44:48', '2022-03-14 17:44:48'),
(2222, 556, 5, '2022-03-14 17:44:48', '2022-03-14 17:44:48'),
(2223, 556, 11, '2022-03-14 17:44:48', '2022-03-14 17:44:48'),
(2224, 556, 11, '2022-03-14 17:44:48', '2022-03-14 17:44:48'),
(2225, 557, 1, '2022-03-14 17:44:48', '2022-03-14 17:44:48'),
(2226, 557, 5, '2022-03-14 17:44:48', '2022-03-14 17:44:48'),
(2227, 557, 11, '2022-03-14 17:44:48', '2022-03-14 17:44:48'),
(2228, 557, 11, '2022-03-14 17:44:48', '2022-03-14 17:44:48'),
(2229, 558, 1, '2022-03-14 17:44:48', '2022-03-14 17:44:48'),
(2230, 558, 5, '2022-03-14 17:44:48', '2022-03-14 17:44:48'),
(2231, 558, 11, '2022-03-14 17:44:48', '2022-03-14 17:44:48'),
(2232, 558, 11, '2022-03-14 17:44:48', '2022-03-14 17:44:48'),
(2233, 559, 1, '2022-03-14 17:44:48', '2022-03-14 17:44:48'),
(2234, 559, 5, '2022-03-14 17:44:48', '2022-03-14 17:44:48'),
(2235, 559, 11, '2022-03-14 17:44:48', '2022-03-14 17:44:48'),
(2236, 559, 11, '2022-03-14 17:44:48', '2022-03-14 17:44:48'),
(2237, 560, 1, '2022-03-14 17:44:48', '2022-03-14 17:44:48'),
(2238, 560, 5, '2022-03-14 17:44:48', '2022-03-14 17:44:48'),
(2239, 560, 11, '2022-03-14 17:44:48', '2022-03-14 17:44:48'),
(2240, 560, 11, '2022-03-14 17:44:48', '2022-03-14 17:44:48'),
(2241, 561, 1, '2022-03-14 17:44:48', '2022-03-14 17:44:48'),
(2242, 561, 5, '2022-03-14 17:44:48', '2022-03-14 17:44:48'),
(2243, 561, 11, '2022-03-14 17:44:48', '2022-03-14 17:44:48'),
(2244, 561, 11, '2022-03-14 17:44:48', '2022-03-14 17:44:48'),
(2245, 562, 1, '2022-03-14 17:44:48', '2022-03-14 17:44:48'),
(2246, 562, 5, '2022-03-14 17:44:48', '2022-03-14 17:44:48'),
(2247, 562, 11, '2022-03-14 17:44:48', '2022-03-14 17:44:48'),
(2248, 562, 11, '2022-03-14 17:44:48', '2022-03-14 17:44:48'),
(2249, 563, 1, '2022-03-14 17:44:48', '2022-03-14 17:44:48'),
(2250, 563, 5, '2022-03-14 17:44:48', '2022-03-14 17:44:48'),
(2251, 563, 11, '2022-03-14 17:44:48', '2022-03-14 17:44:48'),
(2252, 563, 11, '2022-03-14 17:44:48', '2022-03-14 17:44:48'),
(2253, 564, 1, '2022-03-14 17:44:48', '2022-03-14 17:44:48'),
(2254, 564, 5, '2022-03-14 17:44:48', '2022-03-14 17:44:48'),
(2255, 564, 11, '2022-03-14 17:44:48', '2022-03-14 17:44:48'),
(2256, 564, 11, '2022-03-14 17:44:48', '2022-03-14 17:44:48'),
(2257, 565, 1, '2022-03-14 17:44:48', '2022-03-14 17:44:48'),
(2258, 565, 5, '2022-03-14 17:44:48', '2022-03-14 17:44:48'),
(2259, 565, 11, '2022-03-14 17:44:48', '2022-03-14 17:44:48'),
(2260, 565, 11, '2022-03-14 17:44:48', '2022-03-14 17:44:48'),
(2261, 566, 1, '2022-03-14 17:44:48', '2022-03-14 17:44:48'),
(2262, 566, 5, '2022-03-14 17:44:48', '2022-03-14 17:44:48'),
(2263, 566, 11, '2022-03-14 17:44:48', '2022-03-14 17:44:48'),
(2264, 566, 11, '2022-03-14 17:44:48', '2022-03-14 17:44:48'),
(2265, 567, 1, '2022-03-14 17:44:48', '2022-03-14 17:44:48'),
(2266, 567, 5, '2022-03-14 17:44:48', '2022-03-14 17:44:48'),
(2267, 567, 11, '2022-03-14 17:44:48', '2022-03-14 17:44:48'),
(2268, 567, 11, '2022-03-14 17:44:48', '2022-03-14 17:44:48'),
(2269, 568, 1, '2022-03-14 17:44:48', '2022-03-14 17:44:48'),
(2270, 568, 5, '2022-03-14 17:44:48', '2022-03-14 17:44:48'),
(2271, 568, 11, '2022-03-14 17:44:48', '2022-03-14 17:44:48'),
(2272, 568, 11, '2022-03-14 17:44:48', '2022-03-14 17:44:48'),
(2273, 569, 1, '2022-03-14 17:44:48', '2022-03-14 17:44:48'),
(2274, 569, 5, '2022-03-14 17:44:48', '2022-03-14 17:44:48'),
(2275, 569, 11, '2022-03-14 17:44:48', '2022-03-14 17:44:48'),
(2276, 569, 11, '2022-03-14 17:44:48', '2022-03-14 17:44:48'),
(2277, 570, 1, '2022-03-14 17:44:48', '2022-03-14 17:44:48'),
(2278, 570, 5, '2022-03-14 17:44:48', '2022-03-14 17:44:48'),
(2279, 570, 11, '2022-03-14 17:44:48', '2022-03-14 17:44:48'),
(2280, 570, 11, '2022-03-14 17:44:48', '2022-03-14 17:44:48'),
(2281, 571, 1, '2022-03-14 17:44:48', '2022-03-14 17:44:48'),
(2282, 571, 5, '2022-03-14 17:44:48', '2022-03-14 17:44:48'),
(2283, 571, 11, '2022-03-14 17:44:48', '2022-03-14 17:44:48'),
(2284, 571, 11, '2022-03-14 17:44:48', '2022-03-14 17:44:48'),
(2285, 572, 1, '2022-03-14 17:44:48', '2022-03-14 17:44:48'),
(2286, 572, 5, '2022-03-14 17:44:48', '2022-03-14 17:44:48'),
(2287, 572, 11, '2022-03-14 17:44:48', '2022-03-14 17:44:48'),
(2288, 572, 11, '2022-03-14 17:44:48', '2022-03-14 17:44:48'),
(2289, 573, 1, '2022-03-14 17:44:48', '2022-03-14 17:44:48'),
(2290, 573, 5, '2022-03-14 17:44:48', '2022-03-14 17:44:48'),
(2291, 573, 11, '2022-03-14 17:44:48', '2022-03-14 17:44:48'),
(2292, 573, 11, '2022-03-14 17:44:48', '2022-03-14 17:44:48'),
(2293, 574, 1, '2022-03-14 17:44:48', '2022-03-14 17:44:48'),
(2294, 574, 5, '2022-03-14 17:44:48', '2022-03-14 17:44:48'),
(2295, 574, 11, '2022-03-14 17:44:48', '2022-03-14 17:44:48'),
(2296, 574, 11, '2022-03-14 17:44:48', '2022-03-14 17:44:48'),
(2297, 575, 1, '2022-03-14 17:44:48', '2022-03-14 17:44:48'),
(2298, 575, 5, '2022-03-14 17:44:48', '2022-03-14 17:44:48'),
(2299, 575, 11, '2022-03-14 17:44:48', '2022-03-14 17:44:48'),
(2300, 575, 11, '2022-03-14 17:44:48', '2022-03-14 17:44:48'),
(2301, 576, 1, '2022-03-14 17:44:48', '2022-03-14 17:44:48'),
(2302, 576, 5, '2022-03-14 17:44:48', '2022-03-14 17:44:48'),
(2303, 576, 11, '2022-03-14 17:44:48', '2022-03-14 17:44:48'),
(2304, 576, 11, '2022-03-14 17:44:48', '2022-03-14 17:44:48'),
(2305, 577, 1, '2022-03-14 17:44:48', '2022-03-14 17:44:48'),
(2306, 577, 5, '2022-03-14 17:44:48', '2022-03-14 17:44:48'),
(2307, 577, 11, '2022-03-14 17:44:48', '2022-03-14 17:44:48'),
(2308, 577, 11, '2022-03-14 17:44:48', '2022-03-14 17:44:48'),
(2309, 578, 1, '2022-03-14 17:44:48', '2022-03-14 17:44:48'),
(2310, 578, 5, '2022-03-14 17:44:48', '2022-03-14 17:44:48'),
(2311, 578, 11, '2022-03-14 17:44:48', '2022-03-14 17:44:48'),
(2312, 578, 11, '2022-03-14 17:44:48', '2022-03-14 17:44:48'),
(2313, 579, 1, '2022-03-14 17:44:48', '2022-03-14 17:44:48'),
(2314, 579, 5, '2022-03-14 17:44:48', '2022-03-14 17:44:48'),
(2315, 579, 11, '2022-03-14 17:44:48', '2022-03-14 17:44:48'),
(2316, 579, 11, '2022-03-14 17:44:48', '2022-03-14 17:44:48'),
(2317, 580, 1, '2022-03-14 17:44:48', '2022-03-14 17:44:48'),
(2318, 580, 5, '2022-03-14 17:44:48', '2022-03-14 17:44:48'),
(2319, 580, 11, '2022-03-14 17:44:48', '2022-03-14 17:44:48'),
(2320, 580, 11, '2022-03-14 17:44:48', '2022-03-14 17:44:48'),
(2321, 581, 1, '2022-03-14 17:44:48', '2022-03-14 17:44:48'),
(2322, 581, 5, '2022-03-14 17:44:48', '2022-03-14 17:44:48'),
(2323, 581, 11, '2022-03-14 17:44:48', '2022-03-14 17:44:48'),
(2324, 581, 11, '2022-03-14 17:44:48', '2022-03-14 17:44:48'),
(2325, 582, 1, '2022-03-14 17:44:48', '2022-03-14 17:44:48'),
(2326, 582, 5, '2022-03-14 17:44:48', '2022-03-14 17:44:48'),
(2327, 582, 11, '2022-03-14 17:44:48', '2022-03-14 17:44:48'),
(2328, 582, 11, '2022-03-14 17:44:48', '2022-03-14 17:44:48'),
(2329, 583, 1, '2022-03-14 17:44:48', '2022-03-14 17:44:48'),
(2330, 583, 5, '2022-03-14 17:44:48', '2022-03-14 17:44:48'),
(2331, 583, 11, '2022-03-14 17:44:48', '2022-03-14 17:44:48'),
(2332, 583, 11, '2022-03-14 17:44:48', '2022-03-14 17:44:48'),
(2333, 584, 1, '2022-03-14 17:44:48', '2022-03-14 17:44:48'),
(2334, 584, 5, '2022-03-14 17:44:48', '2022-03-14 17:44:48'),
(2335, 584, 11, '2022-03-14 17:44:48', '2022-03-14 17:44:48'),
(2336, 584, 11, '2022-03-14 17:44:48', '2022-03-14 17:44:48'),
(2337, 585, 1, '2022-03-14 17:44:48', '2022-03-14 17:44:48'),
(2338, 585, 5, '2022-03-14 17:44:48', '2022-03-14 17:44:48'),
(2339, 585, 11, '2022-03-14 17:44:48', '2022-03-14 17:44:48'),
(2340, 585, 11, '2022-03-14 17:44:48', '2022-03-14 17:44:48'),
(2341, 586, 1, '2022-03-14 17:44:48', '2022-03-14 17:44:48'),
(2342, 586, 5, '2022-03-14 17:44:48', '2022-03-14 17:44:48'),
(2343, 586, 11, '2022-03-14 17:44:48', '2022-03-14 17:44:48'),
(2344, 586, 11, '2022-03-14 17:44:48', '2022-03-14 17:44:48'),
(2345, 587, 1, '2022-03-14 17:44:48', '2022-03-14 17:44:48'),
(2346, 587, 5, '2022-03-14 17:44:48', '2022-03-14 17:44:48'),
(2347, 587, 11, '2022-03-14 17:44:48', '2022-03-14 17:44:48'),
(2348, 587, 11, '2022-03-14 17:44:48', '2022-03-14 17:44:48'),
(2349, 588, 1, '2022-03-14 17:44:48', '2022-03-14 17:44:48'),
(2350, 588, 5, '2022-03-14 17:44:48', '2022-03-14 17:44:48'),
(2351, 588, 11, '2022-03-14 17:44:48', '2022-03-14 17:44:48'),
(2352, 588, 11, '2022-03-14 17:44:48', '2022-03-14 17:44:48'),
(2353, 589, 1, '2022-03-14 17:44:48', '2022-03-14 17:44:48'),
(2354, 589, 5, '2022-03-14 17:44:48', '2022-03-14 17:44:48'),
(2355, 589, 11, '2022-03-14 17:44:48', '2022-03-14 17:44:48'),
(2356, 589, 11, '2022-03-14 17:44:48', '2022-03-14 17:44:48'),
(2357, 590, 1, '2022-03-14 17:44:48', '2022-03-14 17:44:48'),
(2358, 590, 5, '2022-03-14 17:44:48', '2022-03-14 17:44:48'),
(2359, 590, 11, '2022-03-14 17:44:48', '2022-03-14 17:44:48'),
(2360, 590, 11, '2022-03-14 17:44:48', '2022-03-14 17:44:48'),
(2361, 591, 1, '2022-03-14 17:44:48', '2022-03-14 17:44:48'),
(2362, 591, 5, '2022-03-14 17:44:48', '2022-03-14 17:44:48'),
(2363, 591, 11, '2022-03-14 17:44:48', '2022-03-14 17:44:48'),
(2364, 591, 11, '2022-03-14 17:44:48', '2022-03-14 17:44:48'),
(2365, 592, 1, '2022-03-14 17:44:48', '2022-03-14 17:44:48'),
(2366, 592, 5, '2022-03-14 17:44:48', '2022-03-14 17:44:48'),
(2367, 592, 11, '2022-03-14 17:44:48', '2022-03-14 17:44:48'),
(2368, 592, 11, '2022-03-14 17:44:48', '2022-03-14 17:44:48'),
(2369, 593, 1, '2022-03-14 17:44:48', '2022-03-14 17:44:48'),
(2370, 593, 5, '2022-03-14 17:44:48', '2022-03-14 17:44:48'),
(2371, 593, 11, '2022-03-14 17:44:48', '2022-03-14 17:44:48'),
(2372, 593, 11, '2022-03-14 17:44:48', '2022-03-14 17:44:48'),
(2373, 594, 1, '2022-03-14 17:44:48', '2022-03-14 17:44:48'),
(2374, 594, 5, '2022-03-14 17:44:48', '2022-03-14 17:44:48'),
(2375, 594, 11, '2022-03-14 17:44:48', '2022-03-14 17:44:48'),
(2376, 594, 11, '2022-03-14 17:44:48', '2022-03-14 17:44:48'),
(2377, 595, 1, '2022-03-14 17:44:48', '2022-03-14 17:44:48'),
(2378, 595, 5, '2022-03-14 17:44:48', '2022-03-14 17:44:48'),
(2379, 595, 11, '2022-03-14 17:44:48', '2022-03-14 17:44:48'),
(2380, 595, 11, '2022-03-14 17:44:48', '2022-03-14 17:44:48'),
(2381, 596, 1, '2022-03-14 17:44:48', '2022-03-14 17:44:48'),
(2382, 596, 5, '2022-03-14 17:44:48', '2022-03-14 17:44:48'),
(2383, 596, 11, '2022-03-14 17:44:48', '2022-03-14 17:44:48'),
(2384, 596, 11, '2022-03-14 17:44:48', '2022-03-14 17:44:48'),
(2385, 597, 1, '2022-03-14 17:44:48', '2022-03-14 17:44:48'),
(2386, 597, 5, '2022-03-14 17:44:48', '2022-03-14 17:44:48'),
(2387, 597, 11, '2022-03-14 17:44:48', '2022-03-14 17:44:48'),
(2388, 597, 11, '2022-03-14 17:44:48', '2022-03-14 17:44:48'),
(2389, 598, 1, '2022-03-14 17:44:48', '2022-03-14 17:44:48'),
(2390, 598, 5, '2022-03-14 17:44:48', '2022-03-14 17:44:48'),
(2391, 598, 11, '2022-03-14 17:44:48', '2022-03-14 17:44:48'),
(2392, 598, 11, '2022-03-14 17:44:48', '2022-03-14 17:44:48'),
(2393, 599, 1, '2022-03-14 17:44:48', '2022-03-14 17:44:48'),
(2394, 599, 5, '2022-03-14 17:44:48', '2022-03-14 17:44:48'),
(2395, 599, 11, '2022-03-14 17:44:48', '2022-03-14 17:44:48'),
(2396, 599, 11, '2022-03-14 17:44:48', '2022-03-14 17:44:48'),
(2397, 600, 1, '2022-03-14 17:44:48', '2022-03-14 17:44:48'),
(2398, 600, 5, '2022-03-14 17:44:48', '2022-03-14 17:44:48'),
(2399, 600, 11, '2022-03-14 17:44:48', '2022-03-14 17:44:48'),
(2400, 600, 11, '2022-03-14 17:44:48', '2022-03-14 17:44:48'),
(2401, 601, 1, '2022-03-14 17:44:48', '2022-03-14 17:44:48'),
(2402, 601, 5, '2022-03-14 17:44:48', '2022-03-14 17:44:48'),
(2403, 601, 11, '2022-03-14 17:44:48', '2022-03-14 17:44:48'),
(2404, 601, 11, '2022-03-14 17:44:48', '2022-03-14 17:44:48'),
(2405, 602, 1, '2022-03-14 17:44:48', '2022-03-14 17:44:48'),
(2406, 602, 5, '2022-03-14 17:44:48', '2022-03-14 17:44:48'),
(2407, 602, 11, '2022-03-14 17:44:48', '2022-03-14 17:44:48'),
(2408, 602, 11, '2022-03-14 17:44:48', '2022-03-14 17:44:48'),
(2409, 603, 1, '2022-03-14 17:44:48', '2022-03-14 17:44:48'),
(2410, 603, 5, '2022-03-14 17:44:48', '2022-03-14 17:44:48'),
(2411, 603, 11, '2022-03-14 17:44:48', '2022-03-14 17:44:48'),
(2412, 603, 11, '2022-03-14 17:44:48', '2022-03-14 17:44:48'),
(2413, 604, 1, '2022-03-14 17:44:48', '2022-03-14 17:44:48'),
(2414, 604, 5, '2022-03-14 17:44:48', '2022-03-14 17:44:48'),
(2415, 604, 11, '2022-03-14 17:44:48', '2022-03-14 17:44:48'),
(2416, 604, 11, '2022-03-14 17:44:48', '2022-03-14 17:44:48'),
(2417, 605, 1, '2022-03-14 17:44:48', '2022-03-14 17:44:48'),
(2418, 605, 5, '2022-03-14 17:44:48', '2022-03-14 17:44:48'),
(2419, 605, 11, '2022-03-14 17:44:48', '2022-03-14 17:44:48'),
(2420, 605, 11, '2022-03-14 17:44:48', '2022-03-14 17:44:48'),
(2421, 606, 1, '2022-03-14 17:44:48', '2022-03-14 17:44:48'),
(2422, 606, 5, '2022-03-14 17:44:48', '2022-03-14 17:44:48'),
(2423, 606, 11, '2022-03-14 17:44:48', '2022-03-14 17:44:48'),
(2424, 606, 11, '2022-03-14 17:44:48', '2022-03-14 17:44:48'),
(2425, 607, 1, '2022-03-14 17:44:48', '2022-03-14 17:44:48'),
(2426, 607, 5, '2022-03-14 17:44:48', '2022-03-14 17:44:48'),
(2427, 607, 11, '2022-03-14 17:44:48', '2022-03-14 17:44:48'),
(2428, 607, 11, '2022-03-14 17:44:48', '2022-03-14 17:44:48'),
(2429, 608, 1, '2022-03-14 17:44:48', '2022-03-14 17:44:48'),
(2430, 608, 5, '2022-03-14 17:44:48', '2022-03-14 17:44:48'),
(2431, 608, 11, '2022-03-14 17:44:48', '2022-03-14 17:44:48'),
(2432, 608, 11, '2022-03-14 17:44:48', '2022-03-14 17:44:48'),
(2433, 609, 1, '2022-03-14 17:44:48', '2022-03-14 17:44:48'),
(2434, 609, 5, '2022-03-14 17:44:48', '2022-03-14 17:44:48'),
(2435, 609, 11, '2022-03-14 17:44:48', '2022-03-14 17:44:48'),
(2436, 609, 11, '2022-03-14 17:44:48', '2022-03-14 17:44:48'),
(2437, 610, 1, '2022-03-14 17:44:48', '2022-03-14 17:44:48'),
(2438, 610, 5, '2022-03-14 17:44:48', '2022-03-14 17:44:48'),
(2439, 610, 11, '2022-03-14 17:44:48', '2022-03-14 17:44:48'),
(2440, 610, 11, '2022-03-14 17:44:48', '2022-03-14 17:44:48'),
(2441, 611, 1, '2022-03-14 17:44:48', '2022-03-14 17:44:48'),
(2442, 611, 5, '2022-03-14 17:44:48', '2022-03-14 17:44:48'),
(2443, 611, 11, '2022-03-14 17:44:48', '2022-03-14 17:44:48'),
(2444, 611, 11, '2022-03-14 17:44:48', '2022-03-14 17:44:48'),
(2445, 612, 1, '2022-03-14 17:44:48', '2022-03-14 17:44:48'),
(2446, 612, 5, '2022-03-14 17:44:48', '2022-03-14 17:44:48'),
(2447, 612, 11, '2022-03-14 17:44:48', '2022-03-14 17:44:48'),
(2448, 612, 11, '2022-03-14 17:44:48', '2022-03-14 17:44:48'),
(2449, 613, 1, '2022-03-14 17:44:48', '2022-03-14 17:44:48'),
(2450, 613, 5, '2022-03-14 17:44:48', '2022-03-14 17:44:48'),
(2451, 613, 11, '2022-03-14 17:44:48', '2022-03-14 17:44:48'),
(2452, 613, 11, '2022-03-14 17:44:48', '2022-03-14 17:44:48'),
(2453, 614, 1, '2022-03-14 17:44:48', '2022-03-14 17:44:48'),
(2454, 614, 5, '2022-03-14 17:44:48', '2022-03-14 17:44:48'),
(2455, 614, 11, '2022-03-14 17:44:48', '2022-03-14 17:44:48'),
(2456, 614, 11, '2022-03-14 17:44:48', '2022-03-14 17:44:48'),
(2457, 615, 1, '2022-03-14 17:44:48', '2022-03-14 17:44:48'),
(2458, 615, 5, '2022-03-14 17:44:48', '2022-03-14 17:44:48'),
(2459, 615, 11, '2022-03-14 17:44:48', '2022-03-14 17:44:48'),
(2460, 615, 11, '2022-03-14 17:44:48', '2022-03-14 17:44:48'),
(2461, 616, 1, '2022-03-14 17:44:48', '2022-03-14 17:44:48'),
(2462, 616, 5, '2022-03-14 17:44:48', '2022-03-14 17:44:48'),
(2463, 616, 11, '2022-03-14 17:44:48', '2022-03-14 17:44:48'),
(2464, 616, 11, '2022-03-14 17:44:48', '2022-03-14 17:44:48'),
(2465, 617, 1, '2022-03-14 17:44:48', '2022-03-14 17:44:48'),
(2466, 617, 5, '2022-03-14 17:44:48', '2022-03-14 17:44:48'),
(2467, 617, 11, '2022-03-14 17:44:48', '2022-03-14 17:44:48'),
(2468, 617, 11, '2022-03-14 17:44:48', '2022-03-14 17:44:48'),
(2469, 618, 1, '2022-03-14 17:44:48', '2022-03-14 17:44:48'),
(2470, 618, 5, '2022-03-14 17:44:48', '2022-03-14 17:44:48'),
(2471, 618, 11, '2022-03-14 17:44:48', '2022-03-14 17:44:48'),
(2472, 618, 11, '2022-03-14 17:44:48', '2022-03-14 17:44:48'),
(2473, 619, 1, '2022-03-14 17:44:48', '2022-03-14 17:44:48'),
(2474, 619, 5, '2022-03-14 17:44:48', '2022-03-14 17:44:48'),
(2475, 619, 11, '2022-03-14 17:44:48', '2022-03-14 17:44:48'),
(2476, 619, 11, '2022-03-14 17:44:48', '2022-03-14 17:44:48'),
(2477, 620, 1, '2022-03-14 17:44:48', '2022-03-14 17:44:48'),
(2478, 620, 5, '2022-03-14 17:44:48', '2022-03-14 17:44:48'),
(2479, 620, 11, '2022-03-14 17:44:48', '2022-03-14 17:44:48'),
(2480, 620, 11, '2022-03-14 17:44:48', '2022-03-14 17:44:48'),
(2481, 621, 1, '2022-03-14 17:44:48', '2022-03-14 17:44:48'),
(2482, 621, 5, '2022-03-14 17:44:48', '2022-03-14 17:44:48'),
(2483, 621, 11, '2022-03-14 17:44:48', '2022-03-14 17:44:48'),
(2484, 621, 11, '2022-03-14 17:44:48', '2022-03-14 17:44:48'),
(2485, 622, 1, '2022-03-14 17:44:48', '2022-03-14 17:44:48'),
(2486, 622, 5, '2022-03-14 17:44:48', '2022-03-14 17:44:48'),
(2487, 622, 11, '2022-03-14 17:44:48', '2022-03-14 17:44:48'),
(2488, 622, 11, '2022-03-14 17:44:48', '2022-03-14 17:44:48'),
(2489, 623, 1, '2022-03-14 17:44:48', '2022-03-14 17:44:48'),
(2490, 623, 5, '2022-03-14 17:44:48', '2022-03-14 17:44:48'),
(2491, 623, 11, '2022-03-14 17:44:48', '2022-03-14 17:44:48'),
(2492, 623, 11, '2022-03-14 17:44:48', '2022-03-14 17:44:48'),
(2493, 624, 1, '2022-03-14 17:44:48', '2022-03-14 17:44:48'),
(2494, 624, 5, '2022-03-14 17:44:48', '2022-03-14 17:44:48'),
(2495, 624, 11, '2022-03-14 17:44:48', '2022-03-14 17:44:48'),
(2496, 624, 11, '2022-03-14 17:44:48', '2022-03-14 17:44:48'),
(2497, 625, 1, '2022-03-14 17:44:48', '2022-03-14 17:44:48'),
(2498, 625, 5, '2022-03-14 17:44:48', '2022-03-14 17:44:48');
INSERT INTO `resuimpas` (`id`, `motiresu_id`, `impanive_id`, `created_at`, `updated_at`) VALUES
(2499, 625, 11, '2022-03-14 17:44:48', '2022-03-14 17:44:48'),
(2500, 625, 11, '2022-03-14 17:44:48', '2022-03-14 17:44:48'),
(2501, 626, 1, '2022-03-14 17:44:48', '2022-03-14 17:44:48'),
(2502, 626, 5, '2022-03-14 17:44:48', '2022-03-14 17:44:48'),
(2503, 626, 11, '2022-03-14 17:44:48', '2022-03-14 17:44:48'),
(2504, 626, 11, '2022-03-14 17:44:48', '2022-03-14 17:44:48'),
(2505, 627, 1, '2022-03-14 17:44:48', '2022-03-14 17:44:48'),
(2506, 627, 5, '2022-03-14 17:44:48', '2022-03-14 17:44:48'),
(2507, 627, 11, '2022-03-14 17:44:48', '2022-03-14 17:44:48'),
(2508, 627, 11, '2022-03-14 17:44:48', '2022-03-14 17:44:48'),
(2509, 628, 1, '2022-03-14 17:44:48', '2022-03-14 17:44:48'),
(2510, 628, 5, '2022-03-14 17:44:48', '2022-03-14 17:44:48'),
(2511, 628, 11, '2022-03-14 17:44:48', '2022-03-14 17:44:48'),
(2512, 628, 11, '2022-03-14 17:44:48', '2022-03-14 17:44:48'),
(2513, 629, 1, '2022-03-14 17:44:48', '2022-03-14 17:44:48'),
(2514, 629, 5, '2022-03-14 17:44:48', '2022-03-14 17:44:48'),
(2515, 629, 11, '2022-03-14 17:44:48', '2022-03-14 17:44:48'),
(2516, 629, 11, '2022-03-14 17:44:48', '2022-03-14 17:44:48'),
(2517, 630, 1, '2022-03-14 17:44:48', '2022-03-14 17:44:48'),
(2518, 630, 5, '2022-03-14 17:44:48', '2022-03-14 17:44:48'),
(2519, 630, 11, '2022-03-14 17:44:48', '2022-03-14 17:44:48'),
(2520, 630, 11, '2022-03-14 17:44:48', '2022-03-14 17:44:48'),
(2521, 631, 1, '2022-03-14 17:44:48', '2022-03-14 17:44:48'),
(2522, 631, 5, '2022-03-14 17:44:48', '2022-03-14 17:44:48'),
(2523, 631, 11, '2022-03-14 17:44:48', '2022-03-14 17:44:48'),
(2524, 631, 11, '2022-03-14 17:44:48', '2022-03-14 17:44:48'),
(2525, 632, 1, '2022-03-14 17:44:48', '2022-03-14 17:44:48'),
(2526, 632, 5, '2022-03-14 17:44:48', '2022-03-14 17:44:48'),
(2527, 632, 11, '2022-03-14 17:44:48', '2022-03-14 17:44:48'),
(2528, 632, 11, '2022-03-14 17:44:48', '2022-03-14 17:44:48'),
(2529, 633, 1, '2022-03-14 17:44:48', '2022-03-14 17:44:48'),
(2530, 633, 5, '2022-03-14 17:44:48', '2022-03-14 17:44:48'),
(2531, 633, 11, '2022-03-14 17:44:48', '2022-03-14 17:44:48'),
(2532, 633, 11, '2022-03-14 17:44:48', '2022-03-14 17:44:48'),
(2533, 634, 1, '2022-03-14 17:44:48', '2022-03-14 17:44:48'),
(2534, 634, 5, '2022-03-14 17:44:48', '2022-03-14 17:44:48'),
(2535, 634, 11, '2022-03-14 17:44:48', '2022-03-14 17:44:48'),
(2536, 634, 11, '2022-03-14 17:44:48', '2022-03-14 17:44:48'),
(2537, 635, 1, '2022-03-14 17:44:48', '2022-03-14 17:44:48'),
(2538, 635, 5, '2022-03-14 17:44:48', '2022-03-14 17:44:48'),
(2539, 635, 11, '2022-03-14 17:44:48', '2022-03-14 17:44:48'),
(2540, 635, 11, '2022-03-14 17:44:48', '2022-03-14 17:44:48'),
(2541, 636, 1, '2022-03-14 17:44:48', '2022-03-14 17:44:48'),
(2542, 636, 5, '2022-03-14 17:44:48', '2022-03-14 17:44:48'),
(2543, 636, 11, '2022-03-14 17:44:48', '2022-03-14 17:44:48'),
(2544, 636, 11, '2022-03-14 17:44:48', '2022-03-14 17:44:48'),
(2545, 637, 1, '2022-03-14 17:44:48', '2022-03-14 17:44:48'),
(2546, 637, 5, '2022-03-14 17:44:48', '2022-03-14 17:44:48'),
(2547, 637, 11, '2022-03-14 17:44:48', '2022-03-14 17:44:48'),
(2548, 637, 11, '2022-03-14 17:44:48', '2022-03-14 17:44:48'),
(2549, 638, 1, '2022-03-14 17:44:48', '2022-03-14 17:44:48'),
(2550, 638, 5, '2022-03-14 17:44:48', '2022-03-14 17:44:48'),
(2551, 638, 11, '2022-03-14 17:44:48', '2022-03-14 17:44:48'),
(2552, 638, 11, '2022-03-14 17:44:48', '2022-03-14 17:44:48'),
(2553, 639, 1, '2022-03-14 17:44:48', '2022-03-14 17:44:48'),
(2554, 639, 5, '2022-03-14 17:44:48', '2022-03-14 17:44:48'),
(2555, 639, 11, '2022-03-14 17:44:48', '2022-03-14 17:44:48'),
(2556, 639, 11, '2022-03-14 17:44:48', '2022-03-14 17:44:48'),
(2557, 640, 1, '2022-03-14 17:44:48', '2022-03-14 17:44:48'),
(2558, 640, 5, '2022-03-14 17:44:48', '2022-03-14 17:44:48'),
(2559, 640, 11, '2022-03-14 17:44:48', '2022-03-14 17:44:48'),
(2560, 640, 11, '2022-03-14 17:44:48', '2022-03-14 17:44:48'),
(2561, 641, 1, '2022-03-14 17:44:48', '2022-03-14 17:44:48'),
(2562, 641, 5, '2022-03-14 17:44:48', '2022-03-14 17:44:48'),
(2563, 641, 11, '2022-03-14 17:44:48', '2022-03-14 17:44:48'),
(2564, 641, 11, '2022-03-14 17:44:48', '2022-03-14 17:44:48'),
(2565, 642, 1, '2022-03-14 17:44:48', '2022-03-14 17:44:48'),
(2566, 642, 5, '2022-03-14 17:44:48', '2022-03-14 17:44:48'),
(2567, 642, 11, '2022-03-14 17:44:48', '2022-03-14 17:44:48'),
(2568, 642, 11, '2022-03-14 17:44:48', '2022-03-14 17:44:48'),
(2569, 643, 1, '2022-03-14 17:44:48', '2022-03-14 17:44:48'),
(2570, 643, 5, '2022-03-14 17:44:48', '2022-03-14 17:44:48'),
(2571, 643, 11, '2022-03-14 17:44:48', '2022-03-14 17:44:48'),
(2572, 643, 11, '2022-03-14 17:44:48', '2022-03-14 17:44:48'),
(2573, 644, 1, '2022-03-14 17:44:48', '2022-03-14 17:44:48'),
(2574, 644, 5, '2022-03-14 17:44:48', '2022-03-14 17:44:48'),
(2575, 644, 11, '2022-03-14 17:44:48', '2022-03-14 17:44:48'),
(2576, 644, 11, '2022-03-14 17:44:48', '2022-03-14 17:44:48'),
(2577, 645, 1, '2022-03-14 17:44:48', '2022-03-14 17:44:48'),
(2578, 645, 5, '2022-03-14 17:44:48', '2022-03-14 17:44:48'),
(2579, 645, 11, '2022-03-14 17:44:48', '2022-03-14 17:44:48'),
(2580, 645, 11, '2022-03-14 17:44:48', '2022-03-14 17:44:48'),
(2581, 646, 1, '2022-03-14 17:44:48', '2022-03-14 17:44:48'),
(2582, 646, 5, '2022-03-14 17:44:48', '2022-03-14 17:44:48'),
(2583, 646, 11, '2022-03-14 17:44:48', '2022-03-14 17:44:48'),
(2584, 646, 11, '2022-03-14 17:44:48', '2022-03-14 17:44:48'),
(2585, 647, 1, '2022-03-14 17:44:48', '2022-03-14 17:44:48'),
(2586, 647, 5, '2022-03-14 17:44:48', '2022-03-14 17:44:48'),
(2587, 647, 11, '2022-03-14 17:44:48', '2022-03-14 17:44:48'),
(2588, 647, 11, '2022-03-14 17:44:48', '2022-03-14 17:44:48'),
(2589, 648, 1, '2022-03-14 17:44:48', '2022-03-14 17:44:48'),
(2590, 648, 5, '2022-03-14 17:44:48', '2022-03-14 17:44:48'),
(2591, 648, 11, '2022-03-14 17:44:48', '2022-03-14 17:44:48'),
(2592, 648, 11, '2022-03-14 17:44:48', '2022-03-14 17:44:48'),
(2593, 649, 1, '2022-03-14 17:44:48', '2022-03-14 17:44:48'),
(2594, 649, 5, '2022-03-14 17:44:48', '2022-03-14 17:44:48'),
(2595, 649, 11, '2022-03-14 17:44:48', '2022-03-14 17:44:48'),
(2596, 649, 11, '2022-03-14 17:44:48', '2022-03-14 17:44:48'),
(2597, 650, 1, '2022-03-14 17:44:48', '2022-03-14 17:44:48'),
(2598, 650, 5, '2022-03-14 17:44:48', '2022-03-14 17:44:48'),
(2599, 650, 11, '2022-03-14 17:44:48', '2022-03-14 17:44:48'),
(2600, 650, 11, '2022-03-14 17:44:48', '2022-03-14 17:44:48'),
(2601, 651, 1, '2022-03-14 17:44:48', '2022-03-14 17:44:48'),
(2602, 651, 5, '2022-03-14 17:44:48', '2022-03-14 17:44:48'),
(2603, 651, 11, '2022-03-14 17:44:48', '2022-03-14 17:44:48'),
(2604, 651, 11, '2022-03-14 17:44:48', '2022-03-14 17:44:48'),
(2605, 652, 1, '2022-03-14 17:44:48', '2022-03-14 17:44:48'),
(2606, 652, 5, '2022-03-14 17:44:48', '2022-03-14 17:44:48'),
(2607, 652, 11, '2022-03-14 17:44:48', '2022-03-14 17:44:48'),
(2608, 652, 11, '2022-03-14 17:44:48', '2022-03-14 17:44:48'),
(2609, 653, 1, '2022-03-14 17:44:48', '2022-03-14 17:44:48'),
(2610, 653, 5, '2022-03-14 17:44:48', '2022-03-14 17:44:48'),
(2611, 653, 11, '2022-03-14 17:44:48', '2022-03-14 17:44:48'),
(2612, 653, 11, '2022-03-14 17:44:48', '2022-03-14 17:44:48'),
(2613, 654, 1, '2022-03-14 17:44:48', '2022-03-14 17:44:48'),
(2614, 654, 5, '2022-03-14 17:44:48', '2022-03-14 17:44:48'),
(2615, 654, 11, '2022-03-14 17:44:48', '2022-03-14 17:44:48'),
(2616, 654, 11, '2022-03-14 17:44:48', '2022-03-14 17:44:48'),
(2617, 655, 1, '2022-03-14 17:44:48', '2022-03-14 17:44:48'),
(2618, 655, 5, '2022-03-14 17:44:48', '2022-03-14 17:44:48'),
(2619, 655, 11, '2022-03-14 17:44:48', '2022-03-14 17:44:48'),
(2620, 655, 11, '2022-03-14 17:44:48', '2022-03-14 17:44:48'),
(2621, 656, 1, '2022-03-14 17:44:48', '2022-03-14 17:44:48'),
(2622, 656, 5, '2022-03-14 17:44:48', '2022-03-14 17:44:48'),
(2623, 656, 11, '2022-03-14 17:44:48', '2022-03-14 17:44:48'),
(2624, 656, 11, '2022-03-14 17:44:48', '2022-03-14 17:44:48'),
(2625, 657, 1, '2022-03-14 17:44:48', '2022-03-14 17:44:48'),
(2626, 657, 5, '2022-03-14 17:44:48', '2022-03-14 17:44:48'),
(2627, 657, 11, '2022-03-14 17:44:48', '2022-03-14 17:44:48'),
(2628, 657, 11, '2022-03-14 17:44:48', '2022-03-14 17:44:48'),
(2629, 658, 1, '2022-03-14 17:44:48', '2022-03-14 17:44:48'),
(2630, 658, 5, '2022-03-14 17:44:48', '2022-03-14 17:44:48'),
(2631, 658, 11, '2022-03-14 17:44:48', '2022-03-14 17:44:48'),
(2632, 658, 11, '2022-03-14 17:44:48', '2022-03-14 17:44:48'),
(2633, 659, 1, '2022-03-14 17:44:48', '2022-03-14 17:44:48'),
(2634, 659, 5, '2022-03-14 17:44:48', '2022-03-14 17:44:48'),
(2635, 659, 11, '2022-03-14 17:44:48', '2022-03-14 17:44:48'),
(2636, 659, 11, '2022-03-14 17:44:48', '2022-03-14 17:44:48'),
(2637, 660, 1, '2022-03-14 17:44:48', '2022-03-14 17:44:48'),
(2638, 660, 5, '2022-03-14 17:44:48', '2022-03-14 17:44:48'),
(2639, 660, 11, '2022-03-14 17:44:48', '2022-03-14 17:44:48'),
(2640, 660, 11, '2022-03-14 17:44:48', '2022-03-14 17:44:48'),
(2641, 661, 1, '2022-03-14 17:44:48', '2022-03-14 17:44:48'),
(2642, 661, 5, '2022-03-14 17:44:48', '2022-03-14 17:44:48'),
(2643, 661, 11, '2022-03-14 17:44:48', '2022-03-14 17:44:48'),
(2644, 661, 11, '2022-03-14 17:44:48', '2022-03-14 17:44:48'),
(2645, 662, 1, '2022-03-14 17:44:48', '2022-03-14 17:44:48'),
(2646, 662, 5, '2022-03-14 17:44:48', '2022-03-14 17:44:48'),
(2647, 662, 11, '2022-03-14 17:44:48', '2022-03-14 17:44:48'),
(2648, 662, 11, '2022-03-14 17:44:48', '2022-03-14 17:44:48'),
(2649, 663, 1, '2022-03-14 17:44:48', '2022-03-14 17:44:48'),
(2650, 663, 5, '2022-03-14 17:44:48', '2022-03-14 17:44:48'),
(2651, 663, 11, '2022-03-14 17:44:48', '2022-03-14 17:44:48'),
(2652, 663, 11, '2022-03-14 17:44:48', '2022-03-14 17:44:48'),
(2653, 664, 1, '2022-03-14 17:44:48', '2022-03-14 17:44:48'),
(2654, 664, 5, '2022-03-14 17:44:48', '2022-03-14 17:44:48'),
(2655, 664, 11, '2022-03-14 17:44:48', '2022-03-14 17:44:48'),
(2656, 664, 11, '2022-03-14 17:44:48', '2022-03-14 17:44:48'),
(2657, 665, 1, '2022-03-14 17:44:48', '2022-03-14 17:44:48'),
(2658, 665, 5, '2022-03-14 17:44:48', '2022-03-14 17:44:48'),
(2659, 665, 11, '2022-03-14 17:44:48', '2022-03-14 17:44:48'),
(2660, 665, 11, '2022-03-14 17:44:48', '2022-03-14 17:44:48'),
(2661, 666, 1, '2022-03-14 17:44:48', '2022-03-14 17:44:48'),
(2662, 666, 5, '2022-03-14 17:44:48', '2022-03-14 17:44:48'),
(2663, 666, 11, '2022-03-14 17:44:48', '2022-03-14 17:44:48'),
(2664, 666, 11, '2022-03-14 17:44:48', '2022-03-14 17:44:48'),
(2665, 667, 1, '2022-03-14 17:44:48', '2022-03-14 17:44:48'),
(2666, 667, 5, '2022-03-14 17:44:48', '2022-03-14 17:44:48'),
(2667, 667, 11, '2022-03-14 17:44:48', '2022-03-14 17:44:48'),
(2668, 667, 11, '2022-03-14 17:44:48', '2022-03-14 17:44:48'),
(2669, 668, 1, '2022-03-14 17:44:48', '2022-03-14 17:44:48'),
(2670, 668, 5, '2022-03-14 17:44:48', '2022-03-14 17:44:48'),
(2671, 668, 11, '2022-03-14 17:44:48', '2022-03-14 17:44:48'),
(2672, 668, 11, '2022-03-14 17:44:48', '2022-03-14 17:44:48'),
(2673, 669, 1, '2022-03-14 17:44:48', '2022-03-14 17:44:48'),
(2674, 669, 5, '2022-03-14 17:44:48', '2022-03-14 17:44:48'),
(2675, 669, 11, '2022-03-14 17:44:48', '2022-03-14 17:44:48'),
(2676, 669, 11, '2022-03-14 17:44:48', '2022-03-14 17:44:48'),
(2677, 670, 1, '2022-03-14 17:44:48', '2022-03-14 17:44:48'),
(2678, 670, 5, '2022-03-14 17:44:48', '2022-03-14 17:44:48'),
(2679, 670, 11, '2022-03-14 17:44:48', '2022-03-14 17:44:48'),
(2680, 670, 11, '2022-03-14 17:44:48', '2022-03-14 17:44:48'),
(2681, 671, 1, '2022-03-14 17:44:48', '2022-03-14 17:44:48'),
(2682, 671, 5, '2022-03-14 17:44:48', '2022-03-14 17:44:48'),
(2683, 671, 11, '2022-03-14 17:44:48', '2022-03-14 17:44:48'),
(2684, 671, 11, '2022-03-14 17:44:48', '2022-03-14 17:44:48'),
(2685, 672, 1, '2022-03-14 17:44:48', '2022-03-14 17:44:48'),
(2686, 672, 5, '2022-03-14 17:44:48', '2022-03-14 17:44:48'),
(2687, 672, 11, '2022-03-14 17:44:48', '2022-03-14 17:44:48'),
(2688, 672, 11, '2022-03-14 17:44:48', '2022-03-14 17:44:48'),
(2689, 673, 1, '2022-03-14 17:44:48', '2022-03-14 17:44:48'),
(2690, 673, 5, '2022-03-14 17:44:48', '2022-03-14 17:44:48'),
(2691, 673, 11, '2022-03-14 17:44:48', '2022-03-14 17:44:48'),
(2692, 673, 11, '2022-03-14 17:44:48', '2022-03-14 17:44:48'),
(2693, 674, 1, '2022-03-14 17:44:48', '2022-03-14 17:44:48'),
(2694, 674, 5, '2022-03-14 17:44:48', '2022-03-14 17:44:48'),
(2695, 674, 11, '2022-03-14 17:44:48', '2022-03-14 17:44:48'),
(2696, 674, 11, '2022-03-14 17:44:48', '2022-03-14 17:44:48'),
(2697, 675, 1, '2022-03-14 17:44:48', '2022-03-14 17:44:48'),
(2698, 675, 5, '2022-03-14 17:44:48', '2022-03-14 17:44:48'),
(2699, 675, 11, '2022-03-14 17:44:48', '2022-03-14 17:44:48'),
(2700, 675, 11, '2022-03-14 17:44:48', '2022-03-14 17:44:48'),
(2701, 676, 1, '2022-03-14 17:44:48', '2022-03-14 17:44:48'),
(2702, 676, 5, '2022-03-14 17:44:48', '2022-03-14 17:44:48'),
(2703, 676, 11, '2022-03-14 17:44:48', '2022-03-14 17:44:48'),
(2704, 676, 11, '2022-03-14 17:44:48', '2022-03-14 17:44:48'),
(2705, 677, 1, '2022-03-14 17:44:48', '2022-03-14 17:44:48'),
(2706, 677, 5, '2022-03-14 17:44:48', '2022-03-14 17:44:48'),
(2707, 677, 11, '2022-03-14 17:44:48', '2022-03-14 17:44:48'),
(2708, 677, 11, '2022-03-14 17:44:48', '2022-03-14 17:44:48'),
(2709, 678, 1, '2022-03-14 17:44:48', '2022-03-14 17:44:48'),
(2710, 678, 5, '2022-03-14 17:44:48', '2022-03-14 17:44:48'),
(2711, 678, 11, '2022-03-14 17:44:48', '2022-03-14 17:44:48'),
(2712, 678, 11, '2022-03-14 17:44:48', '2022-03-14 17:44:48'),
(2713, 679, 1, '2022-03-14 17:44:48', '2022-03-14 17:44:48'),
(2714, 679, 5, '2022-03-14 17:44:48', '2022-03-14 17:44:48'),
(2715, 679, 11, '2022-03-14 17:44:48', '2022-03-14 17:44:48'),
(2716, 679, 11, '2022-03-14 17:44:48', '2022-03-14 17:44:48'),
(2717, 680, 1, '2022-03-14 17:44:48', '2022-03-14 17:44:48'),
(2718, 680, 5, '2022-03-14 17:44:48', '2022-03-14 17:44:48'),
(2719, 680, 11, '2022-03-14 17:44:48', '2022-03-14 17:44:48'),
(2720, 680, 11, '2022-03-14 17:44:48', '2022-03-14 17:44:48'),
(2721, 681, 1, '2022-03-14 17:44:48', '2022-03-14 17:44:48'),
(2722, 681, 5, '2022-03-14 17:44:48', '2022-03-14 17:44:48'),
(2723, 681, 11, '2022-03-14 17:44:48', '2022-03-14 17:44:48'),
(2724, 681, 11, '2022-03-14 17:44:48', '2022-03-14 17:44:48'),
(2725, 682, 1, '2022-03-14 17:44:48', '2022-03-14 17:44:48'),
(2726, 682, 5, '2022-03-14 17:44:48', '2022-03-14 17:44:48'),
(2727, 682, 11, '2022-03-14 17:44:48', '2022-03-14 17:44:48'),
(2728, 682, 11, '2022-03-14 17:44:48', '2022-03-14 17:44:48'),
(2729, 683, 1, '2022-03-14 17:44:48', '2022-03-14 17:44:48'),
(2730, 683, 5, '2022-03-14 17:44:48', '2022-03-14 17:44:48'),
(2731, 683, 11, '2022-03-14 17:44:48', '2022-03-14 17:44:48'),
(2732, 683, 11, '2022-03-14 17:44:48', '2022-03-14 17:44:48'),
(2733, 684, 1, '2022-03-14 17:44:48', '2022-03-14 17:44:48'),
(2734, 684, 5, '2022-03-14 17:44:48', '2022-03-14 17:44:48'),
(2735, 684, 11, '2022-03-14 17:44:48', '2022-03-14 17:44:48'),
(2736, 684, 11, '2022-03-14 17:44:48', '2022-03-14 17:44:48'),
(2737, 685, 1, '2022-03-14 17:44:48', '2022-03-14 17:44:48'),
(2738, 685, 5, '2022-03-14 17:44:48', '2022-03-14 17:44:48'),
(2739, 685, 11, '2022-03-14 17:44:48', '2022-03-14 17:44:48'),
(2740, 685, 11, '2022-03-14 17:44:48', '2022-03-14 17:44:48'),
(2741, 686, 1, '2022-03-14 17:44:48', '2022-03-14 17:44:48'),
(2742, 686, 5, '2022-03-14 17:44:48', '2022-03-14 17:44:48'),
(2743, 686, 11, '2022-03-14 17:44:48', '2022-03-14 17:44:48'),
(2744, 686, 11, '2022-03-14 17:44:48', '2022-03-14 17:44:48'),
(2745, 687, 1, '2022-03-14 17:44:48', '2022-03-14 17:44:48'),
(2746, 687, 5, '2022-03-14 17:44:48', '2022-03-14 17:44:48'),
(2747, 687, 11, '2022-03-14 17:44:48', '2022-03-14 17:44:48'),
(2748, 687, 11, '2022-03-14 17:44:48', '2022-03-14 17:44:48'),
(2749, 688, 1, '2022-03-14 17:44:48', '2022-03-14 17:44:48'),
(2750, 688, 5, '2022-03-14 17:44:48', '2022-03-14 17:44:48'),
(2751, 688, 11, '2022-03-14 17:44:48', '2022-03-14 17:44:48'),
(2752, 688, 11, '2022-03-14 17:44:48', '2022-03-14 17:44:48'),
(2753, 689, 1, '2022-03-14 17:44:48', '2022-03-14 17:44:48'),
(2754, 689, 5, '2022-03-14 17:44:48', '2022-03-14 17:44:48'),
(2755, 689, 11, '2022-03-14 17:44:48', '2022-03-14 17:44:48'),
(2756, 689, 11, '2022-03-14 17:44:48', '2022-03-14 17:44:48'),
(2757, 690, 1, '2022-03-14 17:44:48', '2022-03-14 17:44:48'),
(2758, 690, 5, '2022-03-14 17:44:48', '2022-03-14 17:44:48'),
(2759, 690, 11, '2022-03-14 17:44:48', '2022-03-14 17:44:48'),
(2760, 690, 11, '2022-03-14 17:44:48', '2022-03-14 17:44:48'),
(2761, 691, 1, '2022-03-14 17:44:48', '2022-03-14 17:44:48'),
(2762, 691, 5, '2022-03-14 17:44:48', '2022-03-14 17:44:48'),
(2763, 691, 11, '2022-03-14 17:44:48', '2022-03-14 17:44:48'),
(2764, 691, 11, '2022-03-14 17:44:48', '2022-03-14 17:44:48'),
(2765, 692, 1, '2022-03-14 17:44:48', '2022-03-14 17:44:48'),
(2766, 692, 5, '2022-03-14 17:44:48', '2022-03-14 17:44:48'),
(2767, 692, 11, '2022-03-14 17:44:48', '2022-03-14 17:44:48'),
(2768, 692, 11, '2022-03-14 17:44:48', '2022-03-14 17:44:48'),
(2769, 693, 1, '2022-03-14 17:44:48', '2022-03-14 17:44:48'),
(2770, 693, 5, '2022-03-14 17:44:48', '2022-03-14 17:44:48'),
(2771, 693, 11, '2022-03-14 17:44:48', '2022-03-14 17:44:48'),
(2772, 693, 11, '2022-03-14 17:44:48', '2022-03-14 17:44:48'),
(2773, 694, 1, '2022-03-14 17:44:48', '2022-03-14 17:44:48'),
(2774, 694, 5, '2022-03-14 17:44:48', '2022-03-14 17:44:48'),
(2775, 694, 11, '2022-03-14 17:44:48', '2022-03-14 17:44:48'),
(2776, 694, 11, '2022-03-14 17:44:48', '2022-03-14 17:44:48'),
(2777, 695, 1, '2022-03-14 17:44:48', '2022-03-14 17:44:48'),
(2778, 695, 5, '2022-03-14 17:44:48', '2022-03-14 17:44:48'),
(2779, 695, 11, '2022-03-14 17:44:48', '2022-03-14 17:44:48'),
(2780, 695, 11, '2022-03-14 17:44:48', '2022-03-14 17:44:48'),
(2781, 696, 1, '2022-03-14 17:44:48', '2022-03-14 17:44:48'),
(2782, 696, 5, '2022-03-14 17:44:48', '2022-03-14 17:44:48'),
(2783, 696, 11, '2022-03-14 17:44:48', '2022-03-14 17:44:48'),
(2784, 696, 11, '2022-03-14 17:44:48', '2022-03-14 17:44:48'),
(2785, 697, 1, '2022-03-14 17:44:48', '2022-03-14 17:44:48'),
(2786, 697, 5, '2022-03-14 17:44:48', '2022-03-14 17:44:48'),
(2787, 697, 11, '2022-03-14 17:44:48', '2022-03-14 17:44:48'),
(2788, 697, 11, '2022-03-14 17:44:48', '2022-03-14 17:44:48'),
(2789, 698, 1, '2022-03-14 17:44:48', '2022-03-14 17:44:48'),
(2790, 698, 5, '2022-03-14 17:44:48', '2022-03-14 17:44:48'),
(2791, 698, 11, '2022-03-14 17:44:48', '2022-03-14 17:44:48'),
(2792, 698, 11, '2022-03-14 17:44:48', '2022-03-14 17:44:48'),
(2793, 699, 1, '2022-03-14 17:44:48', '2022-03-14 17:44:48'),
(2794, 699, 5, '2022-03-14 17:44:48', '2022-03-14 17:44:48'),
(2795, 699, 11, '2022-03-14 17:44:48', '2022-03-14 17:44:48'),
(2796, 699, 11, '2022-03-14 17:44:48', '2022-03-14 17:44:48'),
(2797, 700, 1, '2022-03-14 17:44:48', '2022-03-14 17:44:48'),
(2798, 700, 5, '2022-03-14 17:44:48', '2022-03-14 17:44:48'),
(2799, 700, 11, '2022-03-14 17:44:48', '2022-03-14 17:44:48'),
(2800, 700, 11, '2022-03-14 17:44:48', '2022-03-14 17:44:48'),
(2801, 701, 1, '2022-03-14 17:44:48', '2022-03-14 17:44:48'),
(2802, 701, 5, '2022-03-14 17:44:48', '2022-03-14 17:44:48'),
(2803, 701, 11, '2022-03-14 17:44:48', '2022-03-14 17:44:48'),
(2804, 701, 11, '2022-03-14 17:44:48', '2022-03-14 17:44:48'),
(2805, 702, 1, '2022-03-14 17:44:48', '2022-03-14 17:44:48'),
(2806, 702, 5, '2022-03-14 17:44:48', '2022-03-14 17:44:48'),
(2807, 702, 11, '2022-03-14 17:44:48', '2022-03-14 17:44:48'),
(2808, 702, 11, '2022-03-14 17:44:48', '2022-03-14 17:44:48'),
(2809, 703, 1, '2022-03-14 17:44:48', '2022-03-14 17:44:48'),
(2810, 703, 5, '2022-03-14 17:44:48', '2022-03-14 17:44:48'),
(2811, 703, 11, '2022-03-14 17:44:48', '2022-03-14 17:44:48'),
(2812, 703, 11, '2022-03-14 17:44:48', '2022-03-14 17:44:48'),
(2813, 704, 1, '2022-03-14 17:44:48', '2022-03-14 17:44:48'),
(2814, 704, 5, '2022-03-14 17:44:48', '2022-03-14 17:44:48'),
(2815, 704, 11, '2022-03-14 17:44:48', '2022-03-14 17:44:48'),
(2816, 704, 11, '2022-03-14 17:44:48', '2022-03-14 17:44:48'),
(2817, 705, 1, '2022-03-14 17:44:48', '2022-03-14 17:44:48'),
(2818, 705, 5, '2022-03-14 17:44:48', '2022-03-14 17:44:48'),
(2819, 705, 11, '2022-03-14 17:44:48', '2022-03-14 17:44:48'),
(2820, 705, 11, '2022-03-14 17:44:48', '2022-03-14 17:44:48'),
(2821, 706, 1, '2022-03-14 17:44:48', '2022-03-14 17:44:48'),
(2822, 706, 5, '2022-03-14 17:44:48', '2022-03-14 17:44:48'),
(2823, 706, 11, '2022-03-14 17:44:48', '2022-03-14 17:44:48'),
(2824, 706, 11, '2022-03-14 17:44:48', '2022-03-14 17:44:48'),
(2825, 707, 1, '2022-03-14 17:44:48', '2022-03-14 17:44:48'),
(2826, 707, 5, '2022-03-14 17:44:48', '2022-03-14 17:44:48'),
(2827, 707, 11, '2022-03-14 17:44:48', '2022-03-14 17:44:48'),
(2828, 707, 11, '2022-03-14 17:44:48', '2022-03-14 17:44:48'),
(2829, 708, 1, '2022-03-14 17:44:48', '2022-03-14 17:44:48'),
(2830, 708, 5, '2022-03-14 17:44:48', '2022-03-14 17:44:48'),
(2831, 708, 11, '2022-03-14 17:44:48', '2022-03-14 17:44:48'),
(2832, 708, 11, '2022-03-14 17:44:48', '2022-03-14 17:44:48'),
(2833, 709, 1, '2022-03-14 17:44:48', '2022-03-14 17:44:48'),
(2834, 709, 5, '2022-03-14 17:44:48', '2022-03-14 17:44:48'),
(2835, 709, 11, '2022-03-14 17:44:48', '2022-03-14 17:44:48'),
(2836, 709, 11, '2022-03-14 17:44:48', '2022-03-14 17:44:48'),
(2837, 710, 1, '2022-03-14 17:44:48', '2022-03-14 17:44:48'),
(2838, 710, 5, '2022-03-14 17:44:48', '2022-03-14 17:44:48'),
(2839, 710, 11, '2022-03-14 17:44:48', '2022-03-14 17:44:48'),
(2840, 710, 11, '2022-03-14 17:44:48', '2022-03-14 17:44:48'),
(2841, 711, 1, '2022-03-14 17:44:48', '2022-03-14 17:44:48'),
(2842, 711, 5, '2022-03-14 17:44:48', '2022-03-14 17:44:48'),
(2843, 711, 11, '2022-03-14 17:44:48', '2022-03-14 17:44:48'),
(2844, 711, 11, '2022-03-14 17:44:48', '2022-03-14 17:44:48'),
(2845, 712, 1, '2022-03-14 17:44:48', '2022-03-14 17:44:48'),
(2846, 712, 5, '2022-03-14 17:44:48', '2022-03-14 17:44:48'),
(2847, 712, 11, '2022-03-14 17:44:48', '2022-03-14 17:44:48'),
(2848, 712, 11, '2022-03-14 17:44:48', '2022-03-14 17:44:48'),
(2849, 713, 1, '2022-03-14 17:44:48', '2022-03-14 17:44:48'),
(2850, 713, 5, '2022-03-14 17:44:48', '2022-03-14 17:44:48'),
(2851, 713, 11, '2022-03-14 17:44:48', '2022-03-14 17:44:48'),
(2852, 713, 11, '2022-03-14 17:44:48', '2022-03-14 17:44:48'),
(2853, 714, 1, '2022-03-14 17:44:48', '2022-03-14 17:44:48'),
(2854, 714, 5, '2022-03-14 17:44:48', '2022-03-14 17:44:48'),
(2855, 714, 11, '2022-03-14 17:44:48', '2022-03-14 17:44:48'),
(2856, 714, 11, '2022-03-14 17:44:48', '2022-03-14 17:44:48'),
(2857, 715, 1, '2022-03-14 17:44:48', '2022-03-14 17:44:48'),
(2858, 715, 5, '2022-03-14 17:44:48', '2022-03-14 17:44:48'),
(2859, 715, 11, '2022-03-14 17:44:48', '2022-03-14 17:44:48'),
(2860, 715, 11, '2022-03-14 17:44:48', '2022-03-14 17:44:48'),
(2861, 716, 1, '2022-03-14 17:44:48', '2022-03-14 17:44:48'),
(2862, 716, 5, '2022-03-14 17:44:48', '2022-03-14 17:44:48'),
(2863, 716, 11, '2022-03-14 17:44:48', '2022-03-14 17:44:48'),
(2864, 716, 11, '2022-03-14 17:44:48', '2022-03-14 17:44:48'),
(2865, 717, 1, '2022-03-14 17:44:48', '2022-03-14 17:44:48'),
(2866, 717, 5, '2022-03-14 17:44:48', '2022-03-14 17:44:48'),
(2867, 717, 11, '2022-03-14 17:44:48', '2022-03-14 17:44:48'),
(2868, 717, 11, '2022-03-14 17:44:48', '2022-03-14 17:44:48'),
(2869, 718, 1, '2022-03-14 17:44:48', '2022-03-14 17:44:48'),
(2870, 718, 5, '2022-03-14 17:44:48', '2022-03-14 17:44:48'),
(2871, 718, 11, '2022-03-14 17:44:48', '2022-03-14 17:44:48'),
(2872, 718, 11, '2022-03-14 17:44:48', '2022-03-14 17:44:48'),
(2873, 719, 1, '2022-03-14 17:44:48', '2022-03-14 17:44:48'),
(2874, 719, 5, '2022-03-14 17:44:48', '2022-03-14 17:44:48'),
(2875, 719, 11, '2022-03-14 17:44:48', '2022-03-14 17:44:48'),
(2876, 719, 11, '2022-03-14 17:44:48', '2022-03-14 17:44:48'),
(2877, 720, 1, '2022-03-14 17:44:48', '2022-03-14 17:44:48'),
(2878, 720, 5, '2022-03-14 17:44:48', '2022-03-14 17:44:48'),
(2879, 720, 11, '2022-03-14 17:44:48', '2022-03-14 17:44:48'),
(2880, 720, 11, '2022-03-14 17:44:48', '2022-03-14 17:44:48'),
(2881, 721, 1, '2022-03-14 17:44:48', '2022-03-14 17:44:48'),
(2882, 721, 5, '2022-03-14 17:44:48', '2022-03-14 17:44:48'),
(2883, 721, 11, '2022-03-14 17:44:48', '2022-03-14 17:44:48'),
(2884, 721, 11, '2022-03-14 17:44:48', '2022-03-14 17:44:48'),
(2885, 722, 1, '2022-03-14 17:44:48', '2022-03-14 17:44:48'),
(2886, 722, 5, '2022-03-14 17:44:48', '2022-03-14 17:44:48'),
(2887, 722, 11, '2022-03-14 17:44:48', '2022-03-14 17:44:48'),
(2888, 722, 11, '2022-03-14 17:44:48', '2022-03-14 17:44:48'),
(2889, 723, 1, '2022-03-14 17:44:48', '2022-03-14 17:44:48'),
(2890, 723, 5, '2022-03-14 17:44:48', '2022-03-14 17:44:48'),
(2891, 723, 11, '2022-03-14 17:44:48', '2022-03-14 17:44:48'),
(2892, 723, 11, '2022-03-14 17:44:48', '2022-03-14 17:44:48'),
(2893, 724, 1, '2022-03-14 17:44:48', '2022-03-14 17:44:48'),
(2894, 724, 5, '2022-03-14 17:44:48', '2022-03-14 17:44:48'),
(2895, 724, 11, '2022-03-14 17:44:48', '2022-03-14 17:44:48'),
(2896, 724, 11, '2022-03-14 17:44:48', '2022-03-14 17:44:48'),
(2897, 725, 1, '2022-03-14 17:44:48', '2022-03-14 17:44:48'),
(2898, 725, 5, '2022-03-14 17:44:48', '2022-03-14 17:44:48'),
(2899, 725, 11, '2022-03-14 17:44:48', '2022-03-14 17:44:48'),
(2900, 725, 11, '2022-03-14 17:44:48', '2022-03-14 17:44:48'),
(2901, 726, 1, '2022-03-14 17:44:48', '2022-03-14 17:44:48'),
(2902, 726, 5, '2022-03-14 17:44:48', '2022-03-14 17:44:48'),
(2903, 726, 11, '2022-03-14 17:44:48', '2022-03-14 17:44:48'),
(2904, 726, 11, '2022-03-14 17:44:48', '2022-03-14 17:44:48'),
(2905, 727, 1, '2022-03-14 17:44:48', '2022-03-14 17:44:48'),
(2906, 727, 5, '2022-03-14 17:44:48', '2022-03-14 17:44:48'),
(2907, 727, 11, '2022-03-14 17:44:48', '2022-03-14 17:44:48'),
(2908, 727, 11, '2022-03-14 17:44:48', '2022-03-14 17:44:48'),
(2909, 728, 1, '2022-03-14 17:44:48', '2022-03-14 17:44:48'),
(2910, 728, 5, '2022-03-14 17:44:48', '2022-03-14 17:44:48'),
(2911, 728, 11, '2022-03-14 17:44:48', '2022-03-14 17:44:48'),
(2912, 728, 11, '2022-03-14 17:44:48', '2022-03-14 17:44:48'),
(2913, 729, 1, '2022-03-14 17:44:48', '2022-03-14 17:44:48'),
(2914, 729, 5, '2022-03-14 17:44:48', '2022-03-14 17:44:48'),
(2915, 729, 11, '2022-03-14 17:44:48', '2022-03-14 17:44:48'),
(2916, 729, 11, '2022-03-14 17:44:48', '2022-03-14 17:44:48'),
(2917, 730, 1, '2022-03-14 17:44:48', '2022-03-14 17:44:48'),
(2918, 730, 5, '2022-03-14 17:44:48', '2022-03-14 17:44:48'),
(2919, 730, 11, '2022-03-14 17:44:48', '2022-03-14 17:44:48'),
(2920, 730, 11, '2022-03-14 17:44:48', '2022-03-14 17:44:48'),
(2921, 731, 1, '2022-03-14 17:44:48', '2022-03-14 17:44:48'),
(2922, 731, 5, '2022-03-14 17:44:48', '2022-03-14 17:44:48'),
(2923, 731, 11, '2022-03-14 17:44:48', '2022-03-14 17:44:48'),
(2924, 731, 11, '2022-03-14 17:44:48', '2022-03-14 17:44:48'),
(2925, 732, 1, '2022-03-14 17:44:48', '2022-03-14 17:44:48'),
(2926, 732, 5, '2022-03-14 17:44:48', '2022-03-14 17:44:48'),
(2927, 732, 11, '2022-03-14 17:44:48', '2022-03-14 17:44:48'),
(2928, 732, 11, '2022-03-14 17:44:48', '2022-03-14 17:44:48'),
(2929, 733, 1, '2022-03-14 17:44:48', '2022-03-14 17:44:48'),
(2930, 733, 5, '2022-03-14 17:44:48', '2022-03-14 17:44:48'),
(2931, 733, 11, '2022-03-14 17:44:48', '2022-03-14 17:44:48'),
(2932, 733, 11, '2022-03-14 17:44:48', '2022-03-14 17:44:48'),
(2933, 734, 1, '2022-03-14 17:44:48', '2022-03-14 17:44:48'),
(2934, 734, 5, '2022-03-14 17:44:48', '2022-03-14 17:44:48'),
(2935, 734, 11, '2022-03-14 17:44:48', '2022-03-14 17:44:48'),
(2936, 734, 11, '2022-03-14 17:44:48', '2022-03-14 17:44:48'),
(2937, 735, 1, '2022-03-14 17:44:48', '2022-03-14 17:44:48'),
(2938, 735, 5, '2022-03-14 17:44:48', '2022-03-14 17:44:48'),
(2939, 735, 11, '2022-03-14 17:44:48', '2022-03-14 17:44:48'),
(2940, 735, 11, '2022-03-14 17:44:48', '2022-03-14 17:44:48'),
(2941, 736, 1, '2022-03-14 17:44:48', '2022-03-14 17:44:48'),
(2942, 736, 5, '2022-03-14 17:44:48', '2022-03-14 17:44:48'),
(2943, 736, 11, '2022-03-14 17:44:48', '2022-03-14 17:44:48'),
(2944, 736, 11, '2022-03-14 17:44:48', '2022-03-14 17:44:48'),
(2945, 737, 1, '2022-03-14 17:44:48', '2022-03-14 17:44:48'),
(2946, 737, 5, '2022-03-14 17:44:48', '2022-03-14 17:44:48'),
(2947, 737, 11, '2022-03-14 17:44:48', '2022-03-14 17:44:48'),
(2948, 737, 11, '2022-03-14 17:44:48', '2022-03-14 17:44:48'),
(2949, 738, 1, '2022-03-14 17:44:48', '2022-03-14 17:44:48'),
(2950, 738, 5, '2022-03-14 17:44:48', '2022-03-14 17:44:48'),
(2951, 738, 11, '2022-03-14 17:44:48', '2022-03-14 17:44:48'),
(2952, 738, 11, '2022-03-14 17:44:48', '2022-03-14 17:44:48'),
(2953, 739, 1, '2022-03-14 17:44:48', '2022-03-14 17:44:48'),
(2954, 739, 5, '2022-03-14 17:44:48', '2022-03-14 17:44:48'),
(2955, 739, 11, '2022-03-14 17:44:48', '2022-03-14 17:44:48'),
(2956, 739, 11, '2022-03-14 17:44:48', '2022-03-14 17:44:48'),
(2957, 740, 1, '2022-03-14 17:44:48', '2022-03-14 17:44:48'),
(2958, 740, 5, '2022-03-14 17:44:48', '2022-03-14 17:44:48'),
(2959, 740, 11, '2022-03-14 17:44:48', '2022-03-14 17:44:48'),
(2960, 740, 11, '2022-03-14 17:44:48', '2022-03-14 17:44:48'),
(2961, 741, 1, '2022-03-14 17:44:48', '2022-03-14 17:44:48'),
(2962, 741, 5, '2022-03-14 17:44:48', '2022-03-14 17:44:48'),
(2963, 741, 11, '2022-03-14 17:44:48', '2022-03-14 17:44:48'),
(2964, 741, 11, '2022-03-14 17:44:48', '2022-03-14 17:44:48'),
(2965, 742, 1, '2022-03-14 17:44:48', '2022-03-14 17:44:48'),
(2966, 742, 5, '2022-03-14 17:44:48', '2022-03-14 17:44:48'),
(2967, 742, 11, '2022-03-14 17:44:48', '2022-03-14 17:44:48'),
(2968, 742, 11, '2022-03-14 17:44:48', '2022-03-14 17:44:48'),
(2969, 743, 1, '2022-03-14 17:44:48', '2022-03-14 17:44:48'),
(2970, 743, 5, '2022-03-14 17:44:48', '2022-03-14 17:44:48'),
(2971, 743, 11, '2022-03-14 17:44:48', '2022-03-14 17:44:48'),
(2972, 743, 11, '2022-03-14 17:44:48', '2022-03-14 17:44:48'),
(2973, 744, 1, '2022-03-14 17:44:48', '2022-03-14 17:44:48'),
(2974, 744, 5, '2022-03-14 17:44:48', '2022-03-14 17:44:48'),
(2975, 744, 11, '2022-03-14 17:44:48', '2022-03-14 17:44:48'),
(2976, 744, 11, '2022-03-14 17:44:48', '2022-03-14 17:44:48'),
(2977, 745, 1, '2022-03-14 17:44:48', '2022-03-14 17:44:48'),
(2978, 745, 5, '2022-03-14 17:44:48', '2022-03-14 17:44:48'),
(2979, 745, 11, '2022-03-14 17:44:48', '2022-03-14 17:44:48'),
(2980, 745, 11, '2022-03-14 17:44:48', '2022-03-14 17:44:48'),
(2981, 746, 1, '2022-03-14 17:44:48', '2022-03-14 17:44:48'),
(2982, 746, 5, '2022-03-14 17:44:48', '2022-03-14 17:44:48'),
(2983, 746, 11, '2022-03-14 17:44:48', '2022-03-14 17:44:48'),
(2984, 746, 11, '2022-03-14 17:44:48', '2022-03-14 17:44:48'),
(2985, 747, 1, '2022-03-14 17:44:48', '2022-03-14 17:44:48'),
(2986, 747, 5, '2022-03-14 17:44:48', '2022-03-14 17:44:48'),
(2987, 747, 11, '2022-03-14 17:44:48', '2022-03-14 17:44:48'),
(2988, 747, 11, '2022-03-14 17:44:48', '2022-03-14 17:44:48'),
(2989, 748, 1, '2022-03-14 17:44:48', '2022-03-14 17:44:48'),
(2990, 748, 5, '2022-03-14 17:44:48', '2022-03-14 17:44:48'),
(2991, 748, 11, '2022-03-14 17:44:48', '2022-03-14 17:44:48'),
(2992, 748, 11, '2022-03-14 17:44:48', '2022-03-14 17:44:48'),
(2993, 749, 1, '2022-03-14 17:44:48', '2022-03-14 17:44:48'),
(2994, 749, 5, '2022-03-14 17:44:48', '2022-03-14 17:44:48'),
(2995, 749, 11, '2022-03-14 17:44:48', '2022-03-14 17:44:48'),
(2996, 749, 11, '2022-03-14 17:44:48', '2022-03-14 17:44:48'),
(2997, 750, 1, '2022-03-14 17:44:48', '2022-03-14 17:44:48'),
(2998, 750, 5, '2022-03-14 17:44:48', '2022-03-14 17:44:48'),
(2999, 750, 11, '2022-03-14 17:44:48', '2022-03-14 17:44:48'),
(3000, 750, 11, '2022-03-14 17:44:48', '2022-03-14 17:44:48'),
(3001, 751, 1, '2022-03-14 17:44:48', '2022-03-14 17:44:48'),
(3002, 751, 5, '2022-03-14 17:44:48', '2022-03-14 17:44:48'),
(3003, 751, 11, '2022-03-14 17:44:48', '2022-03-14 17:44:48'),
(3004, 751, 11, '2022-03-14 17:44:48', '2022-03-14 17:44:48'),
(3005, 752, 1, '2022-03-14 17:44:48', '2022-03-14 17:44:48'),
(3006, 752, 5, '2022-03-14 17:44:48', '2022-03-14 17:44:48'),
(3007, 752, 11, '2022-03-14 17:44:48', '2022-03-14 17:44:48'),
(3008, 752, 11, '2022-03-14 17:44:48', '2022-03-14 17:44:48'),
(3009, 753, 1, '2022-03-14 17:44:48', '2022-03-14 17:44:48'),
(3010, 753, 5, '2022-03-14 17:44:48', '2022-03-14 17:44:48'),
(3011, 753, 11, '2022-03-14 17:44:48', '2022-03-14 17:44:48'),
(3012, 753, 11, '2022-03-14 17:44:48', '2022-03-14 17:44:48'),
(3013, 754, 1, '2022-03-14 17:44:48', '2022-03-14 17:44:48'),
(3014, 754, 5, '2022-03-14 17:44:48', '2022-03-14 17:44:48'),
(3015, 754, 11, '2022-03-14 17:44:48', '2022-03-14 17:44:48'),
(3016, 754, 11, '2022-03-14 17:44:48', '2022-03-14 17:44:48'),
(3017, 755, 1, '2022-03-14 17:44:48', '2022-03-14 17:44:48'),
(3018, 755, 5, '2022-03-14 17:44:48', '2022-03-14 17:44:48'),
(3019, 755, 11, '2022-03-14 17:44:48', '2022-03-14 17:44:48'),
(3020, 755, 11, '2022-03-14 17:44:48', '2022-03-14 17:44:48'),
(3021, 756, 1, '2022-03-14 17:44:48', '2022-03-14 17:44:48'),
(3022, 756, 5, '2022-03-14 17:44:48', '2022-03-14 17:44:48'),
(3023, 756, 11, '2022-03-14 17:44:48', '2022-03-14 17:44:48'),
(3024, 756, 11, '2022-03-14 17:44:48', '2022-03-14 17:44:48'),
(3025, 757, 1, '2022-03-14 17:44:48', '2022-03-14 17:44:48'),
(3026, 757, 5, '2022-03-14 17:44:48', '2022-03-14 17:44:48'),
(3027, 757, 11, '2022-03-14 17:44:48', '2022-03-14 17:44:48'),
(3028, 757, 11, '2022-03-14 17:44:48', '2022-03-14 17:44:48'),
(3029, 758, 1, '2022-03-14 17:44:48', '2022-03-14 17:44:48'),
(3030, 758, 5, '2022-03-14 17:44:48', '2022-03-14 17:44:48'),
(3031, 758, 11, '2022-03-14 17:44:48', '2022-03-14 17:44:48'),
(3032, 758, 11, '2022-03-14 17:44:48', '2022-03-14 17:44:48'),
(3033, 759, 1, '2022-03-14 17:44:48', '2022-03-14 17:44:48'),
(3034, 759, 5, '2022-03-14 17:44:48', '2022-03-14 17:44:48'),
(3035, 759, 11, '2022-03-14 17:44:48', '2022-03-14 17:44:48'),
(3036, 759, 11, '2022-03-14 17:44:48', '2022-03-14 17:44:48'),
(3037, 760, 1, '2022-03-14 17:44:48', '2022-03-14 17:44:48'),
(3038, 760, 5, '2022-03-14 17:44:48', '2022-03-14 17:44:48'),
(3039, 760, 11, '2022-03-14 17:44:48', '2022-03-14 17:44:48'),
(3040, 760, 11, '2022-03-14 17:44:48', '2022-03-14 17:44:48'),
(3041, 761, 1, '2022-03-14 17:44:48', '2022-03-14 17:44:48'),
(3042, 761, 5, '2022-03-14 17:44:48', '2022-03-14 17:44:48'),
(3043, 761, 11, '2022-03-14 17:44:48', '2022-03-14 17:44:48'),
(3044, 761, 11, '2022-03-14 17:44:48', '2022-03-14 17:44:48'),
(3045, 762, 1, '2022-03-14 17:44:48', '2022-03-14 17:44:48'),
(3046, 762, 5, '2022-03-14 17:44:48', '2022-03-14 17:44:48'),
(3047, 762, 11, '2022-03-14 17:44:48', '2022-03-14 17:44:48'),
(3048, 762, 11, '2022-03-14 17:44:48', '2022-03-14 17:44:48'),
(3049, 763, 1, '2022-03-14 17:44:48', '2022-03-14 17:44:48'),
(3050, 763, 5, '2022-03-14 17:44:48', '2022-03-14 17:44:48'),
(3051, 763, 11, '2022-03-14 17:44:48', '2022-03-14 17:44:48'),
(3052, 763, 11, '2022-03-14 17:44:48', '2022-03-14 17:44:48'),
(3053, 764, 1, '2022-03-14 17:44:48', '2022-03-14 17:44:48'),
(3054, 764, 5, '2022-03-14 17:44:48', '2022-03-14 17:44:48'),
(3055, 764, 11, '2022-03-14 17:44:48', '2022-03-14 17:44:48'),
(3056, 764, 11, '2022-03-14 17:44:48', '2022-03-14 17:44:48'),
(3057, 765, 1, '2022-03-14 17:44:48', '2022-03-14 17:44:48'),
(3058, 765, 5, '2022-03-14 17:44:48', '2022-03-14 17:44:48'),
(3059, 765, 11, '2022-03-14 17:44:48', '2022-03-14 17:44:48'),
(3060, 765, 11, '2022-03-14 17:44:48', '2022-03-14 17:44:48'),
(3061, 766, 1, '2022-03-14 17:44:48', '2022-03-14 17:44:48'),
(3062, 766, 5, '2022-03-14 17:44:48', '2022-03-14 17:44:48'),
(3063, 766, 11, '2022-03-14 17:44:48', '2022-03-14 17:44:48'),
(3064, 766, 11, '2022-03-14 17:44:48', '2022-03-14 17:44:48'),
(3065, 767, 1, '2022-03-14 17:44:48', '2022-03-14 17:44:48'),
(3066, 767, 5, '2022-03-14 17:44:48', '2022-03-14 17:44:48'),
(3067, 767, 11, '2022-03-14 17:44:48', '2022-03-14 17:44:48'),
(3068, 767, 11, '2022-03-14 17:44:48', '2022-03-14 17:44:48'),
(3069, 768, 1, '2022-03-14 17:44:48', '2022-03-14 17:44:48'),
(3070, 768, 5, '2022-03-14 17:44:48', '2022-03-14 17:44:48'),
(3071, 768, 11, '2022-03-14 17:44:48', '2022-03-14 17:44:48'),
(3072, 768, 11, '2022-03-14 17:44:48', '2022-03-14 17:44:48'),
(3073, 769, 1, '2022-03-14 17:44:48', '2022-03-14 17:44:48'),
(3074, 769, 5, '2022-03-14 17:44:48', '2022-03-14 17:44:48'),
(3075, 769, 11, '2022-03-14 17:44:48', '2022-03-14 17:44:48'),
(3076, 769, 11, '2022-03-14 17:44:48', '2022-03-14 17:44:48'),
(3077, 770, 1, '2022-03-14 17:44:48', '2022-03-14 17:44:48'),
(3078, 770, 5, '2022-03-14 17:44:48', '2022-03-14 17:44:48'),
(3079, 770, 11, '2022-03-14 17:44:48', '2022-03-14 17:44:48'),
(3080, 770, 11, '2022-03-14 17:44:48', '2022-03-14 17:44:48'),
(3081, 771, 1, '2022-03-14 17:44:48', '2022-03-14 17:44:48'),
(3082, 771, 5, '2022-03-14 17:44:48', '2022-03-14 17:44:48'),
(3083, 771, 11, '2022-03-14 17:44:48', '2022-03-14 17:44:48'),
(3084, 771, 11, '2022-03-14 17:44:48', '2022-03-14 17:44:48'),
(3085, 772, 1, '2022-03-14 17:44:48', '2022-03-14 17:44:48'),
(3086, 772, 5, '2022-03-14 17:44:48', '2022-03-14 17:44:48'),
(3087, 772, 11, '2022-03-14 17:44:48', '2022-03-14 17:44:48'),
(3088, 772, 11, '2022-03-14 17:44:48', '2022-03-14 17:44:48'),
(3089, 773, 1, '2022-03-14 17:44:48', '2022-03-14 17:44:48'),
(3090, 773, 5, '2022-03-14 17:44:48', '2022-03-14 17:44:48'),
(3091, 773, 11, '2022-03-14 17:44:48', '2022-03-14 17:44:48'),
(3092, 773, 11, '2022-03-14 17:44:48', '2022-03-14 17:44:48'),
(3093, 774, 1, '2022-03-14 17:44:48', '2022-03-14 17:44:48'),
(3094, 774, 5, '2022-03-14 17:44:48', '2022-03-14 17:44:48'),
(3095, 774, 11, '2022-03-14 17:44:48', '2022-03-14 17:44:48'),
(3096, 774, 11, '2022-03-14 17:44:48', '2022-03-14 17:44:48'),
(3097, 775, 1, '2022-03-14 17:44:48', '2022-03-14 17:44:48'),
(3098, 775, 5, '2022-03-14 17:44:48', '2022-03-14 17:44:48'),
(3099, 775, 11, '2022-03-14 17:44:48', '2022-03-14 17:44:48'),
(3100, 775, 11, '2022-03-14 17:44:48', '2022-03-14 17:44:48'),
(3101, 776, 1, '2022-03-14 17:44:48', '2022-03-14 17:44:48'),
(3102, 776, 5, '2022-03-14 17:44:48', '2022-03-14 17:44:48'),
(3103, 776, 11, '2022-03-14 17:44:48', '2022-03-14 17:44:48'),
(3104, 776, 11, '2022-03-14 17:44:48', '2022-03-14 17:44:48'),
(3105, 777, 1, '2022-03-14 17:44:48', '2022-03-14 17:44:48'),
(3106, 777, 5, '2022-03-14 17:44:48', '2022-03-14 17:44:48'),
(3107, 777, 11, '2022-03-14 17:44:48', '2022-03-14 17:44:48'),
(3108, 777, 11, '2022-03-14 17:44:48', '2022-03-14 17:44:48'),
(3109, 778, 1, '2022-03-14 17:44:48', '2022-03-14 17:44:48'),
(3110, 778, 5, '2022-03-14 17:44:48', '2022-03-14 17:44:48'),
(3111, 778, 11, '2022-03-14 17:44:48', '2022-03-14 17:44:48'),
(3112, 778, 11, '2022-03-14 17:44:48', '2022-03-14 17:44:48'),
(3113, 779, 1, '2022-03-14 17:44:48', '2022-03-14 17:44:48'),
(3114, 779, 5, '2022-03-14 17:44:48', '2022-03-14 17:44:48'),
(3115, 779, 11, '2022-03-14 17:44:48', '2022-03-14 17:44:48'),
(3116, 779, 11, '2022-03-14 17:44:48', '2022-03-14 17:44:48'),
(3117, 780, 1, '2022-03-14 17:44:48', '2022-03-14 17:44:48'),
(3118, 780, 5, '2022-03-14 17:44:48', '2022-03-14 17:44:48'),
(3119, 780, 11, '2022-03-14 17:44:48', '2022-03-14 17:44:48'),
(3120, 780, 11, '2022-03-14 17:44:48', '2022-03-14 17:44:48'),
(3121, 781, 1, '2022-03-14 17:44:48', '2022-03-14 17:44:48'),
(3122, 781, 5, '2022-03-14 17:44:48', '2022-03-14 17:44:48'),
(3123, 781, 11, '2022-03-14 17:44:48', '2022-03-14 17:44:48'),
(3124, 781, 11, '2022-03-14 17:44:48', '2022-03-14 17:44:48'),
(3125, 782, 1, '2022-03-14 17:44:48', '2022-03-14 17:44:48'),
(3126, 782, 5, '2022-03-14 17:44:48', '2022-03-14 17:44:48'),
(3127, 782, 11, '2022-03-14 17:44:48', '2022-03-14 17:44:48'),
(3128, 782, 11, '2022-03-14 17:44:48', '2022-03-14 17:44:48'),
(3129, 783, 1, '2022-03-14 17:44:48', '2022-03-14 17:44:48'),
(3130, 783, 5, '2022-03-14 17:44:48', '2022-03-14 17:44:48'),
(3131, 783, 11, '2022-03-14 17:44:48', '2022-03-14 17:44:48'),
(3132, 783, 11, '2022-03-14 17:44:48', '2022-03-14 17:44:48'),
(3133, 784, 1, '2022-03-14 17:44:48', '2022-03-14 17:44:48'),
(3134, 784, 5, '2022-03-14 17:44:48', '2022-03-14 17:44:48'),
(3135, 784, 11, '2022-03-14 17:44:48', '2022-03-14 17:44:48'),
(3136, 784, 11, '2022-03-14 17:44:48', '2022-03-14 17:44:48'),
(3137, 785, 1, '2022-03-14 17:44:48', '2022-03-14 17:44:48'),
(3138, 785, 5, '2022-03-14 17:44:48', '2022-03-14 17:44:48'),
(3139, 785, 11, '2022-03-14 17:44:48', '2022-03-14 17:44:48'),
(3140, 785, 11, '2022-03-14 17:44:48', '2022-03-14 17:44:48'),
(3141, 786, 1, '2022-03-14 17:44:48', '2022-03-14 17:44:48'),
(3142, 786, 5, '2022-03-14 17:44:48', '2022-03-14 17:44:48'),
(3143, 786, 11, '2022-03-14 17:44:48', '2022-03-14 17:44:48'),
(3144, 786, 11, '2022-03-14 17:44:48', '2022-03-14 17:44:48'),
(3145, 787, 1, '2022-03-14 17:44:48', '2022-03-14 17:44:48'),
(3146, 787, 5, '2022-03-14 17:44:48', '2022-03-14 17:44:48'),
(3147, 787, 11, '2022-03-14 17:44:48', '2022-03-14 17:44:48'),
(3148, 787, 11, '2022-03-14 17:44:48', '2022-03-14 17:44:48'),
(3149, 788, 1, '2022-03-14 17:44:48', '2022-03-14 17:44:48'),
(3150, 788, 5, '2022-03-14 17:44:48', '2022-03-14 17:44:48'),
(3151, 788, 11, '2022-03-14 17:44:48', '2022-03-14 17:44:48'),
(3152, 788, 11, '2022-03-14 17:44:48', '2022-03-14 17:44:48'),
(3153, 789, 1, '2022-03-14 17:44:48', '2022-03-14 17:44:48'),
(3154, 789, 5, '2022-03-14 17:44:48', '2022-03-14 17:44:48'),
(3155, 789, 11, '2022-03-14 17:44:48', '2022-03-14 17:44:48'),
(3156, 789, 11, '2022-03-14 17:44:48', '2022-03-14 17:44:48'),
(3157, 790, 1, '2022-03-14 17:44:48', '2022-03-14 17:44:48'),
(3158, 790, 5, '2022-03-14 17:44:48', '2022-03-14 17:44:48'),
(3159, 790, 11, '2022-03-14 17:44:48', '2022-03-14 17:44:48'),
(3160, 790, 11, '2022-03-14 17:44:48', '2022-03-14 17:44:48'),
(3161, 791, 1, '2022-03-14 17:44:48', '2022-03-14 17:44:48'),
(3162, 791, 5, '2022-03-14 17:44:48', '2022-03-14 17:44:48'),
(3163, 791, 11, '2022-03-14 17:44:48', '2022-03-14 17:44:48'),
(3164, 791, 11, '2022-03-14 17:44:48', '2022-03-14 17:44:48'),
(3165, 792, 1, '2022-03-14 17:44:48', '2022-03-14 17:44:48'),
(3166, 792, 5, '2022-03-14 17:44:48', '2022-03-14 17:44:48'),
(3167, 792, 11, '2022-03-14 17:44:48', '2022-03-14 17:44:48'),
(3168, 792, 11, '2022-03-14 17:44:48', '2022-03-14 17:44:48'),
(3169, 793, 1, '2022-03-14 17:44:48', '2022-03-14 17:44:48'),
(3170, 793, 5, '2022-03-14 17:44:48', '2022-03-14 17:44:48'),
(3171, 793, 11, '2022-03-14 17:44:48', '2022-03-14 17:44:48'),
(3172, 793, 11, '2022-03-14 17:44:48', '2022-03-14 17:44:48'),
(3173, 794, 1, '2022-03-14 17:44:48', '2022-03-14 17:44:48'),
(3174, 794, 5, '2022-03-14 17:44:48', '2022-03-14 17:44:48'),
(3175, 794, 11, '2022-03-14 17:44:48', '2022-03-14 17:44:48'),
(3176, 794, 11, '2022-03-14 17:44:48', '2022-03-14 17:44:48'),
(3177, 795, 1, '2022-03-14 17:44:48', '2022-03-14 17:44:48'),
(3178, 795, 5, '2022-03-14 17:44:48', '2022-03-14 17:44:48'),
(3179, 795, 11, '2022-03-14 17:44:48', '2022-03-14 17:44:48'),
(3180, 795, 11, '2022-03-14 17:44:48', '2022-03-14 17:44:48'),
(3181, 796, 1, '2022-03-14 17:44:48', '2022-03-14 17:44:48'),
(3182, 796, 5, '2022-03-14 17:44:48', '2022-03-14 17:44:48'),
(3183, 796, 11, '2022-03-14 17:44:48', '2022-03-14 17:44:48'),
(3184, 796, 11, '2022-03-14 17:44:48', '2022-03-14 17:44:48'),
(3185, 797, 1, '2022-03-14 17:44:48', '2022-03-14 17:44:48'),
(3186, 797, 5, '2022-03-14 17:44:48', '2022-03-14 17:44:48'),
(3187, 797, 11, '2022-03-14 17:44:48', '2022-03-14 17:44:48'),
(3188, 797, 11, '2022-03-14 17:44:48', '2022-03-14 17:44:48'),
(3189, 798, 1, '2022-03-14 17:44:48', '2022-03-14 17:44:48'),
(3190, 798, 5, '2022-03-14 17:44:48', '2022-03-14 17:44:48'),
(3191, 798, 11, '2022-03-14 17:44:48', '2022-03-14 17:44:48'),
(3192, 798, 11, '2022-03-14 17:44:48', '2022-03-14 17:44:48'),
(3193, 799, 1, '2022-03-14 17:44:48', '2022-03-14 17:44:48'),
(3194, 799, 5, '2022-03-14 17:44:48', '2022-03-14 17:44:48'),
(3195, 799, 11, '2022-03-14 17:44:48', '2022-03-14 17:44:48'),
(3196, 799, 11, '2022-03-14 17:44:48', '2022-03-14 17:44:48'),
(3197, 800, 1, '2022-03-14 17:44:48', '2022-03-14 17:44:48'),
(3198, 800, 5, '2022-03-14 17:44:48', '2022-03-14 17:44:48'),
(3199, 800, 11, '2022-03-14 17:44:48', '2022-03-14 17:44:48'),
(3200, 800, 11, '2022-03-14 17:44:48', '2022-03-14 17:44:48');

-- --------------------------------------------------------

--
-- Estructura de tabla para la tabla `resultads`
--

CREATE TABLE `resultads` (
  `id` bigint(20) UNSIGNED NOT NULL,
  `resultad` varchar(50) COLLATE utf8mb4_unicode_ci NOT NULL,
  `created_at` timestamp NULL DEFAULT NULL,
  `updated_at` timestamp NULL DEFAULT NULL
) ENGINE=MyISAM DEFAULT CHARSET=utf8mb4 COLLATE=utf8mb4_unicode_ci;

--
-- Volcado de datos para la tabla `resultads`
--

INSERT INTO `resultads` (`id`, `resultad`, `created_at`, `updated_at`) VALUES
(1, 'DIVULGACION', '2022-03-14 17:44:46', '2022-03-14 17:44:46'),
(2, 'ALTERACION', '2022-03-14 17:44:46', '2022-03-14 17:44:46'),
(3, 'DESTRUCCION O PERDIDA', '2022-03-14 17:44:46', '2022-03-14 17:44:46'),
(4, 'INTERRUPCION DEL ACCESO', '2022-03-14 17:44:46', '2022-03-14 17:44:46');

-- --------------------------------------------------------

--
-- Estructura de tabla para la tabla `roles`
--

CREATE TABLE `roles` (
  `id` bigint(20) UNSIGNED NOT NULL,
  `name` varchar(191) COLLATE utf8mb4_unicode_ci NOT NULL,
  `guard_name` varchar(191) COLLATE utf8mb4_unicode_ci NOT NULL,
  `created_at` timestamp NULL DEFAULT NULL,
  `updated_at` timestamp NULL DEFAULT NULL
) ENGINE=MyISAM DEFAULT CHARSET=utf8mb4 COLLATE=utf8mb4_unicode_ci;

--
-- Volcado de datos para la tabla `roles`
--

INSERT INTO `roles` (`id`, `name`, `guard_name`, `created_at`, `updated_at`) VALUES
(1, 'SUPER-ADMINISTRADOR', 'web', '2022-03-09 22:49:30', '2022-03-09 22:49:30');

-- --------------------------------------------------------

--
-- Estructura de tabla para la tabla `role_has_permissions`
--

CREATE TABLE `role_has_permissions` (
  `permission_id` bigint(20) UNSIGNED NOT NULL,
  `role_id` bigint(20) UNSIGNED NOT NULL
) ENGINE=MyISAM DEFAULT CHARSET=utf8mb4 COLLATE=utf8mb4_unicode_ci;

--
-- Volcado de datos para la tabla `role_has_permissions`
--

INSERT INTO `role_has_permissions` (`permission_id`, `role_id`) VALUES
(1, 1),
(2, 1),
(3, 1),
(4, 1),
(5, 1),
(6, 1),
(7, 1),
(8, 1),
(9, 1),
(10, 1),
(11, 1),
(12, 1),
(13, 1),
(14, 1),
(15, 1),
(16, 1),
(17, 1),
(18, 1),
(19, 1),
(20, 1),
(21, 1),
(22, 1),
(23, 1),
(24, 1),
(25, 1),
(26, 1),
(27, 1),
(28, 1),
(29, 1),
(30, 1),
(31, 1),
(32, 1),
(33, 1),
(34, 1),
(35, 1),
(36, 1),
(37, 1),
(38, 1),
(39, 1),
(40, 1),
(41, 1),
(42, 1),
(43, 1),
(44, 1),
(45, 1),
(46, 1),
(47, 1),
(48, 1),
(49, 1),
(50, 1),
(51, 1),
(52, 1),
(53, 1),
(54, 1),
(55, 1),
(56, 1),
(57, 1),
(58, 1),
(59, 1),
(60, 1),
(61, 1),
(62, 1),
(63, 1),
(64, 1),
(65, 1),
(66, 1),
(67, 1),
(68, 1),
(69, 1),
(70, 1),
(71, 1),
(72, 1),
(73, 1),
(74, 1),
(75, 1),
(76, 1),
(77, 1),
(78, 1),
(79, 1),
(80, 1),
(81, 1),
(82, 1),
(83, 1),
(84, 1),
(85, 1),
(86, 1),
(87, 1),
(88, 1),
(89, 1),
(90, 1),
(91, 1),
(92, 1),
(93, 1),
(94, 1),
(95, 1),
(96, 1),
(97, 1),
(98, 1),
(99, 1),
(100, 1),
(101, 1),
(102, 1),
(103, 1);

-- --------------------------------------------------------

--
-- Estructura de tabla para la tabla `tconsecus`
--

CREATE TABLE `tconsecus` (
  `id` bigint(20) UNSIGNED NOT NULL,
  `tconsecu` varchar(50) COLLATE utf8mb4_unicode_ci NOT NULL,
  `created_at` timestamp NULL DEFAULT NULL,
  `updated_at` timestamp NULL DEFAULT NULL
) ENGINE=MyISAM DEFAULT CHARSET=utf8mb4 COLLATE=utf8mb4_unicode_ci;

--
-- Volcado de datos para la tabla `tconsecus`
--

INSERT INTO `tconsecus` (`id`, `tconsecu`, `created_at`, `updated_at`) VALUES
(1, 'PERSONAS', '2022-03-14 17:44:53', '2022-03-14 17:44:53'),
(2, 'ECINOMICA', '2022-03-14 17:44:53', '2022-03-14 17:44:53'),
(3, 'AMBIENTAL', '2022-03-14 17:44:53', '2022-03-14 17:44:53'),
(4, 'CLIENTES', '2022-03-14 17:44:53', '2022-03-14 17:44:53'),
(5, 'IMAGEN DE LA EMPRESA', '2022-03-14 17:44:53', '2022-03-14 17:44:53');

-- --------------------------------------------------------

--
-- Estructura de tabla para la tabla `tipoprobs`
--

CREATE TABLE `tipoprobs` (
  `id` bigint(20) UNSIGNED NOT NULL,
  `tipoprob` varchar(50) COLLATE utf8mb4_unicode_ci NOT NULL,
  `created_at` timestamp NULL DEFAULT NULL,
  `updated_at` timestamp NULL DEFAULT NULL
) ENGINE=MyISAM DEFAULT CHARSET=utf8mb4 COLLATE=utf8mb4_unicode_ci;

--
-- Volcado de datos para la tabla `tipoprobs`
--

INSERT INTO `tipoprobs` (`id`, `tipoprob`, `created_at`, `updated_at`) VALUES
(1, 'NO HA CORRIDO EN LA INDUSTRIA', '2022-03-14 17:44:53', '2022-03-14 17:44:53'),
(2, 'HA OCURRIDO EN LA INDUSTRIA', '2022-03-14 17:44:53', '2022-03-14 17:44:53'),
(3, 'HA OCURRIDO EN LA EMPRESA', '2022-03-14 17:44:53', '2022-03-14 17:44:53'),
(4, 'SUCEDE VARIAS VECES AL AÑO EN EL EMPRESA', '2022-03-14 17:44:53', '2022-03-14 17:44:53'),
(5, 'SUCEDE VARIAS VECES AL AÑO EN EL AREA', '2022-03-14 17:44:53', '2022-03-14 17:44:53');

-- --------------------------------------------------------

--
-- Estructura de tabla para la tabla `users`
--

CREATE TABLE `users` (
  `id` bigint(20) UNSIGNED NOT NULL,
  `name` varchar(191) COLLATE utf8mb4_unicode_ci NOT NULL,
  `email` varchar(191) COLLATE utf8mb4_unicode_ci NOT NULL,
  `email_verified_at` timestamp NULL DEFAULT NULL,
  `password` varchar(191) COLLATE utf8mb4_unicode_ci NOT NULL,
  `remember_token` varchar(100) COLLATE utf8mb4_unicode_ci DEFAULT NULL,
  `created_at` timestamp NULL DEFAULT NULL,
  `updated_at` timestamp NULL DEFAULT NULL
) ENGINE=MyISAM DEFAULT CHARSET=utf8mb4 COLLATE=utf8mb4_unicode_ci;

--
-- Volcado de datos para la tabla `users`
--

INSERT INTO `users` (`id`, `name`, `email`, `email_verified_at`, `password`, `remember_token`, `created_at`, `updated_at`) VALUES
(1, 'José Dúmar Jiménez Ruíz', 'nowen21@gmail.com', NULL, '$2y$10$3awTDOowvPk1j5XN82GVue.L2ZFgN1JdJxdXdQ2LrPefy3uhL.ndi', NULL, '2022-03-09 22:49:30', '2022-03-09 22:49:30'),
(2, 'Ruth Cuervo Ordóñez', 'ruth@gmail.com', NULL, '$2y$10$G4SQhZXv20DiZlEUjgEhl.o1RQ401.79yX8U9UaGxJwewp6o2APzC', NULL, '2022-03-09 22:49:30', '2022-03-09 22:49:30'),
(3, 'Juan Gabriel Bustos Aldana', 'juan@gmail.com', NULL, '$2y$10$PLVIvOOceBbL.gSwPEPIcuPJSaf9qaxawQcYRiTOj.GezRhOF7wvC', NULL, '2022-03-09 22:49:30', '2022-03-09 22:49:30');

-- --------------------------------------------------------

--
-- Estructura de tabla para la tabla `vulnactos`
--

CREATE TABLE `vulnactos` (
  `id` bigint(20) UNSIGNED NOT NULL,
  `actor_id` int(10) UNSIGNED NOT NULL COMMENT 'IDENTIFICADOR DEL ACTOR',
  `vulnerab_id` int(10) UNSIGNED NOT NULL COMMENT 'IDENTIFICADOR DE LA VULNERABILIDAD',
  `created_at` timestamp NULL DEFAULT NULL,
  `updated_at` timestamp NULL DEFAULT NULL
) ENGINE=MyISAM DEFAULT CHARSET=utf8mb4 COLLATE=utf8mb4_unicode_ci;

--
-- Volcado de datos para la tabla `vulnactos`
--

INSERT INTO `vulnactos` (`id`, `actor_id`, `vulnerab_id`, `created_at`, `updated_at`) VALUES
(1, 3, 1, '2022-03-14 17:44:53', '2022-03-14 17:44:53'),
(2, 4, 1, '2022-03-14 17:44:53', '2022-03-14 17:44:53'),
(3, 5, 1, '2022-03-14 17:44:53', '2022-03-14 17:44:53'),
(4, 3, 2, '2022-03-14 17:44:53', '2022-03-14 17:44:53'),
(5, 4, 2, '2022-03-14 17:44:53', '2022-03-14 17:44:53'),
(6, 5, 2, '2022-03-14 17:44:53', '2022-03-14 17:44:53'),
(7, 3, 3, '2022-03-14 17:44:53', '2022-03-14 17:44:53'),
(8, 4, 3, '2022-03-14 17:44:53', '2022-03-14 17:44:53'),
(9, 5, 3, '2022-03-14 17:44:53', '2022-03-14 17:44:53'),
(10, 3, 4, '2022-03-14 17:44:53', '2022-03-14 17:44:53'),
(11, 4, 4, '2022-03-14 17:44:53', '2022-03-14 17:44:53'),
(12, 5, 4, '2022-03-14 17:44:53', '2022-03-14 17:44:53'),
(13, 3, 5, '2022-03-14 17:44:53', '2022-03-14 17:44:53'),
(14, 4, 5, '2022-03-14 17:44:53', '2022-03-14 17:44:53'),
(15, 5, 5, '2022-03-14 17:44:53', '2022-03-14 17:44:53'),
(16, 3, 6, '2022-03-14 17:44:53', '2022-03-14 17:44:53'),
(17, 4, 6, '2022-03-14 17:44:53', '2022-03-14 17:44:53'),
(18, 5, 6, '2022-03-14 17:44:53', '2022-03-14 17:44:53'),
(19, 3, 7, '2022-03-14 17:44:53', '2022-03-14 17:44:53'),
(20, 4, 7, '2022-03-14 17:44:53', '2022-03-14 17:44:53'),
(21, 5, 7, '2022-03-14 17:44:53', '2022-03-14 17:44:53'),
(22, 3, 8, '2022-03-14 17:44:53', '2022-03-14 17:44:53'),
(23, 4, 8, '2022-03-14 17:44:53', '2022-03-14 17:44:53'),
(24, 5, 8, '2022-03-14 17:44:53', '2022-03-14 17:44:53'),
(25, 3, 9, '2022-03-14 17:44:53', '2022-03-14 17:44:53'),
(26, 4, 9, '2022-03-14 17:44:53', '2022-03-14 17:44:53'),
(27, 5, 9, '2022-03-14 17:44:53', '2022-03-14 17:44:53'),
(28, 3, 10, '2022-03-14 17:44:53', '2022-03-14 17:44:53'),
(29, 4, 10, '2022-03-14 17:44:53', '2022-03-14 17:44:53'),
(30, 5, 10, '2022-03-14 17:44:53', '2022-03-14 17:44:53'),
(31, 3, 11, '2022-03-14 17:44:53', '2022-03-14 17:44:53'),
(32, 4, 11, '2022-03-14 17:44:53', '2022-03-14 17:44:53'),
(33, 5, 11, '2022-03-14 17:44:53', '2022-03-14 17:44:53'),
(34, 3, 12, '2022-03-14 17:44:53', '2022-03-14 17:44:53'),
(35, 4, 12, '2022-03-14 17:44:53', '2022-03-14 17:44:53'),
(36, 5, 12, '2022-03-14 17:44:53', '2022-03-14 17:44:53'),
(37, 3, 13, '2022-03-14 17:44:53', '2022-03-14 17:44:53'),
(38, 4, 13, '2022-03-14 17:44:53', '2022-03-14 17:44:53'),
(39, 5, 13, '2022-03-14 17:44:53', '2022-03-14 17:44:53'),
(40, 3, 14, '2022-03-14 17:44:53', '2022-03-14 17:44:53'),
(41, 4, 14, '2022-03-14 17:44:53', '2022-03-14 17:44:53'),
(42, 5, 14, '2022-03-14 17:44:53', '2022-03-14 17:44:53'),
(43, 3, 15, '2022-03-14 17:44:53', '2022-03-14 17:44:53'),
(44, 4, 15, '2022-03-14 17:44:53', '2022-03-14 17:44:53'),
(45, 5, 15, '2022-03-14 17:44:53', '2022-03-14 17:44:53'),
(46, 3, 16, '2022-03-14 17:44:53', '2022-03-14 17:44:53'),
(47, 4, 16, '2022-03-14 17:44:53', '2022-03-14 17:44:53'),
(48, 5, 16, '2022-03-14 17:44:53', '2022-03-14 17:44:53'),
(49, 3, 17, '2022-03-14 17:44:53', '2022-03-14 17:44:53'),
(50, 4, 17, '2022-03-14 17:44:53', '2022-03-14 17:44:53'),
(51, 5, 17, '2022-03-14 17:44:53', '2022-03-14 17:44:53'),
(52, 3, 18, '2022-03-14 17:44:53', '2022-03-14 17:44:53'),
(53, 4, 18, '2022-03-14 17:44:53', '2022-03-14 17:44:53'),
(54, 5, 18, '2022-03-14 17:44:53', '2022-03-14 17:44:53'),
(55, 3, 19, '2022-03-14 17:44:53', '2022-03-14 17:44:53'),
(56, 4, 19, '2022-03-14 17:44:53', '2022-03-14 17:44:53'),
(57, 5, 19, '2022-03-14 17:44:53', '2022-03-14 17:44:53'),
(58, 3, 20, '2022-03-14 17:44:53', '2022-03-14 17:44:53'),
(59, 4, 20, '2022-03-14 17:44:53', '2022-03-14 17:44:53'),
(60, 5, 20, '2022-03-14 17:44:53', '2022-03-14 17:44:53'),
(61, 3, 21, '2022-03-14 17:44:53', '2022-03-14 17:44:53'),
(62, 4, 21, '2022-03-14 17:44:53', '2022-03-14 17:44:53'),
(63, 5, 21, '2022-03-14 17:44:53', '2022-03-14 17:44:53'),
(64, 3, 22, '2022-03-14 17:44:53', '2022-03-14 17:44:53'),
(65, 4, 22, '2022-03-14 17:44:53', '2022-03-14 17:44:53'),
(66, 5, 22, '2022-03-14 17:44:53', '2022-03-14 17:44:53'),
(67, 3, 23, '2022-03-14 17:44:53', '2022-03-14 17:44:53'),
(68, 4, 23, '2022-03-14 17:44:53', '2022-03-14 17:44:53'),
(69, 5, 23, '2022-03-14 17:44:53', '2022-03-14 17:44:53'),
(70, 3, 24, '2022-03-14 17:44:53', '2022-03-14 17:44:53'),
(71, 4, 24, '2022-03-14 17:44:53', '2022-03-14 17:44:53'),
(72, 5, 24, '2022-03-14 17:44:53', '2022-03-14 17:44:53'),
(73, 3, 25, '2022-03-14 17:44:53', '2022-03-14 17:44:53'),
(74, 4, 25, '2022-03-14 17:44:53', '2022-03-14 17:44:53'),
(75, 5, 25, '2022-03-14 17:44:53', '2022-03-14 17:44:53');

-- --------------------------------------------------------

--
-- Estructura de tabla para la tabla `vulnerabs`
--

CREATE TABLE `vulnerabs` (
  `id` bigint(20) UNSIGNED NOT NULL,
  `vulnerab` varchar(100) COLLATE utf8mb4_unicode_ci NOT NULL,
  `activo_id` int(10) UNSIGNED NOT NULL COMMENT 'IDENTIFICADOR DEL ACTIVO',
  `created_at` timestamp NULL DEFAULT NULL,
  `updated_at` timestamp NULL DEFAULT NULL
) ENGINE=MyISAM DEFAULT CHARSET=utf8mb4 COLLATE=utf8mb4_unicode_ci;

--
-- Volcado de datos para la tabla `vulnerabs`
--

INSERT INTO `vulnerabs` (`id`, `vulnerab`, `activo_id`, `created_at`, `updated_at`) VALUES
(1, 'VULNERABILIDAD 1', 1, '2022-03-14 17:44:53', '2022-03-14 17:44:53'),
(2, 'VULNERABILIDAD 2', 1, '2022-03-14 17:44:53', '2022-03-14 17:44:53'),
(3, 'VULNERABILIDAD 3', 1, '2022-03-14 17:44:53', '2022-03-14 17:44:53'),
(4, 'VULNERABILIDAD 4', 1, '2022-03-14 17:44:53', '2022-03-14 17:44:53'),
(5, 'VULNERABILIDAD 5', 1, '2022-03-14 17:44:53', '2022-03-14 17:44:53'),
(6, 'VULNERABILIDAD 6', 2, '2022-03-14 17:44:53', '2022-03-14 17:44:53'),
(7, 'VULNERABILIDAD 7', 2, '2022-03-14 17:44:53', '2022-03-14 17:44:53'),
(8, 'VULNERABILIDAD 8', 2, '2022-03-14 17:44:53', '2022-03-14 17:44:53'),
(9, 'VULNERABILIDAD 9', 2, '2022-03-14 17:44:53', '2022-03-14 17:44:53'),
(10, 'VULNERABILIDAD 10', 2, '2022-03-14 17:44:53', '2022-03-14 17:44:53'),
(11, 'VULNERABILIDAD 11', 3, '2022-03-14 17:44:53', '2022-03-14 17:44:53'),
(12, 'VULNERABILIDAD 12', 3, '2022-03-14 17:44:53', '2022-03-14 17:44:53'),
(13, 'VULNERABILIDAD 13', 3, '2022-03-14 17:44:53', '2022-03-14 17:44:53'),
(14, 'VULNERABILIDAD 14', 3, '2022-03-14 17:44:53', '2022-03-14 17:44:53'),
(15, 'VULNERABILIDAD 15', 3, '2022-03-14 17:44:53', '2022-03-14 17:44:53'),
(16, 'VULNERABILIDAD 16', 4, '2022-03-14 17:44:53', '2022-03-14 17:44:53'),
(17, 'VULNERABILIDAD 17', 4, '2022-03-14 17:44:53', '2022-03-14 17:44:53'),
(18, 'VULNERABILIDAD 18', 4, '2022-03-14 17:44:53', '2022-03-14 17:44:53'),
(19, 'VULNERABILIDAD 19', 4, '2022-03-14 17:44:53', '2022-03-14 17:44:53'),
(20, 'VULNERABILIDAD 20', 4, '2022-03-14 17:44:53', '2022-03-14 17:44:53'),
(21, 'VULNERABILIDAD 21', 5, '2022-03-14 17:44:53', '2022-03-14 17:44:53'),
(22, 'VULNERABILIDAD 22', 5, '2022-03-14 17:44:53', '2022-03-14 17:44:53'),
(23, 'VULNERABILIDAD 23', 5, '2022-03-14 17:44:53', '2022-03-14 17:44:53'),
(24, 'VULNERABILIDAD 24', 5, '2022-03-14 17:44:53', '2022-03-14 17:44:53'),
(25, 'VULNERABILIDAD 25', 5, '2022-03-14 17:44:53', '2022-03-14 17:44:53');

--
-- Índices para tablas volcadas
--

--
-- Indices de la tabla `acceactos`
--
ALTER TABLE `acceactos`
  ADD PRIMARY KEY (`id`),
  ADD KEY `acceactos_actiacce_id_foreign` (`actiacce_id`),
  ADD KEY `acceactos_actor_id_foreign` (`actor_id`);

--
-- Indices de la tabla `accesos`
--
ALTER TABLE `accesos`
  ADD PRIMARY KEY (`id`);

--
-- Indices de la tabla `actiacces`
--
ALTER TABLE `actiacces`
  ADD PRIMARY KEY (`id`),
  ADD KEY `actiacces_activo_id_foreign` (`activo_id`),
  ADD KEY `actiacces_acceso_id_foreign` (`acceso_id`);

--
-- Indices de la tabla `activos`
--
ALTER TABLE `activos`
  ADD PRIMARY KEY (`id`);

--
-- Indices de la tabla `actoherrs`
--
ALTER TABLE `actoherrs`
  ADD PRIMARY KEY (`id`),
  ADD KEY `actoherrs_herramie_id_foreign` (`herramie_id`),
  ADD KEY `actoherrs_vulnacto_id_foreign` (`vulnacto_id`);

--
-- Indices de la tabla `actomotis`
--
ALTER TABLE `actomotis`
  ADD PRIMARY KEY (`id`),
  ADD KEY `actomotis_acceacto_id_foreign` (`acceacto_id`),
  ADD KEY `actomotis_motivo_id_foreign` (`motivo_id`);

--
-- Indices de la tabla `actors`
--
ALTER TABLE `actors`
  ADD PRIMARY KEY (`id`);

--
-- Indices de la tabla `consecues`
--
ALTER TABLE `consecues`
  ADD PRIMARY KEY (`id`),
  ADD KEY `consecues_tconsecu_id_foreign` (`tconsecu_id`);

--
-- Indices de la tabla `consprobs`
--
ALTER TABLE `consprobs`
  ADD PRIMARY KEY (`id`),
  ADD KEY `consprobs_consecue_id_foreign` (`consecue_id`),
  ADD KEY `consprobs_probabil_id_foreign` (`probabil_id`);

--
-- Indices de la tabla `failed_jobs`
--
ALTER TABLE `failed_jobs`
  ADD PRIMARY KEY (`id`);

--
-- Indices de la tabla `herramies`
--
ALTER TABLE `herramies`
  ADD PRIMARY KEY (`id`);

--
-- Indices de la tabla `impactos`
--
ALTER TABLE `impactos`
  ADD PRIMARY KEY (`id`);

--
-- Indices de la tabla `impanives`
--
ALTER TABLE `impanives`
  ADD PRIMARY KEY (`id`),
  ADD KEY `impanives_nivel_id_foreign` (`nivel_id`),
  ADD KEY `impanives_impacto_id_foreign` (`impacto_id`);

--
-- Indices de la tabla `impasumas`
--
ALTER TABLE `impasumas`
  ADD PRIMARY KEY (`id`),
  ADD KEY `impasumas_motiresu_id_foreign` (`motiresu_id`),
  ADD KEY `impasumas_nivel_id_foreign` (`nivel_id`);

--
-- Indices de la tabla `migrations`
--
ALTER TABLE `migrations`
  ADD PRIMARY KEY (`id`);

--
-- Indices de la tabla `model_has_permissions`
--
ALTER TABLE `model_has_permissions`
  ADD PRIMARY KEY (`permission_id`,`model_id`,`model_type`),
  ADD KEY `model_has_permissions_model_id_model_type_index` (`model_id`,`model_type`);

--
-- Indices de la tabla `model_has_roles`
--
ALTER TABLE `model_has_roles`
  ADD PRIMARY KEY (`role_id`,`model_id`,`model_type`),
  ADD KEY `model_has_roles_model_id_model_type_index` (`model_id`,`model_type`);

--
-- Indices de la tabla `motiresus`
--
ALTER TABLE `motiresus`
  ADD PRIMARY KEY (`id`),
  ADD KEY `motiresus_actomoti_id_foreign` (`actomoti_id`),
  ADD KEY `motiresus_resultad_id_foreign` (`resultad_id`);

--
-- Indices de la tabla `motivos`
--
ALTER TABLE `motivos`
  ADD PRIMARY KEY (`id`);

--
-- Indices de la tabla `nivels`
--
ALTER TABLE `nivels`
  ADD PRIMARY KEY (`id`);

--
-- Indices de la tabla `observacs`
--
ALTER TABLE `observacs`
  ADD PRIMARY KEY (`id`);

--
-- Indices de la tabla `password_resets`
--
ALTER TABLE `password_resets`
  ADD KEY `password_resets_email_index` (`email`);

--
-- Indices de la tabla `permissions`
--
ALTER TABLE `permissions`
  ADD PRIMARY KEY (`id`);

--
-- Indices de la tabla `probabils`
--
ALTER TABLE `probabils`
  ADD PRIMARY KEY (`id`),
  ADD KEY `probabils_nivel_id_foreign` (`nivel_id`),
  ADD KEY `probabils_tipoprob_id_foreign` (`tipoprob_id`);

--
-- Indices de la tabla `probimpas`
--
ALTER TABLE `probimpas`
  ADD PRIMARY KEY (`id`),
  ADD KEY `probimpas_probabil_id_foreign` (`probabil_id`);

--
-- Indices de la tabla `resuimpas`
--
ALTER TABLE `resuimpas`
  ADD PRIMARY KEY (`id`),
  ADD KEY `resuimpas_motiresu_id_foreign` (`motiresu_id`),
  ADD KEY `resuimpas_impanive_id_foreign` (`impanive_id`);

--
-- Indices de la tabla `resultads`
--
ALTER TABLE `resultads`
  ADD PRIMARY KEY (`id`);

--
-- Indices de la tabla `roles`
--
ALTER TABLE `roles`
  ADD PRIMARY KEY (`id`);

--
-- Indices de la tabla `role_has_permissions`
--
ALTER TABLE `role_has_permissions`
  ADD PRIMARY KEY (`permission_id`,`role_id`),
  ADD KEY `role_has_permissions_role_id_foreign` (`role_id`);

--
-- Indices de la tabla `tconsecus`
--
ALTER TABLE `tconsecus`
  ADD PRIMARY KEY (`id`);

--
-- Indices de la tabla `tipoprobs`
--
ALTER TABLE `tipoprobs`
  ADD PRIMARY KEY (`id`);

--
-- Indices de la tabla `users`
--
ALTER TABLE `users`
  ADD PRIMARY KEY (`id`),
  ADD UNIQUE KEY `users_email_unique` (`email`);

--
-- Indices de la tabla `vulnactos`
--
ALTER TABLE `vulnactos`
  ADD PRIMARY KEY (`id`),
  ADD KEY `vulnactos_actor_id_foreign` (`actor_id`),
  ADD KEY `vulnactos_vulnerab_id_foreign` (`vulnerab_id`);

--
-- Indices de la tabla `vulnerabs`
--
ALTER TABLE `vulnerabs`
  ADD PRIMARY KEY (`id`),
  ADD KEY `vulnerabs_activo_id_foreign` (`activo_id`);

--
-- AUTO_INCREMENT de las tablas volcadas
--

--
-- AUTO_INCREMENT de la tabla `acceactos`
--
ALTER TABLE `acceactos`
  MODIFY `id` bigint(20) UNSIGNED NOT NULL AUTO_INCREMENT, AUTO_INCREMENT=104;

--
-- AUTO_INCREMENT de la tabla `accesos`
--
ALTER TABLE `accesos`
  MODIFY `id` bigint(20) UNSIGNED NOT NULL AUTO_INCREMENT, AUTO_INCREMENT=6;

--
-- AUTO_INCREMENT de la tabla `actiacces`
--
ALTER TABLE `actiacces`
  MODIFY `id` bigint(20) UNSIGNED NOT NULL AUTO_INCREMENT, AUTO_INCREMENT=25;

--
-- AUTO_INCREMENT de la tabla `activos`
--
ALTER TABLE `activos`
  MODIFY `id` bigint(20) UNSIGNED NOT NULL AUTO_INCREMENT, AUTO_INCREMENT=6;

--
-- AUTO_INCREMENT de la tabla `actoherrs`
--
ALTER TABLE `actoherrs`
  MODIFY `id` bigint(20) UNSIGNED NOT NULL AUTO_INCREMENT, AUTO_INCREMENT=201;

--
-- AUTO_INCREMENT de la tabla `actomotis`
--
ALTER TABLE `actomotis`
  MODIFY `id` bigint(20) UNSIGNED NOT NULL AUTO_INCREMENT, AUTO_INCREMENT=160;

--
-- AUTO_INCREMENT de la tabla `actors`
--
ALTER TABLE `actors`
  MODIFY `id` bigint(20) UNSIGNED NOT NULL AUTO_INCREMENT, AUTO_INCREMENT=13;

--
-- AUTO_INCREMENT de la tabla `consecues`
--
ALTER TABLE `consecues`
  MODIFY `id` bigint(20) UNSIGNED NOT NULL AUTO_INCREMENT, AUTO_INCREMENT=31;

--
-- AUTO_INCREMENT de la tabla `consprobs`
--
ALTER TABLE `consprobs`
  MODIFY `id` bigint(20) UNSIGNED NOT NULL AUTO_INCREMENT;

--
-- AUTO_INCREMENT de la tabla `failed_jobs`
--
ALTER TABLE `failed_jobs`
  MODIFY `id` bigint(20) UNSIGNED NOT NULL AUTO_INCREMENT;

--
-- AUTO_INCREMENT de la tabla `herramies`
--
ALTER TABLE `herramies`
  MODIFY `id` bigint(20) UNSIGNED NOT NULL AUTO_INCREMENT, AUTO_INCREMENT=3;

--
-- AUTO_INCREMENT de la tabla `impactos`
--
ALTER TABLE `impactos`
  MODIFY `id` bigint(20) UNSIGNED NOT NULL AUTO_INCREMENT, AUTO_INCREMENT=5;

--
-- AUTO_INCREMENT de la tabla `impanives`
--
ALTER TABLE `impanives`
  MODIFY `id` bigint(20) UNSIGNED NOT NULL AUTO_INCREMENT, AUTO_INCREMENT=13;

--
-- AUTO_INCREMENT de la tabla `impasumas`
--
ALTER TABLE `impasumas`
  MODIFY `id` bigint(20) UNSIGNED NOT NULL AUTO_INCREMENT, AUTO_INCREMENT=801;

--
-- AUTO_INCREMENT de la tabla `migrations`
--
ALTER TABLE `migrations`
  MODIFY `id` int(10) UNSIGNED NOT NULL AUTO_INCREMENT, AUTO_INCREMENT=15;

--
-- AUTO_INCREMENT de la tabla `motiresus`
--
ALTER TABLE `motiresus`
  MODIFY `id` bigint(20) UNSIGNED NOT NULL AUTO_INCREMENT, AUTO_INCREMENT=430;

--
-- AUTO_INCREMENT de la tabla `motivos`
--
ALTER TABLE `motivos`
  MODIFY `id` bigint(20) UNSIGNED NOT NULL AUTO_INCREMENT, AUTO_INCREMENT=4;

--
-- AUTO_INCREMENT de la tabla `nivels`
--
ALTER TABLE `nivels`
  MODIFY `id` bigint(20) UNSIGNED NOT NULL AUTO_INCREMENT, AUTO_INCREMENT=6;

--
-- AUTO_INCREMENT de la tabla `observacs`
--
ALTER TABLE `observacs`
  MODIFY `id` bigint(20) UNSIGNED NOT NULL AUTO_INCREMENT;

--
-- AUTO_INCREMENT de la tabla `permissions`
--
ALTER TABLE `permissions`
  MODIFY `id` bigint(20) UNSIGNED NOT NULL AUTO_INCREMENT, AUTO_INCREMENT=104;

--
-- AUTO_INCREMENT de la tabla `probabils`
--
ALTER TABLE `probabils`
  MODIFY `id` bigint(20) UNSIGNED NOT NULL AUTO_INCREMENT;

--
-- AUTO_INCREMENT de la tabla `probimpas`
--
ALTER TABLE `probimpas`
  MODIFY `id` bigint(20) UNSIGNED NOT NULL AUTO_INCREMENT;

--
-- AUTO_INCREMENT de la tabla `resuimpas`
--
ALTER TABLE `resuimpas`
  MODIFY `id` bigint(20) UNSIGNED NOT NULL AUTO_INCREMENT, AUTO_INCREMENT=3201;

--
-- AUTO_INCREMENT de la tabla `resultads`
--
ALTER TABLE `resultads`
  MODIFY `id` bigint(20) UNSIGNED NOT NULL AUTO_INCREMENT, AUTO_INCREMENT=5;

--
-- AUTO_INCREMENT de la tabla `roles`
--
ALTER TABLE `roles`
  MODIFY `id` bigint(20) UNSIGNED NOT NULL AUTO_INCREMENT, AUTO_INCREMENT=2;

--
-- AUTO_INCREMENT de la tabla `tconsecus`
--
ALTER TABLE `tconsecus`
  MODIFY `id` bigint(20) UNSIGNED NOT NULL AUTO_INCREMENT, AUTO_INCREMENT=6;

--
-- AUTO_INCREMENT de la tabla `tipoprobs`
--
ALTER TABLE `tipoprobs`
  MODIFY `id` bigint(20) UNSIGNED NOT NULL AUTO_INCREMENT, AUTO_INCREMENT=6;

--
-- AUTO_INCREMENT de la tabla `users`
--
ALTER TABLE `users`
  MODIFY `id` bigint(20) UNSIGNED NOT NULL AUTO_INCREMENT, AUTO_INCREMENT=4;

--
-- AUTO_INCREMENT de la tabla `vulnactos`
--
ALTER TABLE `vulnactos`
  MODIFY `id` bigint(20) UNSIGNED NOT NULL AUTO_INCREMENT, AUTO_INCREMENT=76;

--
-- AUTO_INCREMENT de la tabla `vulnerabs`
--
ALTER TABLE `vulnerabs`
  MODIFY `id` bigint(20) UNSIGNED NOT NULL AUTO_INCREMENT, AUTO_INCREMENT=26;
COMMIT;

/*!40101 SET CHARACTER_SET_CLIENT=@OLD_CHARACTER_SET_CLIENT */;
/*!40101 SET CHARACTER_SET_RESULTS=@OLD_CHARACTER_SET_RESULTS */;
/*!40101 SET COLLATION_CONNECTION=@OLD_COLLATION_CONNECTION */;
